location,total_sqft,bath,price,bedroom
Electronic City Phase II,1056.0,2.0,39.07,2
Uttarahalli,1440.0,2.0,62.00000000000001,3
Lingadheeranahalli,1521.0,3.0,95.0,3
Kothanur,1200.0,2.0,51.0,2
Whitefield,1170.0,2.0,37.99999999999999,2
Marathahalli,1310.0,3.0,63.24999999999999,3
Whitefield,1800.0,2.0,70.00000000000003,3
7th Phase JP Nagar,1000.0,2.0,37.99999999999999,2
Gottigere,1100.0,2.0,40.0,2
Sarjapur,2250.0,3.0,147.99999999999994,3
Mysore Road,1175.0,2.0,73.49999999999997,2
Bisuvanahalli,1180.0,3.0,48.00000000000001,3
Raja Rajeshwari Nagar,1540.0,3.0,59.999999999999986,3
other,1100.0,2.0,48.00000000000001,2
Kengeri,600.0,1.0,15.0,1
Binny Pete,1755.0,3.0,122.00000000000003,3
Bellandur,1767.0,3.0,103.00000000000001,3
Thanisandra,510.0,1.0,25.25,1
other,1250.0,3.0,56.00000000000002,3
Electronic City,660.0,1.0,23.099999999999998,2
Whitefield,1610.0,3.0,81.00000000000003,3
Ramagondanahalli,1151.0,2.0,48.769999999999996,2
Electronic City,1025.0,2.0,46.99999999999999,3
Bisuvanahalli,1075.0,2.0,34.99999999999999,3
Hebbal,1760.0,2.0,122.99999999999994,3
Raja Rajeshwari Nagar,1693.0,3.0,57.389999999999986,3
Kasturi Nagar,1925.0,3.0,125.00000000000004,3
Kanakpura Road,700.0,2.0,36.0,2
Electronics City Phase 1,1070.0,2.0,45.5,2
Kundalahalli,1724.0,3.0,125.00000000000004,3
Chikkalasandra,1290.0,2.0,56.11999999999999,3
Uttarahalli,1143.0,2.0,44.99999999999999,2
Murugeshpalya,1296.0,2.0,81.00000000000003,2
Sarjapur  Road,1254.0,3.0,37.99999999999999,3
other,600.0,1.0,37.99999999999999,1
Yelahanka,660.0,1.0,48.00000000000001,1
Kanakpura Road,1330.74,2.0,91.79000000000002,2
Doddathoguru,970.0,2.0,33.0,2
Whitefield,1459.0,2.0,94.82000000000002,2
other,869.0,2.0,36.0,2
other,1270.0,2.0,49.99999999999999,2
Bhoganhalli,1670.0,3.0,98.99999999999999,3
Whitefield,2010.0,3.0,90.99999999999997,3
Lakshminarayana Pura,1185.0,2.0,74.99999999999997,2
Yelahanka,1600.0,2.0,74.99999999999997,3
Begur Road,1200.0,2.0,43.99999999999999,2
other,840.0,2.0,44.99999999999999,2
other,845.0,2.0,55.000000000000014,2
Varthur,1160.0,2.0,43.99999999999999,2
Doddathoguru,1100.0,2.0,62.00000000000001,2
Gunjur,1140.0,2.0,43.0,2
Marathahalli,1220.0,2.0,57.00000000000001,2
Kanakpura Road,1005.0,2.0,36.68,2
Begur Road,1358.0,2.0,80.58,2
Hegde Nagar,1569.0,3.0,101.00000000000003,3
Haralur Road,1240.0,2.0,70.00000000000003,2
Hennur Road,2089.0,3.0,139.99999999999994,3
Kothannur,1206.0,2.0,48.22999999999999,2
Kalena Agrahara,1150.0,2.0,40.0,2
other,1660.0,2.0,104.99999999999997,3
Yelahanka,1326.0,2.0,78.0,2
Garudachar Palya,1325.0,2.0,60.800000000000004,3
EPIP Zone,1499.0,5.0,101.99999999999996,3
Kanakpura Road,1665.0,3.0,88.00000000000003,3
Dasanapura,708.0,2.0,36.99999999999999,2
Kasavanhalli,1060.0,2.0,58.06,2
Sanjay nagar,1000.0,2.0,70.00000000000003,2
Electronic City,1000.0,2.0,28.879999999999995,2
other,1450.0,2.0,70.00000000000003,3
Thanisandra,1296.0,2.0,79.99999999999997,2
Domlur,1540.0,3.0,90.0,3
Sarjapura - Attibele Road,1330.0,2.0,48.00000000000001,3
other,1200.0,2.0,64.99999999999999,2
other,1200.0,3.0,90.0,3
Yeshwanthpur,2502.0,3.0,138.00000000000006,3
Chandapura,650.0,1.0,17.0,2
Kothanur,2400.0,2.0,149.99999999999997,3
other,1007.0,2.0,43.0,2
other,1200.0,2.0,49.99999999999999,2
other,966.0,2.0,49.9,2
Nagarbhavi,1630.0,2.0,98.00000000000004,3
other,782.0,2.0,55.68000000000001,2
Devanahalli,1260.0,2.0,66.78,2
other,1800.0,3.0,119.99999999999997,3
other,1413.0,2.0,74.99999999999997,3
Whitefield,1116.0,2.0,51.910000000000004,2
Electronic City,1530.0,2.0,45.9,3
Sarjapur  Road,2497.0,3.0,139.99999999999994,3
Kengeri,1540.0,2.0,63.99999999999998,3
Thanisandra,1436.0,3.0,74.75000000000001,3
Malleshwaram,1100.0,2.0,74.99999999999997,2
Thanisandra,1427.0,3.0,119.99999999999997,3
Devanahalli,1282.0,2.0,68.52000000000002,3
Kadugodi,1050.0,2.0,34.00000000000001,2
LB Shastri Nagar,1600.0,3.0,64.99999999999999,3
other,945.0,2.0,54.00000000000001,2
Hormavu,1500.0,2.0,78.0,2
other,1870.0,3.0,110.00000000000004,3
Sarjapur,1600.0,3.0,74.99999999999997,3
Electronic City,880.0,1.0,16.5,2
Kudlu Gate,1535.0,3.0,83.00000000000003,3
Kanakpura Road,950.0,2.0,57.00000000000001,2
Devanahalli,1360.0,2.0,64.99999999999999,2
8th Phase JP Nagar,1073.5,2.0,54.004999999999995,2
Bommasandra Industrial Area,1280.0,3.0,50.4,3
other,1260.0,2.0,85.04999999999997,3
Kasavanhalli,1563.05,3.0,104.99999999999997,3
ISRO Layout,1000.0,2.0,59.999999999999986,2
Anandapura,1167.0,2.0,43.75999999999999,2
Kothanur,1828.0,3.0,110.00000000000004,3
Kengeri Satellite Town,890.0,2.0,34.99999999999999,2
other,1612.0,3.0,46.739999999999995,3
Mysore Road,1710.0,4.0,91.30999999999999,3
Kannamangala,957.0,2.0,57.999999999999986,2
Devarachikkanahalli,1250.0,2.0,43.99999999999999,3
Hulimavu,1125.0,2.0,49.99999999999999,2
Electronic City Phase II,1020.0,2.0,30.600000000000005,2
Kalena Agrahara,1200.0,2.0,49.99999999999999,2
Thanisandra,1735.0,3.0,135.00000000000003,3
Thanisandra,2050.0,3.0,144.99999999999997,3
other,1350.0,2.0,48.00000000000001,3
Hosa Road,1063.0,2.0,32.0,2
other,1904.0,3.0,149.99999999999997,3
Sarjapur,1242.5,2.0,43.489999999999995,2
other,1425.0,2.0,74.99999999999997,3
Electronic City,1500.0,2.0,64.49999999999999,3
Electronic City,1060.0,2.0,59.999999999999986,2
other,1470.0,2.0,70.00000000000003,3
Attibele,450.0,1.0,11.000000000000002,1
Electronic City,1152.0,2.0,64.49999999999999,2
Electronic City,1350.0,2.0,56.00000000000002,3
CV Raman Nagar,1550.0,3.0,64.99999999999999,3
other,1500.0,3.0,100.00000000000004,3
Nagavara,400.0,1.0,13.999999999999996,1
Electronic City,770.0,1.0,36.0,2
Hulimavu,1242.0,2.0,51.0,2
Hebbal Kempapura,1700.0,3.0,155.00000000000003,3
Thanisandra,2144.0,3.0,144.99999999999997,3
Vijayanagar,1704.0,3.0,110.00000000000004,3
Electronic City,1070.0,2.0,52.00000000000001,2
other,1340.0,2.0,55.7,2
Electronic City,1025.0,2.0,46.0,2
KR Puram,1277.5,2.0,56.800000000000004,2
Marathahalli,1200.0,2.0,52.00000000000001,2
Kanakpura Road,2250.0,4.0,110.00000000000004,4
Pattandur Agrahara,1550.0,2.0,79.99999999999997,3
Marathahalli,1200.0,2.0,59.999999999999986,2
Yelahanka,1327.0,2.0,98.00000000000004,2
Kothanur,1186.0,2.0,57.999999999999986,2
other,1783.0,3.0,115.00000000000001,3
HSR Layout,1400.0,3.0,56.00000000000002,3
Nagasandra,980.0,2.0,48.00000000000001,2
EPIP Zone,1285.0,2.0,82.00000000000001,2
other,912.0,2.0,70.00000000000003,3
Whitefield,1225.0,2.0,47.60000000000001,2
Whitefield,1075.0,2.0,53.00000000000001,2
Kadugodi,1260.0,2.0,54.00000000000001,3
Yelahanka,1282.0,2.0,48.7,3
Kogilu,1909.0,3.0,88.00000000000003,3
Panathur,1359.0,2.0,87.0,2
other,1207.0,2.0,43.49999999999999,2
Kammasandra,1595.0,3.0,64.99999999999999,3
other,1798.0,3.0,88.99999999999999,3
Electronics City Phase 1,1475.0,3.0,78.28999999999999,3
other,1580.0,3.0,100.00000000000004,3
Dasarahalli,1295.0,2.0,64.99999999999999,2
Electronic City,589.0,1.0,27.0,1
other,1415.0,3.0,78.0,3
Sarjapur  Road,1787.0,3.0,98.29000000000002,3
Sarjapur  Road,1787.0,3.0,125.00000000000004,3
Koramangala,1475.0,2.0,90.0,3
other,2000.0,4.0,75.49999999999999,4
Sarjapur  Road,984.0,2.0,44.279999999999994,2
Devanahalli,1630.0,2.0,74.82000000000001,3
7th Phase JP Nagar,1080.0,2.0,72.0,2
other,1500.0,2.0,115.00000000000001,2
Hebbal,1900.0,3.0,119.00000000000003,3
Dommasandra,805.0,2.0,22.139999999999997,2
Budigere,1153.0,2.0,56.400000000000006,2
other,1148.0,2.0,59.999999999999986,2
other,1110.0,2.0,55.000000000000014,2
Electronic City,1100.0,2.0,42.00000000000001,2
Kalyan nagar,1290.0,2.0,110.00000000000004,2
other,1500.0,2.0,64.99999999999999,3
other,1080.0,2.0,38.99999999999999,2
Vijayanagar,1933.0,3.0,128.99999999999997,3
other,1060.0,2.0,59.999999999999986,2
Chandapura,645.0,1.0,16.450000000000003,1
Chandapura,645.0,1.0,16.450000000000003,1
other,1644.0,3.0,83.99999999999999,3
other,1285.0,2.0,72.49999999999999,2
Electronic City,1200.0,3.0,90.0,3
Electronic City,910.0,2.0,40.0,2
Kothanur,1577.0,3.0,70.00000000000003,3
Chandapura,800.0,1.0,19.999999999999996,2
other,1060.0,2.0,55.000000000000014,2
7th Phase JP Nagar,1270.0,2.0,93.00000000000003,2
other,900.0,2.0,22.499999999999996,2
other,1280.0,2.0,69.00000000000001,2
Horamavu Agara,1200.0,2.0,95.0,4
Sarjapur  Road,1025.0,2.0,36.0,2
Electronic City,1108.0,2.0,62.99999999999999,2
Vijayanagar,1500.0,3.0,75.49999999999999,3
Raja Rajeshwari Nagar,1295.0,2.0,43.9,2
Budigere,1162.0,2.0,59.899999999999984,2
Sarjapur  Road,1035.0,2.0,49.199999999999996,2
Attibele,1600.0,4.0,52.800000000000004,4
other,1464.0,3.0,46.0,3
Hennur Road,1866.0,2.0,61.580000000000005,3
other,700.0,1.0,26.000000000000004,2
Kalena Agrahara,1804.0,3.0,119.99999999999997,3
Sarjapur,913.0,2.0,32.0,2
Talaghattapura,1868.0,3.0,130.99999999999994,3
Kengeri Satellite Town,883.0,2.0,44.99999999999999,2
Kogilu,1664.0,2.0,73.94999999999999,3
Hegde Nagar,2026.0,3.0,131.99999999999997,3
Balagere,1210.0,2.0,80.90000000000002,2
Kadugodi,1762.0,3.0,91.45,3
Jigani,1252.0,3.0,55.000000000000014,3
Gollarapalya Hosahalli,861.0,2.0,34.50000000000001,2
7th Phase JP Nagar,1420.0,2.0,100.00000000000004,3
Electronics City Phase 1,1490.0,3.0,78.8,3
Bisuvanahalli,1075.0,2.0,46.0,3
Old Madras Road,1425.0,2.0,94.0,3
Kalena Agrahara,1200.0,2.0,40.0,2
Kaggadasapura,1280.0,2.0,56.00000000000002,3
other,1084.0,2.0,49.99999999999999,2
Chandapura,1015.0,2.0,25.880000000000003,2
Kanakpura Road,1017.0,2.0,51.25000000000001,2
Haralur Road,1027.0,2.0,43.99999999999999,2
Electronic City Phase II,1069.0,2.0,44.99999999999999,2
Hebbal,1349.0,2.0,98.19999999999996,2
9th Phase JP Nagar,1005.0,2.0,49.99999999999999,2
Jakkur,1417.0,2.0,74.99999999999997,2
TC Palaya,1475.0,3.0,98.00000000000004,3
other,950.0,2.0,46.99999999999999,2
other,2000.0,4.0,119.99999999999997,4
Sarjapur  Road,1863.0,3.0,103.99999999999999,4
Singasandra,1010.0,2.0,29.500000000000004,2
Kalena Agrahara,1425.0,2.0,70.00000000000003,3
Vijayanagar,1450.0,3.0,100.00000000000004,3
Kothanur,1847.0,3.0,104.99999999999997,3
AECS Layout,1100.0,2.0,44.99999999999999,2
Kanakpura Road,525.0,1.0,26.000000000000004,1
Mallasandra,1665.0,3.0,95.0,3
Begur,1664.0,4.0,64.99999999999999,4
JP Nagar,1850.0,3.0,149.99999999999997,3
Panathur,1438.0,2.0,100.00000000000004,2
other,1560.0,3.0,115.00000000000001,3
Yelahanka,1350.0,2.0,55.550000000000004,2
Kanakpura Road,1550.0,3.0,66.99999999999997,3
Malleshpalya,1140.0,2.0,46.49999999999999,2
other,850.0,2.0,27.0,2
Whitefield,1280.0,2.0,74.99999999999997,2
Munnekollal,1170.0,2.0,52.00000000000001,2
other,1113.0,2.0,51.0,2
Hennur Road,1385.0,2.0,83.08999999999999,2
Electronic City,1128.0,2.0,64.99999999999999,2
Haralur Road,1464.0,3.0,56.00000000000002,3
other,1200.0,2.0,55.000000000000014,2
Kaval Byrasandra,1200.0,2.0,52.00000000000001,2
Kaggalipura,1150.0,2.0,55.000000000000014,3
other,1645.0,3.0,95.0,3
Sarjapur  Road,1000.0,2.0,66.99999999999997,2
6th Phase JP Nagar,1192.0,2.0,74.00000000000003,2
Whitefield,1173.0,2.0,57.999999999999986,2
Uttarahalli,1020.0,2.0,44.99999999999999,2
Somasundara Palya,1600.0,3.0,63.99999999999998,3
other,1200.0,2.0,79.0,2
other,1230.0,2.0,48.00000000000001,2
Devarachikkanahalli,1250.0,2.0,40.0,2
Kalena Agrahara,1325.0,2.0,76.0,2
7th Phase JP Nagar,1850.0,3.0,149.99999999999997,3
Kanakpura Road,525.0,2.0,21.53,1
Basaveshwara Nagar,1200.0,2.0,64.99999999999999,2
Bommasandra,1260.0,3.0,49.36000000000001,3
other,1800.0,3.0,149.99999999999997,3
Ardendale,1100.0,2.0,43.25000000000001,2
Harlur,1508.0,2.0,77.00000000000001,2
other,1592.0,3.0,74.99999999999997,3
Akshaya Nagar,1388.0,2.0,57.00000000000001,2
Electronic City Phase II,630.0,1.0,28.350000000000005,1
other,1762.0,3.0,125.00000000000004,3
other,950.0,2.0,49.99999999999999,2
Magadi Road,1116.0,2.0,49.99999999999999,2
Narayanapura,1308.0,2.0,89.03999999999999,2
other,1200.0,3.0,90.0,3
Bannerghatta Road,500.0,1.0,18.499999999999996,1
Hennur,1075.0,2.0,52.00000000000001,2
Chandapura,530.0,1.0,11.659999999999998,1
Bellandur,1205.0,2.0,65.99999999999997,2
5th Phase JP Nagar,1075.0,2.0,59.999999999999986,2
KR Puram,930.0,2.0,38.99999999999999,2
Balagere,1380.0,2.0,59.999999999999986,2
Kodigehaali,1166.0,2.0,55.000000000000014,2
Bannerghatta Road,1050.0,2.0,64.99999999999999,2
Begur Road,1200.0,2.0,46.800000000000004,2
Lakshminarayana Pura,1600.0,2.0,108.00000000000003,3
Billekahalli,1935.0,3.0,110.00000000000004,3
8th Phase JP Nagar,451.0,1.0,29.89999999999999,1
Electronic City,1800.0,3.0,95.0,3
Jalahalli,1400.0,3.0,77.00000000000001,3
Hegde Nagar,1801.0,3.0,115.00000000000001,3
Mahadevpura,1451.0,2.0,90.0,2
Anekal,1200.0,1.0,36.0,2
Begur Road,1160.0,2.0,43.99999999999999,2
Kengeri,1000.0,2.0,24.999999999999996,2
Kanakpura Road,950.0,2.0,40.0,2
other,1629.0,3.0,79.0,3
Vijayanagar,1580.0,2.0,133.99999999999997,3
Vijayanagar,1826.0,3.0,121.00000000000003,3
7th Phase JP Nagar,1245.0,2.0,94.0,2
Raja Rajeshwari Nagar,1145.0,2.0,45.79,2
Sompura,825.0,2.0,33.0,2
Yeshwanthpur,1693.0,3.0,108.00000000000003,3
Electronics City Phase 1,1113.27,2.0,53.00000000000001,2
other,1460.0,2.0,57.999999999999986,2
Doddathoguru,1050.0,2.0,32.0,2
Dodda Nekkundi,1260.0,2.0,55.000000000000014,2
Hosur Road,1656.0,2.0,119.99999999999997,2
Chandapura,1208.0,3.0,44.99999999999999,3
Whitefield,1910.0,3.0,161.00000000000003,3
Battarahalli,1200.0,2.0,64.99999999999999,2
7th Phase JP Nagar,1175.0,2.0,82.00000000000001,2
Kengeri,1276.0,1.0,18.499999999999996,1
other,1185.0,2.0,37.99999999999999,2
Kengeri,750.0,2.0,37.99999999999999,2
Kanakpura Road,1550.0,3.0,64.49999999999999,3
other,1760.0,3.0,88.00000000000003,3
Billekahalli,1125.0,2.0,62.00000000000001,2
Anandapura,1000.0,2.0,55.000000000000014,2
Bommasandra Industrial Area,1090.0,2.0,31.480000000000004,2
TC Palaya,1200.0,2.0,59.999999999999986,2
Budigere,1991.0,4.0,103.00000000000001,3
Bommasandra,1060.0,2.0,26.5,2
Ambalipura,1105.0,2.0,74.99999999999997,2
Hoodi,985.0,2.0,66.99999999999997,2
Balagere,1590.0,3.0,79.0,3
CV Raman Nagar,1120.0,2.0,55.000000000000014,2
other,1069.0,2.0,55.000000000000014,2
Marathahalli,1933.0,3.0,139.99999999999994,3
Hosur Road,1194.0,2.0,69.00000000000001,2
Brookefield,1150.0,2.0,69.00000000000001,2
Yelenahalli,1240.0,2.0,47.120000000000005,2
Raja Rajeshwari Nagar,1419.0,2.0,48.10000000000001,2
other,1450.0,3.0,55.000000000000014,3
other,1630.0,3.0,68.29000000000003,3
Dasanapura,708.0,1.0,40.0,2
Bellandur,1250.0,2.0,76.0,2
7th Phase JP Nagar,1400.0,2.0,95.0,3
Sarjapur  Road,1670.0,2.0,57.00000000000001,3
Ardendale,1750.0,3.0,100.00000000000004,3
Vittasandra,1404.0,2.0,71.0,2
Hoodi,1715.0,2.0,95.0,3
Electronic City,630.0,1.0,34.650000000000006,1
Harlur,1752.12,3.0,135.00000000000003,3
Hulimavu,1650.0,3.0,78.0,3
Raja Rajeshwari Nagar,1295.0,2.0,55.46999999999999,2
Sarjapur  Road,1346.0,2.0,74.02999999999999,2
Hormavu,1150.0,2.0,55.000000000000014,2
Chandapura,1190.0,2.0,30.35000000000001,3
AECS Layout,1620.0,3.0,98.00000000000004,3
Marathahalli,950.0,2.0,46.96000000000001,2
Harlur,2450.0,3.0,119.99999999999997,3
Electronic City Phase II,1220.0,2.0,35.22999999999999,3
other,850.0,2.0,30.000000000000004,2
Padmanabhanagar,1020.0,2.0,62.99999999999999,2
Chikkalasandra,1100.0,2.0,49.99999999999999,2
Hebbal,1760.0,2.0,129.99999999999997,3
Ambalipura,1800.0,3.0,110.00000000000004,3
Akshaya Nagar,1070.0,2.0,54.00000000000001,2
Vidyaranyapura,1440.0,2.0,95.0,2
Amruthahalli,900.0,2.0,40.0,2
Whitefield,1130.0,2.0,42.16,2
Kodigehalli,1270.0,2.0,98.00000000000004,2
other,1200.0,2.0,62.00000000000001,2
other,1200.0,2.0,74.00000000000003,2
Subramanyapura,929.0,2.0,50.17,2
other,1464.0,3.0,56.00000000000002,3
other,2000.0,4.0,98.99999999999999,4
Chikkalasandra,1208.0,2.0,48.99999999999999,2
Hebbal Kempapura,1130.0,2.0,59.999999999999986,2
other,1753.0,3.0,119.99999999999997,3
Hoodi,1196.0,2.0,94.41999999999997,2
5th Phase JP Nagar,1150.0,3.0,52.5,2
Electronic City,1128.0,2.0,62.99999999999999,2
other,1000.0,2.0,53.00000000000001,2
Yelahanka,1035.0,2.0,44.99999999999999,2
Kereguddadahalli,950.0,2.0,32.0,2
Bisuvanahalli,1075.0,2.0,36.0,3
Whitefield,1040.0,2.0,48.49999999999999,2
other,720.0,2.0,44.99999999999999,2
Lingadheeranahalli,1511.0,3.0,95.0,3
other,1300.0,3.0,57.999999999999986,3
Hoodi,1545.0,3.0,68.75000000000001,3
Shampura,375.0,2.0,26.000000000000004,1
Vidyaranyapura,1062.0,2.0,37.99999999999999,2
other,1115.0,2.0,40.0,2
JP Nagar,1000.0,2.0,34.99999999999999,2
Kambipura,883.0,2.0,44.99999999999999,2
Sarjapur  Road,1195.0,2.0,70.00000000000003,2
other,700.0,1.0,41.00000000000001,1
Vittasandra,1246.0,2.0,66.99999999999997,2
other,1600.0,4.0,79.99999999999997,4
Begur Road,1584.0,3.0,64.99999999999999,3
Hosur Road,1175.0,2.0,48.00000000000001,3
other,1595.0,3.0,115.00000000000001,3
other,1353.0,2.0,110.00000000000004,2
Electronic City,1599.0,3.0,125.00000000000004,3
Whitefield,1150.0,2.0,70.00000000000003,2
KR Puram,1155.0,2.0,42.74000000000001,2
other,1200.0,2.0,85.00000000000001,1
Electronic City Phase II,1000.0,2.0,24.999999999999996,2
Rajiv Nagar,1867.0,3.0,159.99999999999994,3
Ramagondanahalli,1251.0,2.0,46.99999999999999,2
other,1028.0,2.0,45.5,2
Arekere,1222.0,2.0,44.99999999999999,2
Bannerghatta Road,1170.0,2.0,65.99999999999997,3
other,1385.0,2.0,48.480000000000004,3
HSR Layout,1372.0,2.0,68.00000000000001,2
Magadi Road,1282.0,2.0,48.99999999999999,3
Kanakpura Road,1135.0,2.0,39.73,2
Whitefield,1768.0,3.0,101.00000000000003,3
other,1325.0,2.0,90.0,3
Electronic City,1599.0,3.0,98.99999999999999,3
Whitefield,1500.0,3.0,61.950000000000024,3
Uttarahalli,1286.0,2.0,62.99999999999999,2
other,1600.0,2.0,49.99999999999999,3
Hennur Road,1317.5,2.0,63.77000000000003,2
Munnekollal,1102.0,2.0,53.669999999999995,2
Yelahanka,1350.0,2.0,54.00000000000001,2
Banashankari,1200.0,2.0,42.00000000000001,3
other,1800.0,1.0,79.99999999999997,2
Chikkabanavar,950.0,2.0,40.0,2
Kanakpura Road,525.0,1.0,27.25,1
Attibele,656.0,2.0,24.999999999999996,2
other,1056.0,2.0,79.99999999999997,2
Bannerghatta Road,595.0,1.0,33.32000000000001,1
other,1080.0,2.0,49.99999999999999,2
7th Phase JP Nagar,2225.0,3.0,159.99999999999994,3
Bommasandra,1126.0,2.0,28.15,2
Electronics City Phase 1,1490.0,3.0,83.99999999999999,3
Sarjapur  Road,1550.0,3.0,100.00000000000004,3
other,1600.0,3.0,85.99999999999997,3
other,1160.0,2.0,55.000000000000014,2
Sarjapur  Road,2100.0,3.0,125.00000000000004,3
Vittasandra,1404.0,2.0,69.29999999999998,2
other,1544.0,3.0,119.99999999999997,3
Banashankari Stage III,1305.0,2.0,58.7,3
Marathahalli,1230.0,2.0,79.99999999999997,2
other,1200.0,2.0,64.99999999999999,2
Harlur,1460.0,3.0,72.99999999999999,3
Sarjapur  Road,1800.0,2.0,34.184999999999995,2
Gottigere,967.0,2.0,44.99999999999999,2
other,540.0,1.0,36.0,1
Hormavu,715.0,1.0,46.0,1
Mysore Road,1020.0,2.0,48.95,2
Jigani,1020.0,2.0,40.0,2
Koramangala,1253.0,2.0,101.99999999999996,2
other,1180.0,2.0,42.00000000000001,2
Nehru Nagar,961.0,2.0,37.99999999999999,2
Kanakapura,1419.0,3.0,74.99999999999997,3
Harlur,1709.0,3.0,149.99999999999997,3
other,1600.0,2.0,115.00000000000001,2
other,416.0,1.0,18.499999999999996,1
Sanjay nagar,1100.0,2.0,98.00000000000004,2
HSR Layout,1430.0,2.0,64.99999999999999,3
other,1260.0,2.0,44.99999999999999,2
other,1630.0,3.0,85.00000000000001,3
Sarjapur  Road,1249.0,3.0,44.709999999999994,3
Kalena Agrahara,1450.0,2.0,85.00000000000001,3
other,834.0,1.0,59.999999999999986,1
other,1125.0,4.0,70.00000000000003,3
Arekere,2060.0,3.0,139.99999999999994,3
Gottigere,891.0,2.0,24.999999999999996,2
Raja Rajeshwari Nagar,1133.0,2.0,49.07000000000001,2
Bisuvanahalli,1075.0,2.0,36.99999999999999,3
Vidyaranyapura,1200.0,2.0,55.000000000000014,2
Thanisandra,1075.0,2.0,45.79999999999999,2
Kaggadasapura,1140.0,2.0,40.0,2
Raja Rajeshwari Nagar,1090.0,2.0,42.00000000000001,2
R.T. Nagar,1500.0,4.0,70.00000000000003,4
Whitefield,1790.0,3.0,100.00000000000004,3
Hebbal,1920.0,3.0,133.99999999999997,3
HRBR Layout,1374.0,2.0,95.0,2
Bannerghatta Road,1445.0,3.0,95.0,3
Kanakapura,711.0,1.0,36.0,1
Tumkur Road,1500.0,3.0,95.0,3
Whitefield,1720.0,3.0,100.00000000000004,3
Vasanthapura,1400.0,3.0,59.999999999999986,3
Kundalahalli,1030.0,2.0,48.99999999999999,2
Mysore Road,1200.0,2.0,85.00000000000001,2
other,1375.0,3.0,70.00000000000003,3
Hegde Nagar,1050.0,1.0,56.00000000000002,2
Jalahalli,2250.0,3.0,159.99999999999994,3
Bellandur,1000.0,2.0,49.99999999999999,2
other,469.0,1.0,24.999999999999996,1
Kambipura,883.0,2.0,29.000000000000004,2
GM Palaya,1820.0,2.0,85.99999999999997,3
Singasandra,1440.0,2.0,64.99999999999999,3
Mahadevpura,1225.0,2.0,48.00000000000001,2
Chikkalasandra,875.0,2.0,52.800000000000004,2
Jalahalli East,750.0,1.0,40.0,1
6th Phase JP Nagar,1180.0,2.0,79.99999999999997,2
Haralur Road,1194.0,2.0,46.99999999999999,2
Hennur Road,1500.0,2.0,62.00000000000001,3
other,1160.0,2.0,52.20000000000001,2
Sarjapur,1128.0,2.0,59.999999999999986,2
other,1220.0,2.0,35.22999999999999,3
Sarjapur  Road,1210.0,2.0,57.999999999999986,2
Kanakpura Road,1100.0,2.0,57.999999999999986,3
Bommasandra,1200.0,3.0,46.0,3
other,1641.0,3.0,65.99999999999997,3
Horamavu Agara,1200.0,2.0,44.99999999999999,2
Raja Rajeshwari Nagar,1260.0,2.0,67.39,2
Mahadevpura,1720.0,3.0,78.0,3
Yelahanka,1132.5,2.0,48.13,2
Yelahanka,1210.0,2.0,45.980000000000004,2
Bisuvanahalli,1075.0,2.0,44.99999999999999,3
Thanisandra,1702.0,3.0,129.99999999999997,3
Raja Rajeshwari Nagar,1141.0,2.0,38.55,2
other,2072.0,3.0,108.00000000000003,3
other,1200.0,2.0,70.00000000000003,3
other,1350.0,3.0,77.00000000000001,3
other,1180.0,2.0,78.33999999999997,3
other,1355.0,2.0,115.00000000000001,2
other,600.0,1.0,49.99999999999999,1
Bannerghatta Road,1640.0,2.0,119.99999999999997,3
Kodichikkanahalli,1190.0,2.0,57.00000000000001,3
Marathahalli,1019.0,2.0,49.85,2
other,1875.0,3.0,164.99999999999994,3
Akshaya Nagar,1250.0,3.0,40.0,3
Whitefield,1140.0,2.0,56.00000000000002,2
Lingadheeranahalli,1683.0,3.0,108.99999999999997,3
Kaggadasapura,1515.0,3.0,83.30000000000001,3
Hoodi,2118.0,4.0,110.99999999999997,4
Bannerghatta Road,1380.0,3.0,57.999999999999986,4
Varthur Road,1083.0,2.0,61.75000000000001,2
other,600.0,2.0,55.000000000000014,2
other,2300.0,3.0,119.99999999999997,3
other,1240.0,2.0,59.999999999999986,2
other,1750.0,3.0,119.99999999999997,3
other,1230.0,2.0,43.48,2
Anjanapura,1500.0,3.0,138.99999999999997,3
Abbigere,985.0,2.0,40.39,2
Tindlu,1500.0,2.0,87.0,3
Electronic City,1125.0,2.0,32.49000000000001,2
other,950.0,2.0,43.99999999999999,2
Kothanur,1580.0,3.0,76.0,3
other,1092.0,2.0,98.49999999999999,3
Electronic City Phase II,1090.0,2.0,28.339999999999996,2
Hennur Road,2264.0,3.0,159.0,3
Dommasandra,1033.0,2.0,25.530000000000005,3
Kammasandra,810.0,2.0,24.500000000000004,2
other,1045.0,2.0,44.99999999999999,2
Hebbal,1337.0,2.0,82.00000000000001,2
Chandapura,1200.0,2.0,32.0,2
Begur Road,1500.0,2.0,54.00000000000001,3
Whitefield,1640.0,4.0,90.99999999999997,3
other,1570.0,3.0,62.00000000000001,3
Gubbalala,1470.0,2.0,82.00000000000001,3
Kengeri,1160.0,2.0,40.61000000000001,2
7th Phase JP Nagar,1050.0,2.0,71.0,2
Bannerghatta Road,1460.0,2.0,90.0,3
Hulimavu,1823.0,3.0,100.00000000000004,3
Electronic City,1094.0,2.0,42.00000000000001,2
Budigere,1153.0,2.0,57.00000000000001,2
other,1325.0,3.0,57.00000000000001,3
Parappana Agrahara,1200.0,3.0,85.00000000000001,4
Jakkur,1590.0,2.0,125.00000000000004,3
other,1202.0,2.0,48.00000000000001,2
Haralur Road,1202.0,2.0,53.00000000000001,2
other,1200.0,2.0,62.50000000000002,2
Panathur,1688.0,3.0,118.00000000000004,3
Kaval Byrasandra,1020.0,2.0,52.00000000000001,2
Sarjapur,1185.0,2.0,46.99999999999999,2
Ramagondanahalli,1235.0,2.0,52.03999999999999,2
Banashankari,1077.0,2.0,37.63999999999999,2
Kengeri Satellite Town,1415.0,2.0,65.99999999999997,3
EPIP Zone,2330.0,3.0,161.99999999999994,3
Whitefield,805.0,2.0,34.99999999999999,2
other,425.0,1.0,20.03,1
Whitefield,1155.0,2.0,59.950000000000024,2
Anekal,656.0,2.0,22.000000000000004,2
other,1100.0,2.0,48.00000000000001,2
Mahadevpura,1150.0,2.0,52.00000000000001,2
Whitefield,2280.0,4.0,126.0,3
Hegde Nagar,1341.0,2.0,97.0,2
Jakkur,1279.0,2.0,77.00000000000001,2
Electronic City Phase II,2225.0,4.0,98.87999999999995,4
Thanisandra,1185.0,2.0,43.510000000000005,2
other,1750.0,3.0,85.00000000000001,3
Kudlu,1152.0,2.0,53.5,2
Hulimavu,1300.0,2.0,36.0,2
5th Phase JP Nagar,1070.0,2.0,38.99999999999999,2
Uttarahalli,1101.0,2.0,44.99999999999999,2
other,775.0,2.0,55.000000000000014,2
Yeshwanthpur,667.0,1.0,36.849999999999994,1
Electronic City,1070.0,2.0,55.000000000000014,2
Old Airport Road,1875.0,2.0,110.00000000000004,3
Kundalahalli,735.0,2.0,57.989999999999995,2
Koramangala,1750.0,3.0,129.99999999999997,3
Marathahalli,1215.0,2.0,66.99999999999997,2
Vishwapriya Layout,820.0,2.0,30.000000000000004,2
Banashankari Stage VI,1177.5,2.0,59.935000000000024,2
Battarahalli,1779.0,3.0,89.60999999999997,3
other,1105.0,2.0,57.999999999999986,2
other,1276.0,2.0,93.00000000000003,1
Whitefield,1650.0,3.0,59.999999999999986,3
Jalahalli,1694.0,2.0,149.99999999999997,2
Cox Town,1975.0,3.0,149.99999999999997,3
Kammasandra,674.0,2.0,33.0,2
Kaggadasapura,1185.0,2.0,41.00000000000001,2
Thanisandra,445.0,1.0,27.999999999999996,1
HSR Layout,1475.0,3.0,74.99999999999997,3
Gottigere,1618.0,3.0,82.49999999999997,3
Koramangala,1120.0,2.0,64.99999999999999,2
Marathahalli,2181.0,3.0,152.0,4
Vidyaranyapura,1200.0,4.0,90.0,4
Bannerghatta Road,1556.0,2.0,59.12999999999999,3
Bannerghatta Road,1179.0,2.0,66.02,2
Thanisandra,1296.0,2.0,83.00000000000003,2
Kaggadasapura,1275.0,2.0,52.00000000000001,2
Kathriguppe,1400.0,2.0,77.00000000000001,3
Gottigere,1222.0,2.0,62.99999999999999,2
Electronic City,940.0,2.0,41.00000000000001,2
Thanisandra,1185.0,2.0,42.60000000000001,2
Tumkur Road,1779.0,3.0,111.99999999999996,3
Begur Road,1615.0,3.0,59.75999999999999,3
Haralur Road,1056.0,2.0,61.00000000000001,2
7th Phase JP Nagar,1100.0,2.0,46.0,2
Arekere,920.0,2.0,40.0,2
other,1602.0,2.0,74.99999999999997,3
Padmanabhanagar,1176.0,2.0,62.00000000000001,2
Kasavanhalli,1717.0,3.0,98.99999999999999,3
Bhoganhalli,2119.0,4.0,110.99999999999997,4
Vittasandra,1246.0,2.0,67.29999999999998,2
Anandapura,1141.0,2.0,42.790000000000006,2
Hennur Road,1157.0,2.0,83.99999999999999,2
Chandapura,1025.0,2.0,27.679999999999996,2
Yelahanka New Town,650.0,1.0,33.0,1
Hebbal,1349.0,2.0,98.00000000000004,2
Narayanapura,1566.0,3.0,83.30000000000001,3
Electronic City,1320.0,2.0,38.13,3
other,1780.0,3.0,84.82999999999998,3
Varthur,1091.0,2.0,34.900000000000006,2
7th Phase JP Nagar,918.0,2.0,50.48999999999999,2
Yeshwanthpur,1950.0,4.0,129.99999999999997,4
Panathur,1695.0,3.0,90.0,3
Yelahanka,1705.0,3.0,95.0,3
Kalyan nagar,1375.0,3.0,74.99999999999997,3
Kanakpura Road,525.0,1.0,30.000000000000004,1
Whitefield,1447.0,2.0,83.00000000000003,2
Thanisandra,1114.0,2.0,38.99999999999999,2
7th Phase JP Nagar,1450.0,2.0,100.00000000000004,3
Vasanthapura,1022.0,2.0,40.0,2
Hebbal,1000.0,2.0,44.99999999999999,2
Electronic City,1128.0,2.0,68.75000000000001,2
Kanakpura Road,1180.0,2.0,57.00000000000001,2
Kanakpura Road,1339.0,2.0,74.99999999999997,2
Yelachenahalli,1400.0,2.0,55.000000000000014,3
7th Phase JP Nagar,1040.0,2.0,39.52,2
Kadugodi,1198.0,2.0,57.999999999999986,2
other,1200.0,3.0,95.0,4
Sarjapur  Road,1691.0,3.0,113.00000000000003,3
Bisuvanahalli,1075.0,3.0,36.0,3
8th Phase JP Nagar,1240.0,3.0,43.49999999999999,3
Bannerghatta Road,1122.5,2.0,58.93500000000001,2
Mallasandra,1665.0,3.0,86.58000000000001,3
Marathahalli,2489.0,3.0,94.0,3
Brookefield,1142.0,2.0,70.00000000000003,2
Kothannur,1853.0,3.0,82.00000000000001,3
Kasturi Nagar,1567.0,2.0,92.00000000000001,2
Talaghattapura,1090.0,2.0,27.239999999999995,2
Electronics City Phase 1,1175.0,2.0,51.47,2
Subramanyapura,1200.0,2.0,52.00000000000001,2
Kodichikkanahalli,995.0,2.0,41.00000000000001,2
Magadi Road,884.0,2.0,41.10000000000001,2
Yeshwanthpur,1170.0,2.0,57.00000000000001,2
KR Puram,1225.0,2.0,46.54999999999999,2
Electronic City,1342.0,2.0,73.29999999999997,2
Uttarahalli,1345.0,2.0,66.99999999999997,2
Kodigehaali,1320.0,3.0,64.99999999999999,3
other,1276.0,2.0,44.99999999999999,2
Raja Rajeshwari Nagar,1140.0,2.0,49.39,2
Battarahalli,1300.0,2.0,49.99999999999999,2
Hosa Road,1652.0,3.0,85.00000000000001,3
Thigalarapalya,2072.0,4.0,142.00000000000003,3
Arekere,1740.0,2.0,95.0,3
Electronic City,1360.0,2.0,71.0,3
Hosur Road,1145.0,2.0,59.999999999999986,3
Uttarahalli,1540.0,2.0,40.0,3
Sarjapur  Road,1278.0,2.0,95.0,2
Electronic City Phase II,630.0,1.0,40.0,1
Kanakpura Road,1100.0,3.0,57.999999999999986,3
other,1200.0,3.0,95.0,3
other,2500.0,6.0,115.00000000000001,7
Chandapura,582.5,1.0,15.134999999999996,1
Chandapura,1015.0,2.0,25.880000000000003,2
Gunjur,1356.0,2.0,65.99999999999997,3
other,823.0,2.0,27.999999999999996,2
TC Palaya,1200.0,2.0,65.99999999999997,3
Ramamurthy Nagar,1050.0,2.0,36.99999999999999,2
other,1180.0,2.0,69.00000000000001,2
Whitefield,1116.0,2.0,51.910000000000004,2
7th Phase JP Nagar,1070.0,2.0,42.790000000000006,2
Varthur,1385.0,2.0,79.99999999999997,2
Varthur,1000.0,1.0,70.00000000000003,1
Whitefield,1897.0,3.0,129.99999999999997,3
Magadi Road,1005.0,2.0,55.77999999999998,2
Green Glen Layout,1575.0,3.0,125.00000000000004,3
Subramanyapura,975.0,2.0,64.99999999999999,2
Hennur Road,1904.0,3.0,119.99999999999997,3
Kengeri Satellite Town,930.0,1.0,30.000000000000004,1
Kanakpura Road,525.0,1.0,26.000000000000004,1
other,686.0,1.0,17.0,1
Electronic City Phase II,2400.0,3.0,149.99999999999997,2
Sarjapur  Road,2238.0,3.0,139.99999999999994,3
Harlur,1174.0,2.0,69.00000000000001,2
Whitefield,2225.0,2.0,125.00000000000004,3
Jigani,918.0,2.0,52.00000000000001,2
Mahadevpura,1250.0,2.0,52.00000000000001,2
Sarjapur  Road,1800.0,3.0,110.00000000000004,3
Marathahalli,1170.0,2.0,53.00000000000001,2
Bannerghatta Road,793.0,2.0,44.99999999999999,2
Jakkur,1710.0,3.0,106.99999999999996,3
Kambipura,1082.0,2.0,57.5,3
other,1001.0,2.0,33.03,2
Yelahanka,1590.0,2.0,54.00000000000001,3
other,2400.0,2.0,79.99999999999997,3
Horamavu Banaswadi,1554.0,3.0,55.000000000000014,3
Thanisandra,1142.5,2.0,43.415000000000006,2
Konanakunte,884.0,1.0,57.999999999999986,2
Marathahalli,1019.0,2.0,49.85999999999999,2
Ambedkar Nagar,1935.0,4.0,129.99999999999997,3
Uttarahalli,1135.0,2.0,39.73,3
Lakshminarayana Pura,1680.0,3.0,149.99999999999997,3
Kasavanhalli,1799.0,3.0,90.0,3
Attibele,400.0,1.0,11.000000000000002,1
Kundalahalli,1047.0,2.0,82.00000000000001,2
other,1282.0,2.0,87.0,2
NGR Layout,1020.0,2.0,45.9,2
Whitefield,1495.0,2.0,79.5,2
other,1611.0,2.0,64.44000000000003,3
other,1500.0,2.0,95.0,3
Sahakara Nagar,1500.0,2.0,95.0,3
Uttarahalli,1540.0,3.0,49.99999999999999,3
Hosa Road,1639.0,3.0,79.99999999999997,3
Raja Rajeshwari Nagar,1303.0,2.0,55.78999999999999,2
Kammasandra,657.5,1.0,18.409999999999997,1
Chandapura,1305.0,3.0,33.279999999999994,3
other,1300.0,1.0,115.00000000000001,2
Brookefield,1440.0,2.0,68.00000000000001,3
Seegehalli,901.0,2.0,35.13999999999999,2
Sarjapur,900.0,2.0,42.00000000000001,3
BEML Layout,1060.0,2.0,55.000000000000014,2
NGR Layout,1020.0,2.0,48.449999999999996,2
Varthur,1535.0,3.0,65.99,3
other,530.0,1.0,19.999999999999996,1
Haralur Road,1464.0,3.0,56.00000000000002,3
other,1350.0,2.0,79.99999999999997,2
Sarjapur  Road,1115.0,2.0,49.99999999999999,2
Uttarahalli,1175.0,2.0,46.99999999999999,2
Whitefield,1113.0,2.0,62.00000000000001,2
Giri Nagar,650.0,2.0,42.00000000000001,2
Marathahalli,1325.0,2.0,71.55000000000003,2
Electronics City Phase 1,950.0,2.0,31.0,2
Jakkur,1396.0,2.0,86.50999999999999,3
Rachenahalli,1050.0,2.0,52.07000000000001,2
Thanisandra,1825.0,3.0,100.00000000000004,3
7th Phase JP Nagar,1190.0,2.0,49.98,2
Marathahalli,1220.0,2.0,56.50000000000001,2
NRI Layout,1565.0,2.0,74.99999999999997,3
Hennur Road,1891.0,3.0,108.99999999999997,3
other,900.0,2.0,27.0,2
Hosa Road,1161.0,2.0,55.150000000000006,2
Sarjapur,649.5,1.0,17.534999999999997,1
other,2400.0,6.0,125.00000000000004,8
Yeshwanthpur,665.0,1.0,36.849999999999994,1
Mysore Road,1175.0,2.0,73.49999999999997,2
Hoodi,1425.0,2.0,79.99999999999997,2
Chikkabanavar,1200.0,1.0,19.999999999999996,1
ITPL,1200.0,3.0,56.11999999999999,3
Somasundara Palya,1255.0,2.0,66.99999999999997,2
Hegde Nagar,2112.95,4.0,144.99999999999997,3
Raja Rajeshwari Nagar,600.0,1.0,22.000000000000004,1
Haralur Road,1810.0,3.0,100.00000000000004,3
Indira Nagar,1200.0,2.0,93.00000000000003,2
Harlur,1033.0,2.0,48.99999999999999,2
ITPL,1548.0,3.0,89.49999999999999,3
Horamavu Banaswadi,1611.0,3.0,65.99999999999997,3
Electronic City Phase II,1400.0,2.0,40.42999999999999,3
Vidyaranyapura,1485.0,2.0,66.99999999999997,3
Margondanahalli,2400.0,2.0,82.00000000000001,2
Pattandur Agrahara,1025.0,2.0,44.50000000000001,2
other,1225.0,2.0,53.00000000000001,2
5th Phase JP Nagar,1256.0,2.0,62.799999999999976,2
Whitefield,2268.0,3.0,163.0,4
Kanakpura Road,1100.0,3.0,53.00000000000001,3
other,1141.0,2.0,62.00000000000001,2
Attibele,400.0,1.0,12.0,1
Chandapura,1400.0,2.0,59.999999999999986,2
other,1276.0,1.0,110.00000000000004,1
other,1175.0,2.0,48.27000000000001,2
Sahakara Nagar,1100.0,2.0,56.00000000000002,2
Kanakpura Road,1843.0,3.0,95.83999999999999,3
Horamavu Banaswadi,1460.0,2.0,80.5,2
Rachenahalli,1530.0,2.0,74.5,3
HSR Layout,1467.0,2.0,55.000000000000014,2
other,950.0,1.0,40.0,1
Vittasandra,1246.0,2.0,64.49999999999999,2
Kanakapura,711.0,1.0,37.99999999999999,1
Haralur Road,1194.0,2.0,46.0,2
Babusapalaya,1358.0,2.0,43.4,3
Hoodi,1420.0,2.0,74.99999999999997,2
Kathriguppe,1250.0,2.0,68.75000000000001,3
Akshaya Nagar,1280.0,2.0,57.999999999999986,2
other,1209.0,2.0,49.99999999999999,2
Panathur,1315.0,2.0,54.800000000000004,3
other,1800.0,3.0,90.0,3
other,1600.0,4.0,125.00000000000004,5
TC Palaya,1600.0,2.0,64.99999999999999,3
other,1563.0,3.0,52.00000000000001,3
Whitefield,1560.0,2.0,72.0,3
Brookefield,2169.0,4.0,115.00000000000001,3
Rachenahalli,1050.0,2.0,55.499999999999986,2
TC Palaya,1200.0,3.0,65.99999999999997,3
HSR Layout,1140.0,2.0,46.0,2
Horamavu Agara,1560.0,3.0,74.99999999999997,3
JP Nagar,1100.0,2.0,70.00000000000003,2
Kasavanhalli,1260.0,2.0,40.32,3
Hebbal,1036.0,2.0,49.99999999999999,2
Akshaya Nagar,1662.0,3.0,85.10000000000001,3
Yelachenahalli,1464.0,2.0,104.99999999999997,3
Yelahanka,1234.0,2.0,79.99999999999997,2
Sarjapur  Road,1403.0,3.0,55.000000000000014,3
Seegehalli,1150.0,2.0,42.89999999999999,3
Kanakapura,929.0,2.0,46.0,2
TC Palaya,1350.0,2.0,74.99999999999997,3
Vasanthapura,1135.0,2.0,39.73,2
other,1405.0,2.0,70.00000000000003,2
Whitefield,1200.0,2.0,45.84000000000001,2
Yeshwanthpur,1161.0,2.0,64.08000000000001,2
Kanakpura Road,1290.0,2.0,74.00000000000003,2
Yeshwanthpur,2557.0,3.0,141.00000000000003,3
other,1480.0,3.0,90.0,3
Old Madras Road,1350.0,3.0,54.54,3
Kadugodi,1580.0,2.0,64.99999999999999,3
Banashankari,1470.0,2.0,88.64,3
Ananth Nagar,500.0,1.0,13.999999999999996,1
Sarjapur  Road,1346.0,2.0,61.92,2
other,1600.0,3.0,90.0,3
other,1276.0,2.0,29.500000000000004,2
other,1200.0,2.0,34.99999999999999,2
Channasandra,1340.0,2.0,48.33,3
Jigani,918.0,2.0,48.00000000000001,2
other,1500.0,3.0,115.00000000000001,3
Yelahanka,1315.0,2.0,85.00000000000001,2
Uttarahalli,1390.0,2.0,62.550000000000004,3
Uttarahalli,1330.0,2.0,56.00000000000002,3
other,1824.0,3.0,125.00000000000004,3
7th Phase JP Nagar,1420.0,2.0,95.99999999999999,3
other,750.0,1.0,56.24999999999999,1
Jalahalli East,1260.0,2.0,59.999999999999986,3
Hennur Road,1561.0,3.0,95.0,3
other,1060.0,2.0,42.00000000000001,2
Haralur Road,1225.0,2.0,67.37999999999998,2
Thanisandra,2144.0,3.0,135.00000000000003,3
Electronic City,880.0,2.0,29.000000000000004,2
Hoodi,1639.0,3.0,110.00000000000004,3
Thanisandra,1240.0,2.0,62.00000000000001,3
Kanakpura Road,1500.0,2.0,69.00000000000001,2
Haralur Road,1243.0,2.0,46.0,2
Marathahalli,1575.0,3.0,78.0,3
Haralur Road,1027.0,2.0,43.99999999999999,2
Kambipura,1082.0,2.0,56.00000000000002,3
Konanakunte,1637.0,3.0,72.99999999999999,3
Kanakpura Road,1665.0,3.0,86.58000000000001,3
Electronic City,1265.0,2.0,56.93,2
Electronic City,1691.0,2.0,101.99999999999996,3
Thanisandra,1100.0,2.0,37.99999999999999,2
other,1500.0,3.0,62.00000000000001,3
Kammanahalli,1666.0,4.0,149.99999999999997,5
Choodasandra,1115.0,2.0,49.99999999999999,2
Mysore Road,1070.0,2.0,44.99999999999999,2
Indira Nagar,1128.0,2.0,104.99999999999997,2
Budigere,1162.0,2.0,57.00000000000001,2
other,1339.0,2.0,55.000000000000014,2
Mahadevpura,1192.0,2.0,74.99999999999997,2
Haralur Road,1920.0,3.0,115.00000000000001,3
Hennur,1255.0,2.0,52.32,2
Rajaji Nagar,1357.0,2.0,115.00000000000001,2
other,1600.0,3.0,74.99999999999997,3
other,1225.0,2.0,55.11000000000002,2
Kasturi Nagar,1570.0,3.0,79.99999999999997,3
Thanisandra,1093.0,2.0,70.00000000000003,2
Basaveshwara Nagar,1865.0,3.0,144.99999999999997,3
Kaikondrahalli,1039.0,2.0,79.99999999999997,2
Vittasandra,1246.0,2.0,64.49999999999999,2
Whitefield,1985.0,3.0,74.99999999999997,3
Hosakerehalli,1590.0,3.0,48.99999999999999,3
Electronic City Phase II,775.0,2.0,37.99999999999999,2
other,1000.0,2.0,49.99999999999999,2
Bommasandra,1035.0,2.0,41.00000000000001,2
Dasarahalli,1520.0,2.0,74.99999999999997,3
Whitefield,1360.0,2.0,95.0,2
Kodigehaali,1117.0,2.0,56.00000000000002,2
EPIP Zone,1330.0,2.0,92.50000000000004,2
Marathahalli,1937.0,3.0,159.99999999999994,3
Electronic City,1128.0,2.0,65.48999999999997,2
Neeladri Nagar,1053.0,2.0,44.99999999999999,2
Panathur,1198.0,2.0,77.00000000000001,2
Marathahalli,1152.0,2.0,56.00000000000002,2
Frazer Town,1625.0,2.0,74.99999999999997,2
Kundalahalli,1397.0,3.0,104.99999999999997,3
Kambipura,883.0,2.0,44.99999999999999,2
Kaggalipura,700.0,1.0,37.99999999999999,1
Yelahanka,1170.0,2.0,62.50000000000002,2
Kanakpura Road,1200.0,2.0,42.00000000000001,3
other,2400.0,3.0,170.00000000000006,3
other,1480.0,2.0,64.99999999999999,2
Akshaya Nagar,1897.0,3.0,119.99999999999997,3
Rachenahalli,996.0,2.0,66.99999999999997,2
Haralur Road,1875.0,3.0,110.00000000000004,3
other,1500.0,2.0,98.00000000000004,3
Yelahanka,1450.0,3.0,65.25500000000001,3
Yelahanka,697.0,1.0,44.99999999999999,1
Sarjapur  Road,710.0,1.0,27.0,1
other,910.0,2.0,30.5,2
Sompura,1025.0,2.0,48.00000000000001,3
Magadi Road,1000.0,2.0,46.49999999999999,2
Horamavu Agara,1453.0,2.0,46.48,3
Thanisandra,971.5,2.0,36.435,2
Bellandur,1281.0,2.0,74.00000000000003,2
Cooke Town,565.0,1.0,34.99999999999999,1
Varthur,1024.0,2.0,42.00000000000001,2
Electronic City,1620.0,3.0,62.00000000000001,3
Whitefield,1254.0,2.0,40.0,2
Banashankari,1300.0,2.0,74.99999999999997,3
Doddakallasandra,1233.0,2.0,43.0,2
other,1200.0,1.0,27.999999999999996,1
Hosur Road,1510.0,2.0,104.99999999999997,3
Kaggalipura,950.0,2.0,64.99999999999999,2
Battarahalli,1945.0,3.0,97.42,3
Uttarahalli,1008.0,2.0,44.99999999999999,2
Thanisandra,1265.0,2.0,79.0,3
Hebbal,1255.0,2.0,77.68,3
Yelenahalli,1200.0,2.0,46.17,2
Sarjapur  Road,1403.0,3.0,51.629999999999995,3
Kudlu Gate,1535.0,3.0,85.00000000000001,3
other,1500.0,3.0,100.00000000000004,3
Chamrajpet,1475.0,2.0,119.99999999999997,3
Uttarahalli,1390.0,2.0,60.47,3
Raja Rajeshwari Nagar,1278.0,2.0,53.75999999999999,3
other,1133.0,2.0,55.000000000000014,2
other,1560.0,5.0,144.99999999999997,5
Kogilu,1170.0,2.0,51.99000000000001,2
Whitefield,1697.0,3.0,94.78999999999996,3
Thanisandra,1651.0,3.0,97.37999999999998,3
Hennur Road,1192.0,2.0,59.999999999999986,3
OMBR Layout,1078.0,2.0,64.99999999999999,2
Kasavanhalli,1349.0,2.0,78.0,2
7th Phase JP Nagar,1680.0,3.0,119.99999999999997,3
Rayasandra,1314.0,2.0,62.99999999999999,3
Garudachar Palya,1060.0,2.0,48.7,2
Kalyan nagar,820.0,2.0,38.99999999999999,2
BEML Layout,2000.0,3.0,85.00000000000001,3
other,856.0,2.0,40.0,2
Rajaji Nagar,1621.0,4.0,129.99999999999997,3
ITPL,1200.0,3.0,68.40000000000002,3
Bannerghatta Road,1484.0,3.0,52.5,3
Yelahanka New Town,500.0,1.0,19.999999999999996,1
other,485.0,1.0,15.0,1
7th Phase JP Nagar,1050.0,2.0,42.00000000000001,2
Uttarahalli,1617.0,3.0,66.67999999999999,3
other,1384.0,3.0,62.27999999999999,3
Devanahalli,1408.0,2.0,85.00000000000001,2
Uttarahalli,1150.0,2.0,48.99999999999999,2
Akshaya Nagar,1410.0,2.0,74.99999999999997,3
Kaggadasapura,2150.0,4.0,100.00000000000004,4
other,1508.0,3.0,70.25000000000003,3
Ramamurthy Nagar,1040.0,2.0,49.99999999999999,2
TC Palaya,1240.0,2.0,59.999999999999986,2
Kudlu Gate,1535.0,3.0,78.0,3
Lakshminarayana Pura,1180.0,2.0,74.99999999999997,2
Abbigere,2200.0,6.0,68.00000000000001,6
Bannerghatta Road,1400.0,2.0,78.0,2
Raja Rajeshwari Nagar,500.0,1.0,24.999999999999996,1
Sarjapur  Road,1984.0,4.0,146.0,3
Garudachar Palya,1960.0,3.0,159.99999999999994,3
Sarjapur  Road,1035.0,2.0,44.99999999999999,2
other,2150.0,4.0,79.99999999999997,4
Whitefield,1700.0,3.0,115.00000000000001,3
Tumkur Road,1586.0,3.0,100.00000000000004,3
Hennur,2264.0,2.0,155.00000000000003,3
Chikka Tirupathi,2325.0,4.0,119.99999999999997,4
Yelahanka,1120.0,2.0,55.000000000000014,2
Yelahanka,1662.0,2.0,67.98000000000002,3
Sarjapur  Road,1128.0,2.0,59.000000000000014,2
Jigani,924.0,2.0,64.99999999999999,2
other,1600.0,3.0,52.00000000000001,3
Pai Layout,1006.0,2.0,34.99999999999999,2
Amruthahalli,1200.0,2.0,55.000000000000014,2
other,1250.0,2.0,62.00000000000001,2
Kannamangala,957.0,2.0,56.00000000000002,2
Whitefield,1140.0,2.0,41.00000000000001,2
other,1050.0,2.0,66.99999999999997,2
Kasturi Nagar,1565.0,3.0,88.49999999999996,3
Whitefield,1190.0,2.0,57.00000000000001,2
Kanakpura Road,1558.67,2.0,64.99999999999999,3
Electronics City Phase 1,630.0,1.0,38.99999999999999,1
Whitefield,1403.0,2.0,60.80999999999998,3
Kanakpura Road,1542.0,2.0,85.00000000000001,3
Kengeri Satellite Town,1635.0,2.0,78.0,3
Mysore Road,1239.0,2.0,53.00000000000001,2
Haralur Road,1194.0,2.0,46.99999999999999,2
other,1596.0,3.0,104.99999999999997,3
Channasandra,1009.0,2.0,38.34000000000001,2
Hosa Road,1726.0,3.0,81.99000000000001,3
Kudlu Gate,1535.0,3.0,85.99999999999997,3
Banashankari Stage V,1300.0,2.0,58.50000000000001,3
other,1800.0,3.0,79.99999999999997,3
Binny Pete,665.0,1.0,50.75000000000001,1
TC Palaya,1500.0,2.0,100.00000000000004,3
other,925.0,2.0,48.00000000000001,2
other,1395.0,2.0,63.59000000000003,2
Sonnenahalli,1415.0,2.0,55.000000000000014,3
Begur,1419.0,2.0,59.000000000000014,3
Kasavanhalli,1121.0,2.0,78.0,2
Kambipura,1082.0,2.0,44.99999999999999,3
KR Puram,1100.0,2.0,46.99999999999999,2
Hoodi,1606.0,3.0,89.55000000000001,3
Billekahalli,1650.0,3.0,88.00000000000003,3
Old Airport Road,1206.0,2.0,74.99999999999997,2
Sarjapur  Road,1495.0,2.0,63.99999999999998,3
Electronic City,710.0,2.0,15.999999999999998,2
Balagere,1210.0,2.0,72.0,2
Nagarbhavi,1523.0,2.0,53.4,3
Whitefield,1232.0,2.0,44.99999999999999,2
Rachenahalli,680.0,1.0,43.99999999999999,1
Hebbal,1355.0,3.0,83.86999999999999,3
Thanisandra,1430.0,2.0,51.46,3
Kothannur,1275.0,2.0,43.85,3
Electronic City,1070.0,2.0,56.100000000000016,2
other,1200.0,3.0,85.00000000000001,3
Electronic City,2000.0,4.0,119.99999999999997,4
Bommanahalli,1200.0,2.0,40.0,2
Marathahalli,1610.0,3.0,90.0,3
Haralur Road,1140.0,2.0,43.0,2
Raja Rajeshwari Nagar,1143.0,2.0,38.650000000000006,2
Rachenahalli,1530.0,2.0,74.40000000000003,3
7th Phase JP Nagar,980.0,2.0,69.00000000000001,2
Whitefield,1485.0,3.0,64.99999999999999,3
Whitefield,1500.0,3.0,129.99999999999997,3
Whitefield,1280.0,2.0,74.99999999999997,2
Thanisandra,1265.0,2.0,85.00000000000001,2
other,1132.0,2.0,66.99999999999997,2
other,1262.0,2.0,62.99999999999999,2
JP Nagar,940.0,2.0,48.99999999999999,2
other,1515.0,3.0,88.00000000000003,3
Kothanur,1840.0,3.0,69.00000000000001,3
Electronic City,890.0,2.0,44.99999999999999,2
other,1655.0,3.0,86.06,3
Hennur Road,2060.0,3.0,149.0,3
Bommanahalli,1730.0,3.0,95.99999999999999,3
Yelahanka,2195.0,4.0,126.99999999999999,3
Kathriguppe,1650.0,3.0,125.00000000000004,3
KR Puram,1200.0,2.0,71.0,2
Hosa Road,1079.0,2.0,32.36999999999999,2
Panathur,1085.0,2.0,36.0,2
Yelahanka,1075.0,2.0,51.5,2
other,1380.0,2.0,79.99999999999997,2
other,1450.0,3.0,64.99999999999999,3
Thubarahalli,1200.0,2.0,78.0,2
Hoodi,1639.0,3.0,98.32000000000004,3
other,1200.0,2.0,54.00000000000001,2
Vijayanagar,1739.0,3.0,115.99999999999999,3
Old Madras Road,935.0,2.0,32.71999999999999,2
Thanisandra,510.0,1.0,25.25,1
other,1178.0,2.0,46.99999999999999,2
Chikkalasandra,1375.0,2.0,49.99999999999999,3
Chandapura,1065.0,2.0,33.0,3
2nd Phase Judicial Layout,1450.0,2.0,50.75000000000001,3
BEML Layout,999.0,2.0,44.99999999999999,2
Kothannur,1100.0,2.0,40.0,2
Koramangala,1835.0,2.0,155.00000000000003,3
Hoodi,2090.0,4.0,95.09999999999998,4
Lingadheeranahalli,1519.0,3.0,93.00000000000003,3
Dommasandra,1267.0,3.0,56.00000000000002,3
Sanjay nagar,1150.0,2.0,72.20000000000003,2
Marathahalli,1146.0,2.0,70.00000000000003,2
Kannamangala,1550.0,3.0,64.99999999999999,3
Chandapura,850.0,1.0,18.499999999999996,2
Electronics City Phase 1,785.0,1.0,55.000000000000014,1
Raja Rajeshwari Nagar,1610.0,3.0,74.00000000000003,3
Bellandur,921.0,2.0,40.0,2
Sarjapur  Road,1700.0,3.0,110.00000000000004,3
Sarjapur,1020.0,2.0,34.99999999999999,2
Billekahalli,1090.0,2.0,52.00000000000001,2
Haralur Road,1027.0,2.0,43.99999999999999,2
Thanisandra,1185.0,2.0,42.099999999999994,2
Doddathoguru,850.0,2.0,24.999999999999996,2
Harlur,1197.0,2.0,83.99999999999999,2
Poorna Pragna Layout,920.0,2.0,39.550000000000004,2
Raja Rajeshwari Nagar,1105.0,2.0,64.99999999999999,2
Yeshwanthpur,1850.0,3.0,100.00000000000004,3
Judicial Layout,1300.0,3.0,63.99999999999998,3
other,1595.0,3.0,76.0,3
Horamavu Agara,755.0,2.0,37.49,2
Kanakpura Road,1300.0,2.0,69.00000000000001,3
Bannerghatta Road,1215.0,2.0,49.99999999999999,2
Kanakpura Road,900.0,2.0,46.0,2
Banashankari Stage III,1145.0,2.0,58.39999999999999,2
other,1093.0,2.0,64.99999999999999,2
Babusapalaya,1213.0,2.0,41.39000000000001,3
Bannerghatta Road,1654.0,3.0,100.00000000000004,3
NGR Layout,1105.0,2.0,52.48,2
Babusapalaya,1611.0,2.0,65.99999999999997,3
other,1367.0,2.0,62.00000000000001,2
Devanahalli,1010.0,2.0,51.0,2
other,1535.0,3.0,95.0,3
Anekal,620.0,2.0,22.000000000000004,2
Horamavu Agara,982.0,2.0,47.64999999999999,2
Banashankari Stage II,1700.0,2.0,149.99999999999997,2
Whitefield,1330.0,2.0,71.0,2
JP Nagar,2500.0,3.0,135.00000000000003,3
Poorna Pragna Layout,1475.0,2.0,58.98999999999999,3
Bhoganhalli,1410.0,3.0,64.99999999999999,3
Yelahanka New Town,440.0,1.0,16.5,1
Yelahanka,1614.0,3.0,95.0,3
Neeladri Nagar,1363.0,2.0,68.00000000000001,2
Kogilu,650.0,2.0,27.999999999999996,2
other,1015.0,2.0,44.99999999999999,2
Horamavu Banaswadi,1156.0,2.0,46.0,2
other,1100.0,2.0,62.7,2
KR Puram,1455.0,3.0,46.0,3
other,930.0,2.0,44.99999999999999,2
other,1650.0,2.0,79.99999999999997,3
KR Puram,1200.0,2.0,90.0,2
Kadugodi,1890.0,4.0,126.99999999999999,3
other,1240.0,2.0,46.0,3
HRBR Layout,1440.0,2.0,98.00000000000004,2
Kodichikkanahalli,650.0,1.0,37.99999999999999,1
Budigere,764.0,1.0,32.0,1
Raja Rajeshwari Nagar,1693.0,3.0,57.389999999999986,3
Hoodi,1445.0,3.0,64.99999999999999,3
Kanakpura Road,900.0,1.0,44.99999999999999,2
Singasandra,1030.0,2.0,55.000000000000014,2
Yelahanka,1381.0,2.0,52.48,3
other,1100.0,2.0,59.999999999999986,2
Hoodi,1575.0,3.0,66.39,3
Thigalarapalya,1200.0,2.0,64.99999999999999,2
Begur Road,1200.0,2.0,43.20000000000001,2
Kasturi Nagar,1080.0,2.0,79.99999999999997,2
Akshaya Nagar,1360.0,2.0,85.00000000000001,3
Jakkur,1865.0,3.0,124.00000000000003,3
Sarjapur  Road,1157.0,2.0,74.99999999999997,3
Kammasandra,674.0,2.0,29.000000000000004,2
Whitefield,1405.0,2.0,78.0,3
Begur Road,1160.0,2.0,44.07999999999999,2
Hebbal,1790.0,3.0,126.99999999999999,3
Electronic City,1128.0,2.0,65.65000000000002,2
Panathur,1180.0,2.0,70.00000000000003,2
other,1450.0,2.0,85.00000000000001,3
Kengeri,340.0,1.0,10.000000000000002,1
other,2000.0,3.0,166.00000000000006,4
Rachenahalli,1050.0,2.0,53.5,2
Varthur,1125.0,2.0,40.0,2
Vittasandra,1246.0,2.0,68.00000000000001,2
HSR Layout,1372.0,2.0,61.00000000000001,2
Uttarahalli,1330.0,2.0,56.00000000000002,3
Dasarahalli,1300.0,2.0,55.000000000000014,2
Channasandra,1065.0,2.0,34.99999999999999,2
other,700.0,2.0,27.0,2
Hebbal,687.325,2.0,42.72,2
other,1050.0,2.0,44.99999999999999,2
other,1250.0,3.0,39.5,3
Electronic City,865.0,2.0,42.00000000000001,2
Uttarahalli,1200.0,2.0,43.99999999999999,2
other,1756.0,3.0,100.00000000000004,3
Yelahanka,628.0,1.0,24.000000000000004,1
5th Phase JP Nagar,1207.0,2.0,62.99999999999999,2
Kalena Agrahara,1765.0,3.0,125.00000000000004,3
Electronic City,1130.0,2.0,32.64,2
other,1532.0,3.0,92.00000000000001,3
other,1650.0,3.0,110.00000000000004,3
Horamavu Banaswadi,1200.0,4.0,104.99999999999997,4
Bhoganhalli,804.1,2.0,69.09,2
Doddathoguru,1200.0,2.0,74.99999999999997,2
Kengeri,1197.0,2.0,49.99999999999999,2
other,1200.0,2.0,65.99999999999997,2
Uttarahalli,1385.0,2.0,48.480000000000004,3
Whitefield,2225.0,3.0,115.00000000000001,3
other,1180.0,2.0,48.00000000000001,2
other,1525.0,2.0,122.00000000000003,3
Ananth Nagar,1100.0,2.0,31.499999999999993,2
other,1435.0,3.0,70.00000000000003,3
Attibele,400.0,1.0,13.999999999999996,1
Dommasandra,1200.0,2.0,49.99999999999999,2
Whitefield,1272.0,2.0,95.05000000000001,2
Whitefield,1205.0,2.0,38.99999999999999,2
Kalena Agrahara,980.0,2.0,40.0,2
Malleshpalya,1225.0,2.0,46.86000000000001,2
Whitefield,1541.0,3.0,72.0,3
Ramagondanahalli,1610.0,2.0,110.99999999999997,3
Jalahalli,1694.0,2.0,125.00000000000004,2
Kaggalipura,950.0,2.0,38.99999999999999,2
other,1560.0,2.0,65.99999999999997,3
Chandapura,1201.0,2.0,27.0,2
Chandapura,1500.0,2.0,59.999999999999986,2
Malleshpalya,1785.0,3.0,74.99999999999997,3
Raja Rajeshwari Nagar,1258.0,2.0,63.52999999999997,2
Electronic City,910.0,2.0,42.00000000000001,2
Thigalarapalya,1297.0,2.0,111.99999999999996,2
Kundalahalli,1291.0,2.0,48.99999999999999,2
other,1070.0,2.0,42.00000000000001,2
Varthur,1012.0,2.0,66.49999999999999,2
Mahadevpura,1260.0,2.0,57.6,2
Sarjapur  Road,1282.0,2.0,72.0,2
Kanakpura Road,1843.0,3.0,92.15000000000003,3
EPIP Zone,1330.0,2.0,86.98000000000003,2
Konanakunte,1400.0,2.0,72.99999999999999,3
Whitefield,1192.0,2.0,71.0,2
Thigalarapalya,1297.0,2.0,103.00000000000001,2
Sarjapur  Road,615.0,1.0,17.835,1
Vijayanagar,1490.0,3.0,100.00000000000004,3
Rayasandra,1373.0,3.0,72.0,3
7th Phase JP Nagar,1035.0,2.0,41.39000000000001,2
Doddakallasandra,1010.0,2.0,40.39,2
Sarjapur,1195.0,2.0,42.00000000000001,2
HSR Layout,1750.0,3.0,95.0,3
Malleshpalya,1052.0,2.0,49.99999999999999,2
Horamavu Banaswadi,1180.0,2.0,57.999999999999986,2
Hormavu,2100.0,3.0,72.99999999999999,3
Raja Rajeshwari Nagar,1128.0,2.0,38.24000000000001,2
JP Nagar,1120.0,2.0,33.60000000000001,2
HSR Layout,2424.0,3.0,90.0,3
other,1300.0,2.0,59.999999999999986,2
Kanakapura,1090.0,2.0,32.69,2
Uttarahalli,1330.0,2.0,46.54999999999999,3
Hosur Road,1427.0,2.0,80.63000000000002,3
Banjara Layout,1294.0,2.0,48.00000000000001,3
Begur,1580.0,3.0,74.99999999999997,3
Chikka Tirupathi,1808.0,4.0,80.27000000000002,3
Parappana Agrahara,1194.0,2.0,46.99999999999999,2
Kanakpura Road,900.0,2.0,46.0,2
other,1310.0,2.0,49.99999999999999,3
Kanakpura Road,900.0,2.0,46.0,2
Yelachenahalli,2400.0,1.0,149.99999999999997,2
Koramangala,1290.0,2.0,100.00000000000004,2
other,1390.0,3.0,119.99999999999997,3
other,1200.0,4.0,72.0,4
Bisuvanahalli,845.0,2.0,33.0,2
Yelahanka,1537.0,3.0,119.99999999999997,3
other,1135.0,2.0,68.00000000000001,2
Hoodi,1512.0,3.0,75.76999999999998,3
other,900.0,2.0,55.000000000000014,2
Jigani,1230.0,3.0,54.00000000000001,3
other,1378.0,2.0,42.32999999999999,3
Whitefield,1277.0,2.0,61.3,2
other,1210.0,2.0,62.00000000000001,2
Yelahanka,890.0,2.0,40.0,2
Sarjapur,1200.0,5.0,110.00000000000004,4
other,1464.0,3.0,56.00000000000002,3
Begur,1550.0,4.0,129.99999999999997,4
Electronic City,975.0,2.0,37.5,2
Rajiv Nagar,1690.0,3.0,125.00000000000004,3
Hosa Road,1063.0,2.0,31.890000000000004,2
other,1600.0,3.0,79.99999999999997,3
other,1250.0,3.0,39.5,3
Bommanahalli,520.0,1.0,19.499999999999996,1
Munnekollal,1390.0,3.0,68.00000000000001,3
Whitefield,1185.0,2.0,40.0,2
Sahakara Nagar,1219.0,2.0,48.00000000000001,2
Kudlu Gate,1564.0,2.0,92.00000000000001,3
Hosa Road,1100.0,2.0,37.1,2
Kothannur,1300.0,2.0,59.999999999999986,3
Chikkabanavar,1600.0,2.0,79.99999999999997,3
Ramamurthy Nagar,1600.0,3.0,74.99999999999997,3
Hennur Road,1482.0,2.0,92.00000000000001,3
Marsur,1000.0,4.0,65.99999999999997,3
Shampura,1200.0,2.0,53.00000000000001,2
Kengeri,1200.0,2.0,57.999999999999986,2
Nagarbhavi,2400.0,3.0,159.99999999999994,3
Marathahalli,1469.0,3.0,88.99999999999999,3
Kanakapura,551.0,1.0,30.000000000000004,1
Electronics City Phase 1,1160.0,2.0,52.00000000000001,2
Balagere,1205.0,2.0,78.50000000000003,2
Kasavanhalli,1550.0,2.0,52.00000000000001,3
Gubbalala,1745.0,3.0,125.00000000000004,3
AECS Layout,1028.0,2.0,42.00000000000001,2
Karuna Nagar,1200.0,2.0,34.00000000000001,3
other,1100.0,2.0,49.99999999999999,2
Ramamurthy Nagar,1200.0,3.0,72.0,2
other,1269.72,2.0,68.00000000000001,2
Electronic City Phase II,1266.0,2.0,59.000000000000014,2
Mysore Road,1060.0,2.0,62.00000000000001,2
other,1168.0,3.0,70.00000000000003,3
other,1552.0,2.0,51.0,2
Talaghattapura,2038.5,3.0,119.99999999999997,3
Attibele,500.0,1.0,17.0,1
Hulimavu,1080.0,2.0,43.20000000000001,2
other,2100.0,4.0,155.00000000000003,4
other,1300.0,2.0,64.99999999999999,2
Electronics City Phase 1,920.0,2.0,33.0,2
Harlur,1310.0,2.0,49.99999999999999,2
Horamavu Agara,1650.0,2.0,74.99999999999997,3
other,1515.0,3.0,93.93,3
Raja Rajeshwari Nagar,1157.0,2.0,53.79999999999999,2
other,2400.0,5.0,85.00000000000001,4
Basavangudi,2200.0,2.0,161.99999999999994,3
other,1243.0,2.0,57.999999999999986,2
Rachenahalli,1530.0,2.0,74.39000000000003,3
Judicial Layout,2070.0,3.0,161.99999999999994,3
Yelahanka,1815.0,3.0,82.00000000000001,3
Electronic City Phase II,1000.0,2.0,28.879999999999995,2
Ananth Nagar,982.0,2.0,24.549999999999997,2
Hennur Road,1232.0,2.0,88.99999999999999,2
Yelahanka,654.0,1.0,38.39999999999999,1
Bannerghatta Road,1181.0,2.0,55.000000000000014,2
Bisuvanahalli,1075.0,2.0,44.99999999999999,3
other,1616.0,3.0,74.99999999999997,3
other,1800.0,6.0,44.50000000000001,5
Whitefield,1306.0,3.0,54.65,3
Whitefield,1626.0,3.0,88.99999999999999,3
Whitefield,1585.0,3.0,88.00000000000003,3
7th Phase JP Nagar,1370.0,2.0,56.169999999999995,2
Kanakpura Road,1495.0,2.0,90.0,2
Bannerghatta,1375.0,3.0,57.00000000000001,3
Kereguddadahalli,1400.0,2.0,48.00000000000001,3
Whitefield,665.0,2.0,28.585000000000004,1
Yelahanka,1150.0,2.0,46.0,2
Hebbal,1080.0,2.0,54.00000000000001,2
Kaikondrahalli,1645.0,3.0,100.00000000000004,3
other,595.0,1.0,42.00000000000001,1
other,1410.0,2.0,66.99999999999997,2
other,1090.0,2.0,31.480000000000004,2
Ramagondanahalli,540.0,1.0,30.000000000000004,1
Sarjapur  Road,1300.0,2.0,59.999999999999986,2
9th Phase JP Nagar,1890.0,2.0,85.00000000000001,3
other,1254.0,2.0,53.00000000000001,2
Ulsoor,1275.0,2.0,119.99999999999997,2
Kathriguppe,1245.0,2.0,68.47999999999998,3
other,1170.0,2.0,85.99999999999997,2
Panathur,1193.0,2.0,85.99999999999997,2
Chandapura,850.0,2.0,25.399999999999995,2
Marathahalli,1678.0,3.0,70.00000000000003,3
Gunjur,1600.0,3.0,74.99999999999997,3
Electronics City Phase 1,1750.0,3.0,83.99999999999999,3
Whitefield,1125.0,2.0,62.00000000000001,2
other,1276.0,3.0,95.0,3
other,1000.0,2.0,49.99999999999999,2
Electronic City Phase II,1320.0,2.0,38.13,3
Ardendale,2422.0,4.0,159.99999999999994,4
Kasavanhalli,1100.0,2.0,49.99999999999999,2
Uttarahalli,882.0,2.0,30.000000000000004,2
Bisuvanahalli,845.0,2.0,36.99999999999999,2
Kambipura,883.0,2.0,38.99999999999999,2
Thanisandra,776.5,2.0,48.145,1
Brookefield,1595.0,3.0,88.00000000000003,3
Whitefield,1280.0,2.0,85.00000000000001,2
other,920.0,2.0,34.99999999999999,2
Choodasandra,1300.0,2.0,57.00000000000001,2
Harlur,1757.0,3.0,131.99999999999997,3
Anekal,600.0,1.0,16.5,1
other,2400.0,3.0,142.00000000000003,4
Sarjapur,1240.0,2.0,43.99999999999999,2
EPIP Zone,1330.0,2.0,93.35999999999997,2
8th Phase JP Nagar,1062.0,2.0,42.470000000000006,2
JP Nagar,1078.0,2.0,44.99999999999999,2
Bannerghatta Road,1460.0,2.0,72.0,3
Whitefield,1200.0,3.0,68.5,3
Laggere,1200.0,1.0,48.00000000000001,1
Kammasandra,912.0,2.0,38.99999999999999,3
Hosa Road,1276.0,3.0,115.00000000000001,3
Prithvi Layout,2028.0,4.0,161.99999999999994,4
Mysore Road,980.0,2.0,45.470000000000006,2
Sarjapur  Road,1000.0,2.0,40.0,2
Sarjapur  Road,1050.0,2.0,62.00000000000001,2
Domlur,1875.0,2.0,149.99999999999997,3
Hennur Road,1065.0,2.0,42.60000000000001,2
Sector 7 HSR Layout,1163.0,2.0,98.85999999999999,2
Tumkur Road,1098.0,2.0,72.0,2
5th Phase JP Nagar,1725.0,2.0,100.00000000000004,3
Thubarahalli,1128.0,2.0,74.99999999999997,2
Yelahanka,1705.0,3.0,74.15999999999997,3
Thigalarapalya,1418.0,2.0,95.0,2
Hebbal,1100.0,2.0,49.99999999999999,2
other,1464.0,3.0,56.00000000000002,3
Hebbal,812.0,2.0,55.000000000000014,2
other,1280.0,2.0,40.0,2
other,2000.0,3.0,85.00000000000001,3
HBR Layout,1722.0,3.0,95.0,3
other,840.0,2.0,27.0,2
Jigani,914.0,2.0,46.99999999999999,2
Hennur Road,1482.0,2.0,83.73,3
Kundalahalli,1724.0,3.0,126.99999999999999,3
other,1670.0,3.0,91.86000000000003,3
Banaswadi,1184.0,2.0,53.00000000000001,2
Kodigehaali,1200.0,2.0,55.000000000000014,2
TC Palaya,1200.0,2.0,64.99999999999999,2
Jigani,927.0,2.0,55.000000000000014,2
other,1242.0,2.0,39.7,2
Electronic City Phase II,1220.0,3.0,35.22999999999999,3
Electronic City,1360.0,2.0,74.99999999999997,3
7th Phase JP Nagar,1180.0,2.0,72.0,2
Whitefield,1697.0,3.0,108.00000000000003,3
Hennur,1225.0,2.0,57.00000000000001,2
other,1690.0,2.0,55.000000000000014,3
other,1488.0,3.0,57.00000000000001,3
other,1250.0,2.0,79.99999999999997,3
JP Nagar,1050.0,1.0,43.99999999999999,1
HSR Layout,1027.0,2.0,43.99999999999999,2
Kanakpura Road,1699.0,3.0,81.94000000000004,3
Whitefield,1205.0,2.0,57.999999999999986,2
Horamavu Agara,950.0,2.0,38.99999999999999,2
TC Palaya,1200.0,2.0,70.00000000000003,2
Akshaya Nagar,1476.0,3.0,119.99999999999997,3
CV Raman Nagar,1070.0,2.0,55.000000000000014,2
EPIP Zone,2160.0,4.0,171.99999999999994,3
Sector 2 HSR Layout,1296.0,2.0,74.99999999999997,2
Chikkalasandra,1800.0,1.0,127.99999999999997,2
Kanakpura Road,1570.0,3.0,64.49999999999999,3
Koramangala,1300.0,2.0,110.00000000000004,2
Sarjapur,1550.0,2.0,64.99999999999999,4
Electronic City,770.0,1.0,40.0,2
Jalahalli,1870.0,3.0,110.00000000000004,3
Domlur,1429.0,3.0,85.99999999999997,3
Babusapalaya,1167.0,2.0,39.97999999999999,3
Bommasandra,1035.0,2.0,41.73,2
Kengeri,1188.0,2.0,37.99999999999999,3
Sarjapur,1276.0,3.0,76.0,3
Nagarbhavi,884.0,2.0,36.0,1
Haralur Road,1194.0,2.0,46.0,2
Hoodi,1026.0,2.0,60.86999999999999,2
Kaikondrahalli,1115.0,2.0,49.99999999999999,2
Subramanyapura,975.0,2.0,57.999999999999986,2
Chamrajpet,1900.0,2.0,170.00000000000006,4
OMBR Layout,1101.0,2.0,65.50000000000003,2
Sarjapur  Road,1700.0,3.0,135.00000000000003,3
Padmanabhanagar,1258.0,2.0,115.00000000000001,2
Kanakpura Road,1560.0,3.0,92.00000000000001,3
Badavala Nagar,1494.0,2.0,94.54999999999998,3
Hennur Road,1482.0,2.0,87.0,3
other,800.0,2.0,49.99999999999999,2
Raja Rajeshwari Nagar,1185.0,2.0,47.39000000000001,2
Hulimavu,1100.0,2.0,71.49999999999997,2
NRI Layout,1300.0,2.0,119.99999999999997,2
Hulimavu,1758.0,3.0,64.99999999999999,3
Banaswadi,1145.0,2.0,55.000000000000014,2
Hormavu,1180.0,2.0,49.99999999999999,2
other,1260.0,2.0,57.999999999999986,2
Arekere,1190.0,2.0,55.000000000000014,2
Sarjapur  Road,1691.0,3.0,119.00000000000003,3
Frazer Town,1305.0,3.0,95.45,3
Kogilu,1140.0,2.0,50.65999999999999,2
other,1250.0,2.0,64.99999999999999,2
other,1225.0,2.0,48.00000000000001,2
Kereguddadahalli,800.0,2.0,27.999999999999996,2
Jalahalli East,1020.0,2.0,57.999999999999986,2
TC Palaya,2100.0,2.0,49.99999999999999,4
other,1350.0,2.0,79.99999999999997,2
Anekal,925.0,2.0,40.0,2
other,2000.0,3.0,100.00000000000004,3
Frazer Town,1510.0,2.0,74.99999999999997,3
other,1614.0,3.0,110.00000000000004,3
Gottigere,1200.0,2.0,95.0,2
TC Palaya,900.0,2.0,55.000000000000014,2
Bommenahalli,1632.0,3.0,144.99999999999997,4
OMBR Layout,1041.0,2.0,65.50000000000003,2
Marathahalli,1530.0,3.0,74.5,3
Sector 2 HSR Layout,1450.0,2.0,135.00000000000003,3
Bannerghatta Road,1200.0,2.0,74.99999999999997,2
Hosur Road,1508.0,2.0,110.00000000000004,3
other,1188.0,2.0,72.99999999999999,2
Harlur,1174.0,2.0,76.0,2
Old Madras Road,1350.0,3.0,58.98999999999999,3
Kengeri Satellite Town,1072.0,2.0,24.999999999999996,2
Kengeri,726.0,2.0,31.0,2
Hosur Road,1345.0,2.0,105.99999999999997,2
Begur Road,1200.0,2.0,44.99999999999999,2
Nagavarapalya,980.0,2.0,36.99999999999999,2
Hormavu,1050.0,2.0,77.00000000000001,2
Uttarahalli,993.0,2.0,39.71000000000001,2
7th Phase JP Nagar,1300.0,2.0,52.00000000000001,3
Vittasandra,1743.0,3.0,85.00000000000001,3
Hormavu,1200.0,2.0,66.99999999999997,2
other,1480.0,3.0,90.0,3
Sarjapur,950.0,2.0,32.5,2
Domlur,640.0,1.0,55.000000000000014,1
Electronic City Phase II,972.0,2.0,43.99999999999999,2
Marathahalli,1840.0,3.0,98.00000000000004,3
Electronic City,1128.0,2.0,63.99999999999998,2
other,680.0,2.0,42.00000000000001,2
other,2400.0,2.0,95.0,2
other,1045.0,2.0,42.00000000000001,2
other,955.0,2.0,53.550000000000004,2
Doddakallasandra,1360.0,2.0,54.39000000000001,3
BTM Layout,1150.0,2.0,62.99999999999999,2
other,1115.0,2.0,56.86999999999998,2
Jigani,920.0,2.0,46.0,2
Bommasandra Industrial Area,1030.0,2.0,41.00000000000001,2
Thanisandra,1564.0,3.0,101.00000000000003,3
Uttarahalli,1045.0,2.0,44.99999999999999,2
Hegde Nagar,1200.0,4.0,83.00000000000003,4
Subramanyapura,1277.0,2.0,55.000000000000014,2
Sarjapur  Road,1846.0,3.0,139.99999999999994,3
other,1690.0,3.0,74.99999999999997,3
Hormavu,1200.0,3.0,70.00000000000003,2
other,1068.0,2.0,40.050000000000004,2
Kanakpura Road,1135.0,2.0,57.999999999999986,2
other,1925.0,3.0,119.99999999999997,3
Begur Road,1615.0,3.0,59.999999999999986,3
other,650.0,1.0,26.000000000000004,1
Kaggadasapura,1150.0,2.0,42.00000000000001,2
other,1410.0,2.0,45.120000000000005,3
Tumkur Road,1354.0,3.0,90.0,3
Arekere,600.0,1.0,27.999999999999996,1
Varthur,1320.0,2.0,110.00000000000004,4
Koramangala,1600.0,3.0,88.00000000000003,3
GM Palaya,1000.0,2.0,36.0,2
other,1130.0,3.0,37.99999999999999,3
Vittasandra,1238.0,2.0,66.99999999999997,2
Kudlu Gate,1364.0,2.0,46.379999999999995,3
other,900.0,2.0,44.99999999999999,2
Gubbalala,1745.0,3.0,103.99999999999999,3
Kogilu,1200.0,2.0,53.32999999999999,2
Kanakapura,1020.0,2.0,42.82999999999999,2
Banashankari Stage III,1650.0,3.0,118.00000000000004,3
other,1550.0,2.0,70.00000000000003,3
5th Phase JP Nagar,1440.0,2.0,59.999999999999986,2
Sarjapura - Attibele Road,1329.0,2.0,45.949999999999996,3
other,916.0,2.0,42.00000000000001,2
Hulimavu,688.0,1.0,49.99999999999999,1
other,1358.0,3.0,49.99999999999999,3
Kanakpura Road,1331.0,2.0,106.99999999999996,2
Malleshwaram,686.0,1.0,62.50000000000002,1
Hoodi,1050.0,2.0,49.99999999999999,2
Talaghattapura,2106.0,3.0,126.0,3
Bhoganhalli,1718.0,3.0,90.20000000000002,3
Raja Rajeshwari Nagar,1530.0,3.0,57.00000000000001,3
5th Block Hbr Layout,1206.0,2.0,56.00000000000002,2
Hebbal,1075.0,2.0,52.00000000000001,2
Sarjapur  Road,1200.0,3.0,95.0,3
other,1936.0,2.0,54.21,3
Nagavara,2172.65,3.0,119.99999999999997,4
Sahakara Nagar,1100.0,2.0,74.99999999999997,3
Sarjapur  Road,1117.0,2.0,29.99,2
other,1685.0,2.0,110.00000000000004,3
CV Raman Nagar,740.0,2.0,36.99999999999999,2
Magadi Road,1500.0,2.0,93.00000000000003,4
Banashankari,1800.0,3.0,115.00000000000001,3
Yelachenahalli,1700.0,3.0,129.99999999999997,3
Uttarahalli,850.0,2.0,37.93,2
Hennur Road,1891.0,3.0,138.99999999999997,3
Jalahalli,1400.0,1.0,79.99999999999997,2
Lakshminarayana Pura,1172.0,2.0,82.00000000000001,2
Electronic City Phase II,1400.0,2.0,40.42999999999999,3
Sonnenahalli,896.0,2.0,43.74999999999999,2
Vijayanagar,1180.0,2.0,64.99999999999999,2
other,850.0,2.0,33.0,2
Anekal,530.0,1.0,17.999999999999996,1
other,1550.0,3.0,110.00000000000004,3
Kanakapura,1699.0,3.0,97.0,3
Bellandur,2025.0,4.0,108.99999999999997,4
Ananth Nagar,500.0,2.0,13.999999999999996,1
other,500.0,1.0,19.999999999999996,1
other,1146.0,2.0,38.50000000000001,2
Seegehalli,800.0,1.0,49.99999999999999,2
Abbigere,765.0,2.0,30.000000000000004,1
Lingadheeranahalli,1521.0,3.0,94.99,3
Gottigere,1600.0,2.0,55.000000000000014,3
other,1765.0,3.0,104.99999999999997,3
Kasavanhalli,1980.0,3.0,88.00000000000003,3
Amruthahalli,1900.0,3.0,135.00000000000003,3
other,1265.0,2.0,70.00000000000003,2
Bommasandra,1034.0,2.0,40.0,2
other,1012.0,2.0,59.000000000000014,2
Electronic City,1070.0,2.0,54.00000000000001,2
5th Block Hbr Layout,1270.0,2.0,70.00000000000003,3
other,2045.0,4.0,154.00000000000006,3
Bellandur,1490.0,2.0,98.00000000000004,3
Mysore Road,883.0,2.0,40.0,2
Yeshwanthpur,671.0,1.0,36.849999999999994,1
Kammasandra,1156.0,2.0,32.0,2
Haralur Road,2017.0,3.0,125.00000000000004,3
Ramagondanahalli,1635.0,3.0,62.00000000000001,3
Kanakpura Road,1296.0,2.0,88.99999999999999,2
Budigere,1139.0,2.0,62.00000000000001,2
CV Raman Nagar,1230.0,3.0,46.99999999999999,2
other,581.91,2.0,24.999999999999996,1
Binny Pete,1245.0,2.0,86.28000000000003,2
other,1158.0,2.0,85.00000000000001,3
Ramamurthy Nagar,360.0,1.0,26.000000000000004,1
Electronics City Phase 1,1350.0,3.0,55.000000000000014,3
Green Glen Layout,1670.0,3.0,119.99999999999997,3
Akshaya Nagar,1600.0,2.0,64.99999999999999,3
Horamavu Banaswadi,1307.0,2.0,51.60000000000001,2
7th Phase JP Nagar,1050.0,2.0,57.00000000000001,3
Hennur Road,1703.0,3.0,101.00000000000003,3
Kaggalipura,1210.0,2.0,57.999999999999986,3
Electronic City,1025.0,2.0,29.599999999999998,2
Haralur Road,1140.0,2.0,43.0,2
7th Phase JP Nagar,1343.0,2.0,56.41000000000002,3
R.T. Nagar,1560.0,3.0,85.00000000000001,3
other,925.0,2.0,51.0,2
Kanakpura Road,1420.0,2.0,74.99999999999997,3
other,1415.0,2.0,110.00000000000004,2
other,1210.0,2.0,59.999999999999986,2
Yeshwanthpur,1852.0,3.0,159.99999999999994,3
Hoskote,1250.0,3.0,49.99999999999999,3
9th Phase JP Nagar,1100.0,2.0,64.99999999999999,2
2nd Phase Judicial Layout,1150.0,2.0,40.25,2
Jakkur,1100.0,2.0,53.34999999999999,2
Magadi Road,1350.0,1.0,100.00000000000004,2
Panathur,1546.0,3.0,98.99999999999999,3
Ambedkar Nagar,1424.0,2.0,90.0,2
Bellandur,1398.0,3.0,68.00000000000001,3
Brookefield,1476.0,3.0,104.99999999999997,3
Magadi Road,1322.0,2.0,58.82000000000001,3
other,1100.0,2.0,55.000000000000014,2
Sarjapur,1285.0,2.0,68.00000000000001,3
Ambalipura,1150.0,2.0,79.99999999999997,2
Thanisandra,1430.0,2.0,56.00000000000002,3
Marathahalli,1350.0,2.0,62.00000000000001,3
Thubarahalli,1185.0,2.0,64.99999999999999,2
Bannerghatta Road,1760.0,3.0,66.99999999999997,3
Kanakpura Road,900.0,2.0,41.00000000000001,2
Kanakpura Road,1297.0,2.0,104.99999999999997,2
other,1840.0,3.0,155.00000000000003,3
Ramamurthy Nagar,950.0,2.0,50.79,2
BTM 2nd Stage,950.0,2.0,52.00000000000001,2
Yeshwanthpur,1277.5,2.0,95.81500000000001,2
Electronic City,1571.0,3.0,88.99999999999999,3
Electronic City Phase II,1031.0,2.0,55.000000000000014,2
Whitefield,1485.0,2.0,90.0,2
Ananth Nagar,1109.0,2.0,59.999999999999986,2
Whitefield,950.0,1.0,49.99999999999999,1
Hosa Road,1161.0,2.0,55.150000000000006,2
Electronic City Phase II,1003.0,2.0,40.60000000000001,2
9th Phase JP Nagar,1080.0,2.0,36.99999999999999,2
Hulimavu,1255.0,2.0,72.99999999999999,2
Banaswadi,1250.0,2.0,59.999999999999986,2
Brookefield,1700.0,4.0,152.0,4
Ramamurthy Nagar,1200.0,2.0,65.99999999999997,3
other,824.0,2.0,59.999999999999986,2
1st Phase JP Nagar,1875.0,3.0,167.00000000000006,3
Bommasandra Industrial Area,1320.0,2.0,38.12,3
Uttarahalli,1330.0,2.0,46.99999999999999,3
Kaikondrahalli,1220.0,3.0,56.00000000000002,3
Electronic City,1111.0,3.0,49.99999999999999,3
Kothannur,1197.0,2.0,47.879999999999995,2
other,1340.0,2.0,100.00000000000004,3
Old Madras Road,1450.0,3.0,131.99999999999997,4
Hoodi,1837.0,3.0,144.99999999999997,3
Kudlu Gate,1238.0,2.0,55.000000000000014,2
7th Phase JP Nagar,1405.0,2.0,59.009999999999984,3
Doddaballapur,1690.0,3.0,79.99999999999997,4
other,1620.0,2.0,110.00000000000004,3
Kanakpura Road,1673.0,3.0,115.00000000000001,3
Margondanahalli,1090.0,2.0,57.999999999999986,2
Varthur,1112.0,2.0,40.0,2
Marathahalli,1385.0,2.0,66.65,3
Subramanyapura,985.0,2.0,57.999999999999986,2
Kanakpura Road,825.0,1.0,36.28999999999999,1
Kanakpura Road,1080.0,2.0,37.800000000000004,2
Hosa Road,1430.0,2.0,97.52000000000004,2
Kengeri Satellite Town,1050.0,2.0,43.0,2
Kumaraswami Layout,2000.0,4.0,138.99999999999997,4
other,1533.0,3.0,115.00000000000001,3
Lakshminarayana Pura,1750.0,3.0,149.99999999999997,3
TC Palaya,1200.0,2.0,65.99999999999997,3
Prithvi Layout,1352.0,2.0,87.50000000000003,2
Harlur,1754.0,3.0,125.00000000000004,3
other,1560.0,3.0,85.00000000000001,3
Channasandra,1470.0,2.0,90.0,3
9th Phase JP Nagar,1035.0,2.0,44.99999999999999,2
Kammanahalli,1160.0,2.0,52.00000000000001,2
Jakkur,1100.0,2.0,52.00000000000001,2
Horamavu Agara,1170.0,2.0,37.99999999999999,2
Bannerghatta Road,595.0,1.0,31.830000000000002,1
HSR Layout,1650.0,3.0,110.00000000000004,3
other,1375.0,2.0,48.059999999999995,3
Ramagondanahalli,1235.0,2.0,46.800000000000004,2
other,750.0,1.0,24.999999999999996,1
7th Phase JP Nagar,1400.0,3.0,115.00000000000001,3
Poorna Pragna Layout,1270.0,2.0,50.79,3
Bannerghatta Road,1105.0,2.0,51.0,2
other,1375.0,2.0,85.00000000000001,3
Attibele,2168.0,4.0,95.0,4
Yelahanka,1065.0,2.0,40.839999999999996,2
Whitefield,825.0,1.0,44.99999999999999,1
other,1095.0,2.0,40.0,2
other,1440.0,2.0,60.33,3
Electronic City,870.0,2.0,39.5,2
Panathur,1195.0,2.0,83.99999999999999,2
other,1200.0,2.0,49.500000000000014,2
Raja Rajeshwari Nagar,1530.0,3.0,61.19999999999999,3
Padmanabhanagar,1708.0,2.0,90.50000000000003,3
other,975.0,2.0,43.0,2
KR Puram,750.0,2.0,24.999999999999996,2
Iblur Village,1920.0,3.0,129.99999999999997,3
Thanisandra,1183.0,2.0,58.560000000000024,2
Mico Layout,1550.0,2.0,64.99999999999999,3
Kaggadasapura,1110.0,2.0,53.00000000000001,2
Kaggadasapura,1105.0,2.0,38.67,2
Anekal,1800.0,3.0,68.00000000000001,3
Bommanahalli,1000.0,2.0,29.89999999999999,2
Prithvi Layout,1190.0,2.0,68.00000000000001,2
Sarjapur  Road,1929.0,4.0,103.00000000000001,3
Ramamurthy Nagar,1525.0,3.0,100.00000000000004,3
Nehru Nagar,1775.0,3.0,110.00000000000004,3
Banashankari,1125.0,2.0,62.99999999999999,2
other,900.0,2.0,42.00000000000001,2
Sarjapur  Road,1155.0,2.0,57.999999999999986,2
Hulimavu,1200.0,4.0,74.99999999999997,4
Sonnenahalli,1268.0,2.0,72.99999999999999,2
other,1500.0,3.0,88.00000000000003,3
Electronic City,630.0,1.0,46.99999999999999,1
Seegehalli,1525.0,3.0,64.99999999999999,3
Kaggadasapura,1060.0,2.0,48.00000000000001,2
Lingadheeranahalli,1687.0,3.0,126.99999999999999,3
Thanisandra,1847.0,3.0,122.99999999999994,3
Begur Road,1410.0,2.0,53.00000000000001,3
7th Phase JP Nagar,1075.0,2.0,42.99,2
other,1010.0,2.0,46.0,2
Haralur Road,1875.0,3.0,110.00000000000004,3
Kanakpura Road,983.0,2.0,50.6,2
Kasturi Nagar,1101.0,2.0,64.99999999999999,2
other,1140.0,2.0,76.0,2
Sarjapur  Road,1215.0,2.0,110.00000000000004,2
Kengeri Satellite Town,1007.0,2.0,42.00000000000001,2
Bellandur,2039.0,3.0,167.99999999999997,3
other,1198.0,2.0,83.99999999999999,2
other,1470.0,4.0,34.50000000000001,4
other,1370.0,2.0,74.99999999999997,2
other,1316.0,2.0,55.499999999999986,2
Kaggadasapura,1350.0,3.0,55.499999999999986,3
other,1050.0,2.0,43.0,2
KR Puram,1128.76,3.0,47.404999999999994,3
Electronic City,921.0,2.0,34.00000000000001,2
Kundalahalli,1010.0,2.0,49.269999999999996,2
KR Puram,1015.0,2.0,43.0,2
TC Palaya,1200.0,2.0,66.49999999999999,3
Lakshminarayana Pura,1179.0,2.0,74.99999999999997,2
Anjanapura,1850.0,4.0,85.99999999999997,4
Kammasandra,870.0,2.0,24.000000000000004,2
Bellandur,1605.0,3.0,85.00000000000001,3
other,2400.0,7.0,110.00000000000004,6
other,1000.0,1.0,55.000000000000014,2
Ramamurthy Nagar,1200.0,2.0,79.99999999999997,2
Kammasandra,1200.0,2.0,65.99999999999997,2
other,1200.0,2.0,49.99999999999999,2
Hennur,1255.0,2.0,57.5,2
Hosur Road,1085.0,2.0,30.38,2
Kanakpura Road,1592.0,3.0,125.00000000000004,3
other,1313.0,2.0,58.270000000000024,2
Kogilu,1934.0,3.0,149.99999999999997,3
Harlur,1200.0,2.0,49.500000000000014,2
Old Madras Road,935.0,2.0,44.99999999999999,2
Bommasandra,877.0,2.0,30.000000000000004,2
other,936.0,2.0,42.00000000000001,2
Nagasandra,1470.0,2.0,110.00000000000004,3
other,1050.0,1.0,70.00000000000003,1
Hennur Road,1232.0,2.0,69.61000000000001,2
Ambedkar Nagar,2225.0,4.0,169.0,3
other,1200.0,2.0,79.99999999999997,3
Dasarahalli,1901.0,3.0,119.00000000000003,3
Sarjapur  Road,1819.0,3.0,100.00000000000004,3
other,1464.0,3.0,56.00000000000002,3
other,1256.0,2.0,59.999999999999986,2
7th Phase JP Nagar,1100.0,2.0,43.99999999999999,2
Kothanur,1435.0,3.0,70.00000000000003,3
Sarjapur  Road,1845.0,4.0,110.00000000000004,3
Jigani,2400.0,4.0,129.99999999999997,3
HSR Layout,1140.0,2.0,46.0,2
Ulsoor,1200.0,2.0,59.999999999999986,2
Talaghattapura,2254.0,3.0,170.00000000000006,3
Frazer Town,1750.0,3.0,149.99999999999997,3
other,1020.0,2.0,36.99999999999999,2
Bommanahalli,515.0,1.0,24.999999999999996,1
Lingadheeranahalli,1893.0,3.0,139.99999999999994,3
other,830.0,2.0,34.00000000000001,2
Singasandra,600.0,2.0,36.50000000000001,2
Bisuvanahalli,1075.0,2.0,90.0,3
Kasavanhalli,1200.0,2.0,78.0,2
Sarjapur  Road,1233.0,2.0,77.65000000000003,2
Bannerghatta Road,1255.0,2.0,65.25999999999998,2
Begur Road,1200.0,2.0,37.800000000000004,2
1st Phase JP Nagar,1500.0,5.0,85.00000000000001,5
Kothannur,740.0,2.0,34.00000000000001,2
Kengeri,1250.0,3.0,48.00000000000001,3
other,1210.0,2.0,40.0,2
Sarjapur  Road,1525.0,2.0,59.999999999999986,3
Kogilu,540.0,1.0,36.0,1
Tumkur Road,1240.0,2.0,83.99999999999999,3
Subramanyapura,1245.0,2.0,68.00000000000001,3
Hosa Road,1104.0,2.0,36.43,2
Bisuvanahalli,1075.0,2.0,35.989999999999995,3
Nagavara,2200.0,2.0,55.000000000000014,2
Whitefield,1155.0,2.0,59.999999999999986,2
other,1520.0,2.0,62.00000000000001,2
Harlur,1290.0,2.0,85.00000000000001,2
other,2300.0,3.0,79.99999999999997,3
other,400.0,1.0,13.999999999999996,1
Banashankari,1340.0,2.0,53.60000000000001,3
Hennur Road,987.0,2.0,48.99999999999999,2
Old Madras Road,1720.0,3.0,100.00000000000004,3
Hebbal,1040.0,2.0,49.99999999999999,2
Anandapura,900.0,2.0,63.99999999999998,2
Raja Rajeshwari Nagar,1030.0,2.0,49.99999999999999,2
Neeladri Nagar,2556.0,3.0,133.0,3
Basavangudi,1850.0,3.0,167.99999999999997,3
Balagere,1028.0,2.0,31.86,2
7th Phase JP Nagar,1270.0,2.0,83.00000000000003,2
Sahakara Nagar,1655.0,3.0,115.00000000000001,3
Electronics City Phase 1,940.0,2.0,40.0,2
Domlur,1050.0,2.0,85.00000000000001,2
other,946.0,2.0,37.99999999999999,2
CV Raman Nagar,1726.0,3.0,144.99999999999997,3
Vittasandra,1404.0,2.0,74.99999999999997,2
Sarjapur,1525.0,2.0,48.00000000000001,3
Kengeri,1025.0,2.0,57.00000000000001,2
other,860.0,1.0,43.0,2
Talaghattapura,1223.0,2.0,42.809999999999995,3
Kothannur,1197.0,2.0,47.79999999999999,2
Garudachar Palya,1150.0,2.0,52.75,2
R.T. Nagar,1040.0,2.0,46.0,2
Banashankari,1310.0,2.0,79.99999999999997,2
Uttarahalli,1788.0,3.0,98.34000000000002,3
Raja Rajeshwari Nagar,1144.0,2.0,38.55,2
Anjanapura,1070.0,2.0,38.99999999999999,2
other,1200.0,2.0,70.00000000000003,2
Ambedkar Nagar,1862.0,3.0,119.99999999999997,3
Margondanahalli,1200.0,2.0,58.50000000000001,2
Begur Road,970.0,2.0,27.0,2
Kasavanhalli,1646.0,3.0,79.5,3
Iblur Village,1995.0,3.0,135.00000000000003,3
Hosakerehalli,1085.0,2.0,47.739999999999995,2
Budigere,1139.0,2.0,56.800000000000004,2
Haralur Road,1092.0,2.0,43.99999999999999,2
Pattandur Agrahara,1767.0,3.0,98.00000000000004,3
other,1700.0,3.0,79.99999999999997,3
Bellandur,1692.0,3.0,88.00000000000003,3
6th Phase JP Nagar,1645.0,3.0,100.00000000000004,3
Uttarahalli,1345.0,2.0,57.00000000000001,3
other,1100.0,2.0,59.999999999999986,2
Gollarapalya Hosahalli,1408.0,3.0,62.00000000000001,3
Thigalarapalya,2072.0,4.0,149.99999999999997,3
Electronics City Phase 1,2040.0,3.0,137.00000000000003,3
Sarjapur  Road,1220.0,3.0,56.00000000000002,3
other,1300.0,2.0,79.0,2
Electronics City Phase 1,1150.0,2.0,38.99999999999999,2
KR Puram,1470.0,2.0,85.99999999999997,2
Hosa Road,1063.0,2.0,31.900000000000002,2
other,1311.0,2.0,48.00000000000001,2
other,1400.0,2.0,55.000000000000014,3
Kanakpura Road,2200.0,2.0,62.00000000000001,2
Thanisandra,1430.0,2.0,56.00000000000002,3
Vidyaranyapura,1060.0,2.0,55.000000000000014,2
Sector 7 HSR Layout,1760.0,3.0,144.99999999999997,3
Whitefield,2010.0,3.0,92.00000000000001,3
Kanakpura Road,1480.0,2.0,64.22999999999999,3
8th Phase JP Nagar,1230.0,2.0,43.49999999999999,3
Gottigere,1300.0,3.0,64.99999999999999,3
Singasandra,1100.0,2.0,52.00000000000001,2
Harlur,1752.12,3.0,115.99999999999999,3
Marathahalli,957.0,2.0,46.9,2
Balagere,790.5,1.0,41.9,1
other,1942.0,3.0,101.99999999999996,3
other,1000.0,2.0,53.00000000000001,2
Yeshwanthpur,668.0,1.0,36.849999999999994,1
Uttarahalli,1089.0,2.0,43.54999999999999,2
Thanisandra,1800.0,3.0,90.0,3
Yelahanka New Town,960.0,2.0,17.999999999999996,1
Yelahanka,1036.0,2.0,39.35,2
Marathahalli,1583.0,3.0,104.99999999999997,3
Padmanabhanagar,1100.0,2.0,64.99999999999999,2
Vittasandra,1246.0,2.0,64.99999999999999,2
Dodda Nekkundi,850.0,2.0,27.999999999999996,2
Raja Rajeshwari Nagar,1196.0,2.0,51.509999999999984,2
Thanisandra,1697.0,3.0,114.00000000000003,3
TC Palaya,1000.0,2.0,63.99999999999998,2
HRBR Layout,1567.0,3.0,90.0,3
Anekal,1200.0,1.0,36.0,2
other,950.0,2.0,44.99999999999999,2
other,1022.0,2.0,52.00000000000001,2
Kammasandra,1018.0,2.0,23.45,2
other,2000.0,3.0,24.999999999999996,4
Bharathi Nagar,1322.0,2.0,68.00000000000001,2
Marsur,1800.0,4.0,144.99999999999997,4
Doddakallasandra,1460.0,2.0,58.389999999999986,3
other,990.0,2.0,44.54999999999999,2
Whitefield,1635.0,2.0,85.00000000000001,3
other,1533.0,3.0,85.00000000000001,3
Akshaya Nagar,1720.0,3.0,133.99999999999997,3
Yeshwanthpur,1185.0,2.0,75.84000000000002,2
Varthur Road,900.0,2.0,27.0,2
Attibele,395.0,1.0,10.25,1
Electronic City Phase II,1031.0,2.0,56.35,2
Uttarahalli,1330.0,2.0,46.54999999999999,3
Hennur,1259.0,2.0,57.00000000000001,2
Raja Rajeshwari Nagar,1570.0,3.0,88.00000000000003,3
Bisuvanahalli,1075.0,2.0,36.0,3
Whitefield,1216.0,2.0,79.0,2
Sarjapur  Road,1428.0,2.0,65.99999999999997,3
Begur Road,1160.0,2.0,40.59,2
other,1475.0,3.0,70.00000000000003,3
Harlur,1754.0,3.0,135.00000000000003,3
Rayasandra,1639.0,3.0,83.00000000000003,3
Hennur Road,1804.0,3.0,101.99999999999996,3
Whitefield,1200.0,3.0,56.200000000000024,3
other,1135.0,2.0,55.000000000000014,2
Begur Road,1260.0,2.0,46.62,2
Hennur Road,2160.0,3.0,159.99999999999994,3
Rachenahalli,1220.0,2.0,59.50000000000001,2
Margondanahalli,1200.0,2.0,66.99999999999997,2
Yelahanka,1300.0,2.0,64.99999999999999,2
Cox Town,605.0,1.0,29.000000000000004,1
Bhoganhalli,1444.0,2.0,75.97000000000001,2
Amruthahalli,924.0,2.0,44.99999999999999,2
Kaikondrahalli,1000.0,2.0,30.000000000000004,2
Bisuvanahalli,845.0,2.0,29.000000000000004,2
Kanakpura Road,700.0,2.0,34.99999999999999,2
Kothanur,1187.0,2.0,57.999999999999986,2
Kaggadasapura,1625.0,3.0,55.000000000000014,3
Devarachikkanahalli,1200.0,2.0,83.00000000000003,2
other,1452.55,2.0,110.00000000000004,2
other,2357.0,3.0,151.0,3
Kaval Byrasandra,1200.0,2.0,49.500000000000014,2
Budigere,1139.0,2.0,56.849999999999994,2
Kanakpura Road,1660.0,3.0,74.99999999999997,3
other,1170.0,2.0,104.99999999999997,2
Somasundara Palya,1448.0,2.0,68.00000000000001,2
Kadugodi,1762.0,3.0,110.00000000000004,3
Kaggadasapura,1105.0,2.0,38.650000000000006,2
Yelahanka,1825.0,3.0,104.99999999999997,3
Thanisandra,1185.0,2.0,43.0,2
Electronic City Phase II,1320.0,2.0,38.12,3
Hulimavu,1058.0,2.0,48.00000000000001,2
Bellandur,1220.0,2.0,59.999999999999986,2
Sarjapur,925.0,2.0,24.999999999999996,2
Old Madras Road,1200.0,2.0,72.0,2
Kengeri,1160.0,2.0,40.60000000000001,3
other,1411.0,3.0,91.71999999999996,3
Bannerghatta Road,1550.0,3.0,78.0,3
Haralur Road,2475.0,4.0,129.99999999999997,3
Kaggadasapura,1063.0,2.0,42.00000000000001,2
Kanakpura Road,1077.0,2.0,37.699999999999996,2
other,1200.0,3.0,43.99999999999999,2
Hosakerehalli,1500.0,3.0,70.00000000000003,4
Jalahalli,1045.0,2.0,76.77000000000002,2
Kanakapura,1290.0,2.0,45.150000000000006,3
Hoodi,1400.0,2.0,78.0,2
Begur Road,1600.0,3.0,58.14000000000001,3
Nagavara,1545.0,2.0,57.999999999999986,3
Sarjapur  Road,1680.0,3.0,111.99999999999996,3
other,1350.0,2.0,67.5,2
Gottigere,950.0,2.0,37.99999999999999,2
Thanisandra,1050.0,2.0,44.99999999999999,2
Banashankari Stage V,1305.0,2.0,48.99999999999999,3
other,1100.0,3.0,78.0,3
Begur Road,1634.0,3.0,83.32999999999998,3
Prithvi Layout,1352.0,2.0,85.00000000000001,2
Balagere,1145.0,2.0,64.99999999999999,2
other,1240.0,2.0,43.790000000000006,2
Bommasandra Industrial Area,1020.0,2.0,38.99999999999999,2
Raja Rajeshwari Nagar,1168.0,2.0,61.00000000000001,2
Electronic City Phase II,1205.0,2.0,74.99999999999997,2
Yeshwanthpur,1195.0,2.0,100.00000000000004,2
CV Raman Nagar,1028.0,2.0,48.99999999999999,2
other,1175.0,2.0,48.27000000000001,2
Pai Layout,1550.0,2.0,90.0,3
Yeshwanthpur,1826.0,3.0,164.99999999999994,3
Hoodi,2400.0,5.0,159.99999999999994,5
Yelahanka,1603.0,3.0,95.99999999999999,3
Marathahalli,1350.0,3.0,72.0,3
KR Puram,714.0,1.0,27.999999999999996,1
Whitefield,1215.0,2.0,64.99999999999999,2
Malleshpalya,1405.0,2.0,77.00000000000001,3
KR Puram,1142.0,2.0,51.0,2
Whitefield,1870.0,3.0,90.0,3
Subramanyapura,1313.0,2.0,72.99999999999999,2
other,1945.0,3.0,119.99999999999997,3
Thanisandra,1573.0,3.0,95.0,3
Sarjapur  Road,1255.0,2.0,92.00000000000001,2
Benson Town,1400.0,3.0,91.14999999999996,4
Kannamangala,1235.0,2.0,43.629999999999995,2
Sarjapur  Road,1380.0,2.0,52.00000000000001,3
Vittasandra,1238.0,2.0,66.99999999999997,2
other,1465.0,2.0,74.72000000000001,3
Thigalarapalya,1418.0,2.0,103.00000000000001,2
Anekal,351.0,1.0,15.999999999999998,1
Uttarahalli,1279.0,2.0,48.00000000000001,2
Uttarahalli,1845.0,2.0,68.27000000000001,3
other,1360.0,2.0,59.26999999999999,3
other,1150.0,2.0,74.99999999999997,3
Whitefield,1260.0,2.0,49.500000000000014,2
other,1200.0,3.0,74.00000000000003,3
Dasanapura,965.0,2.0,42.50000000000001,2
Hoodi,1350.0,2.0,48.00000000000001,3
Bhoganhalli,1447.0,2.0,75.97000000000001,2
other,1229.0,3.0,86.03000000000002,3
Kudlu,1027.0,2.0,43.0,2
Gottigere,1153.0,2.0,48.49999999999999,2
Malleshpalya,1065.0,2.0,49.99999999999999,2
other,1030.0,2.0,61.00000000000001,2
Mallasandra,1340.0,2.0,61.00000000000001,2
other,600.0,1.0,32.0,1
Begur Road,1410.0,2.0,44.42000000000001,3
Varthur,1055.0,2.0,45.35000000000001,2
Yelahanka,1304.0,2.0,79.0,2
Kammasandra,990.0,2.0,31.499999999999993,2
7th Phase JP Nagar,1035.0,2.0,39.33,2
Tumkur Road,700.0,1.0,30.089999999999993,1
Sonnenahalli,1120.0,2.0,43.0,2
Haralur Road,1300.0,2.0,72.99999999999999,2
Tumkur Road,1239.0,2.0,82.00000000000001,2
Sarjapur  Road,1403.0,3.0,51.629999999999995,3
Hosa Road,1365.0,2.0,92.00000000000001,2
Subramanyapura,1130.0,2.0,45.18999999999999,3
Green Glen Layout,1776.42,3.0,104.99999999999997,3
Haralur Road,1194.0,2.0,46.99999999999999,2
other,1107.0,2.0,33.0,2
other,1520.0,3.0,79.99999999999997,3
Kannamangala,1536.0,3.0,88.99999999999999,3
other,1050.0,2.0,37.99999999999999,2
Hoodi,1850.0,3.0,146.0,3
Billekahalli,1112.0,2.0,62.00000000000001,2
Marathahalli,1535.0,3.0,72.49999999999999,3
Kanakpura Road,1050.0,2.0,34.99999999999999,2
7th Phase JP Nagar,1250.0,3.0,64.99999999999999,3
Kalena Agrahara,1187.0,2.0,52.00000000000001,2
9th Phase JP Nagar,1164.0,2.0,56.00000000000002,2
Electronic City Phase II,1395.0,2.0,62.779999999999994,3
Arekere,2072.0,3.0,108.00000000000003,3
Kanakpura Road,1450.0,3.0,60.909999999999975,3
Bannerghatta Road,1550.0,3.0,82.00000000000001,3
other,1315.0,2.0,90.0,2
other,1210.0,2.0,72.0,2
Bisuvanahalli,1075.0,2.0,46.99999999999999,3
other,1215.0,3.0,42.2,3
Kaggadasapura,1470.0,2.0,74.99999999999997,3
Hosur Road,1590.0,2.0,125.00000000000004,3
Kanakpura Road,1050.0,2.0,36.75,2
Raja Rajeshwari Nagar,1306.0,2.0,55.909999999999975,2
other,1445.0,3.0,63.99999999999998,3
Sarjapur  Road,1220.0,3.0,57.999999999999986,3
Ramagondanahalli,1215.0,2.0,51.25999999999999,2
Budigere,1920.0,2.0,88.00000000000003,3
Dodda Nekkundi,1390.0,2.0,59.999999999999986,2
Hoodi,1196.0,2.0,71.74,2
Bannerghatta Road,1550.0,2.0,74.99999999999997,3
Thigalarapalya,1418.0,2.0,101.00000000000003,2
Varthur Road,1655.0,3.0,115.00000000000001,3
KR Puram,1115.0,2.0,33.45,2
other,1170.0,2.0,68.00000000000001,2
Anekal,1035.0,2.0,38.3,2
Singasandra,1306.0,2.0,57.999999999999986,3
Kengeri,750.0,2.0,22.000000000000004,2
Thanisandra,1917.0,3.0,122.00000000000003,3
Kaggadasapura,1615.0,3.0,57.999999999999986,3
Marathahalli,1071.0,2.0,52.25000000000001,2
Koramangala,1325.0,2.0,119.00000000000003,2
5th Phase JP Nagar,1400.0,2.0,88.00000000000003,3
Tumkur Road,1246.0,2.0,82.00000000000001,2
Sarjapur,1215.0,2.0,40.0,2
Munnekollal,1200.0,2.0,49.500000000000014,2
Kodigehaali,1200.0,2.0,59.999999999999986,2
Kaval Byrasandra,945.0,2.0,49.99999999999999,2
Hormavu,1175.0,2.0,52.00000000000001,2
Whitefield,920.0,2.0,62.99999999999999,2
other,1600.0,2.0,110.00000000000004,2
other,955.0,1.0,34.00999999999999,2
Ardendale,1750.0,3.0,100.00000000000004,3
Uttarahalli,1425.0,2.0,63.99999999999998,3
Whitefield,1165.0,2.0,40.49999999999999,2
Kaggadasapura,1050.0,2.0,48.00000000000001,2
other,1370.0,2.0,74.99999999999997,3
Electronic City,1374.0,2.0,72.0,3
Harlur,1754.0,3.0,124.00000000000003,3
Kothanur,1847.0,3.0,110.00000000000004,3
Ambedkar Nagar,1850.0,4.0,138.99999999999997,3
other,1187.0,2.0,44.99999999999999,2
Bommasandra Industrial Area,1400.0,2.0,40.44,3
Thanisandra,693.0,1.0,34.29999999999999,1
KR Puram,1021.0,2.0,48.00000000000001,2
Thigalarapalya,1165.0,2.0,95.0,2
Horamavu Agara,1756.0,3.0,92.00000000000001,3
Bharathi Nagar,1739.0,3.0,104.99999999999997,3
Varthur,1280.0,2.0,64.99999999999999,2
Marathahalli,1215.0,2.0,58.86000000000002,2
Munnekollal,950.0,2.0,46.49999999999999,2
Kengeri,1082.0,2.0,48.99999999999999,3
7th Phase JP Nagar,1050.0,2.0,42.00000000000001,2
Devanahalli,1080.0,2.0,53.34999999999999,2
Arekere,1100.0,2.0,55.000000000000014,2
Sarjapur  Road,1311.0,2.0,78.0,2
Raja Rajeshwari Nagar,1608.0,3.0,67.98000000000002,3
Begur Road,1160.0,2.0,36.0,2
Whitefield,1170.0,2.0,71.0,2
Kengeri,1155.0,2.0,40.60000000000001,2
Hebbal,1255.0,2.0,77.68,3
Rayasandra,1065.0,2.0,44.95000000000001,2
Neeladri Nagar,674.0,1.0,21.0,1
Ambedkar Nagar,1936.0,4.0,126.0,3
other,1100.0,2.0,38.45,2
Ramagondanahalli,2257.0,4.0,156.99999999999994,3
Nagarbhavi,1055.0,2.0,55.000000000000014,2
Raja Rajeshwari Nagar,1530.0,3.0,51.86999999999999,3
other,1700.0,3.0,97.0,3
Raja Rajeshwari Nagar,1575.0,2.0,78.0,3
Rajiv Nagar,1263.0,2.0,93.31999999999998,2
KR Puram,1559.0,3.0,69.31500000000003,3
Kengeri Satellite Town,1043.0,2.0,64.99999999999999,2
Hennur,1255.0,2.0,53.5,2
JP Nagar,1352.5,2.0,93.86499999999995,2
Chandapura,590.0,1.0,13.569999999999997,1
Yelahanka,1550.0,3.0,119.99999999999997,3
Sarjapur  Road,1220.0,3.0,56.00000000000002,3
other,1900.0,3.0,159.99999999999994,3
other,1360.0,3.0,55.000000000000014,3
other,1100.0,2.0,74.99999999999997,2
8th Phase JP Nagar,1455.0,3.0,73.31000000000003,3
KR Puram,1035.0,2.0,40.49999999999999,2
Harlur,1152.0,2.0,69.00000000000001,2
Bellandur,1299.0,2.0,82.00000000000001,2
Sarjapur  Road,1157.0,2.0,74.99999999999997,3
Rachenahalli,1050.0,2.0,52.5,2
Pai Layout,1050.0,2.0,40.0,2
Vittasandra,1246.0,2.0,67.39999999999998,2
other,1929.0,3.0,115.00000000000001,3
Hennur,1285.0,2.0,59.999999999999986,2
Margondanahalli,1200.0,2.0,64.99999999999999,3
BTM 2nd Stage,1850.0,3.0,170.00000000000006,3
Sompura,1025.0,2.0,36.99999999999999,3
Malleshwaram,1124.0,3.0,79.99999999999997,2
Balagere,1012.0,2.0,54.59000000000001,2
8th Phase JP Nagar,871.0,2.0,55.000000000000014,2
other,1020.0,2.0,40.0,2
Rachenahalli,1550.0,3.0,73.49999999999997,3
Akshaya Nagar,1410.0,2.0,79.99999999999997,3
Whitefield,1118.0,2.0,74.99999999999997,2
Thanisandra,1098.0,2.0,68.00000000000001,2
Kanakapura,1130.0,2.0,45.20000000000001,2
Sarjapur  Road,1145.0,2.0,74.99999999999997,2
Kadugodi,950.0,3.0,79.99999999999997,3
other,1051.0,2.0,33.0,2
Marathahalli,1102.0,2.0,53.669999999999995,2
Jalahalli,1478.0,2.0,125.00000000000004,2
Chandapura,645.0,1.0,16.450000000000003,1
Hebbal,823.0,2.0,50.63,2
Abbigere,880.0,2.0,34.99999999999999,2
Budigere,1991.0,4.0,100.00000000000004,3
TC Palaya,1100.0,3.0,49.99999999999999,3
Gubbalala,1745.0,3.0,115.00000000000001,3
other,1100.0,2.0,70.00000000000003,2
5th Phase JP Nagar,1450.0,2.0,57.999999999999986,2
Sahakara Nagar,1150.0,2.0,54.00000000000001,2
Kanakpura Road,1843.0,3.0,95.83999999999999,3
Bommanahalli,1090.0,3.0,43.99999999999999,2
Kaggadasapura,1132.0,2.0,42.00000000000001,2
Hulimavu,1375.0,2.0,79.99999999999997,2
Thanisandra,760.0,1.0,50.29999999999999,1
Kaggadasapura,1180.0,2.0,64.99999999999999,2
Jigani,918.0,2.0,44.99999999999999,2
Margondanahalli,1200.0,1.0,53.00000000000001,2
HSR Layout,1372.0,2.0,61.00000000000001,2
Ardendale,1728.0,3.0,95.0,3
BTM 2nd Stage,1200.0,2.0,79.99999999999997,2
6th Phase JP Nagar,1280.0,2.0,56.00000000000002,2
other,1455.0,2.0,56.00000000000002,3
Rachenahalli,440.0,1.0,27.999999999999996,1
Kanakpura Road,1500.0,3.0,97.0,3
Whitefield,1800.0,3.0,110.00000000000004,3
Mysore Road,1525.0,3.0,95.99999999999999,3
Rachenahalli,1204.0,2.0,38.50000000000001,2
Old Madras Road,1225.0,2.0,53.550000000000004,2
Bannerghatta Road,1650.0,3.0,122.00000000000003,3
other,1200.0,2.0,55.000000000000014,2
9th Phase JP Nagar,1005.0,2.0,42.00000000000001,2
Whitefield,1562.0,3.0,103.00000000000001,3
Ramamurthy Nagar,1200.0,2.0,42.00000000000001,2
Kasavanhalli,1555.0,3.0,82.49999999999997,3
KR Puram,1550.0,2.0,71.0,2
Whitefield,1190.0,2.0,66.99999999999997,2
Chikkalasandra,1070.0,2.0,49.99999999999999,2
Sarjapur  Road,1800.0,2.0,28.784999999999997,2
Jalahalli East,1020.0,2.0,42.47999999999999,2
Yelahanka,1610.0,3.0,115.00000000000001,3
other,700.0,1.0,41.00000000000001,1
other,1300.0,2.0,48.99999999999999,3
Hebbal,1420.0,2.0,122.99999999999994,2
Hebbal,1069.0,3.0,65.39999999999999,3
Marathahalli,1900.0,3.0,122.99999999999994,3
Old Airport Road,1655.0,2.0,97.65000000000005,2
Uttarahalli,1155.0,2.0,40.419999999999995,2
Sarjapur  Road,1300.0,2.0,70.00000000000003,3
Electronic City,1100.0,2.0,44.99999999999999,2
Doddathoguru,1030.0,2.0,42.00000000000001,2
Vittasandra,2105.0,2.0,70.20000000000003,2
Bhoganhalli,1700.0,3.0,126.0,3
Jakkur,1760.0,3.0,138.99999999999997,3
other,1400.0,2.0,66.99999999999997,2
other,1200.0,2.0,53.00000000000001,2
Bannerghatta Road,912.0,2.0,55.000000000000014,2
Whitefield,1102.0,2.0,48.00000000000001,2
other,1535.0,3.0,55.000000000000014,3
Haralur Road,1243.0,2.0,46.0,2
Jigani,918.0,2.0,63.2,2
Begur Road,1500.0,2.0,70.00000000000003,3
Kasavanhalli,1476.0,3.0,88.99999999999999,3
Mysore Road,1200.0,2.0,64.99999999999999,2
Vijayanagar,606.0,1.0,34.779999999999994,1
other,1100.0,2.0,61.00000000000001,2
Garudachar Palya,1295.0,2.0,59.50000000000001,3
Neeladri Nagar,527.0,1.0,26.000000000000004,1
OMBR Layout,1300.0,2.0,79.99999999999997,2
other,1260.0,1.0,41.00000000000001,1
Koramangala,1140.0,2.0,75.2,2
other,1500.0,1.0,37.5,1
Whitefield,2321.0,4.0,127.99999999999997,3
Sarjapur  Road,1390.0,2.0,62.00000000000001,2
Sarjapur  Road,1725.0,3.0,90.0,3
Hennur Road,1186.0,2.0,62.99999999999999,3
Kanakpura Road,1230.0,2.0,85.00000000000001,2
other,600.0,1.0,17.0,1
Yeshwanthpur,1313.0,3.0,95.99999999999999,3
TC Palaya,900.0,2.0,55.000000000000014,2
Ambalipura,1250.0,2.0,66.24999999999997,2
Binny Pete,660.0,1.0,54.00000000000001,1
Old Madras Road,1100.0,2.0,70.00000000000003,2
Devanahalli,1950.0,2.0,46.800000000000004,2
Electronics City Phase 1,1015.0,2.0,56.00000000000002,2
Gottigere,812.0,1.0,26.000000000000004,1
other,1360.0,2.0,64.99999999999999,3
Nehru Nagar,2167.0,3.0,170.00000000000006,3
Raja Rajeshwari Nagar,1200.0,2.0,34.99999999999999,2
other,1165.0,2.0,74.99999999999997,2
BTM 2nd Stage,1274.0,2.0,70.00000000000003,2
Raja Rajeshwari Nagar,1151.0,2.0,39.02000000000001,2
Thubarahalli,1626.0,2.0,119.99999999999997,3
Banashankari Stage V,1035.0,2.0,35.77,2
other,1272.0,4.0,74.99999999999997,3
other,965.0,2.0,44.99999999999999,2
other,1600.0,5.0,139.99999999999994,5
Kothannur,1070.0,2.0,42.790000000000006,2
Raja Rajeshwari Nagar,1570.0,2.0,64.99999999999999,3
other,1276.0,2.0,37.99999999999999,2
other,780.0,2.0,24.999999999999996,2
other,1000.0,2.0,64.99999999999999,3
5th Phase JP Nagar,1700.0,2.0,100.00000000000004,3
Haralur Road,1850.0,3.0,110.00000000000004,3
Kereguddadahalli,904.0,2.0,30.000000000000004,2
other,1121.0,2.0,43.720000000000006,2
7th Phase JP Nagar,1385.0,2.0,58.17,3
Sahakara Nagar,1270.0,2.0,69.84999999999998,2
Kanakpura Road,1450.0,3.0,56.00000000000002,3
Mahadevpura,730.0,1.0,34.99999999999999,1
Raja Rajeshwari Nagar,1580.0,3.0,53.55999999999999,3
Thanisandra,1111.0,2.0,49.99999999999999,2
Varthur,977.0,2.0,36.0,2
other,674.0,1.0,19.900000000000002,2
Sarjapur,2540.0,4.0,115.00000000000001,4
Jakkur,1290.0,2.0,100.00000000000004,2
Abbigere,795.0,2.0,32.540000000000006,2
Kanakpura Road,700.0,1.0,34.99999999999999,2
other,1306.0,2.0,57.999999999999986,3
Bommenahalli,1670.0,3.0,135.00000000000003,4
Marsur,1200.0,3.0,90.0,3
Dodda Nekkundi,1804.0,3.0,121.00000000000003,3
Hoskote,1225.0,3.0,40.0,3
Thanisandra,1185.5,2.0,58.68000000000002,2
Bellandur,900.0,2.0,56.00000000000002,2
Binny Pete,1350.0,2.0,90.99999999999997,2
Kaggalipura,700.0,1.0,36.0,1
Mysore Road,1005.0,2.0,35.17499999999999,2
Poorna Pragna Layout,1160.0,2.0,46.39000000000001,2
Hennur Road,1680.0,3.0,99.26999999999997,3
LB Shastri Nagar,1043.0,2.0,55.000000000000014,2
Hebbal,1040.0,2.0,46.0,2
Tindlu,1357.0,2.0,64.99999999999999,3
other,1225.0,2.0,46.99999999999999,2
Yelachenahalli,1130.0,2.0,40.0,2
Basavangudi,2500.0,4.0,149.99999999999997,4
Sultan Palaya,1700.0,3.0,119.99999999999997,3
Doddathoguru,1549.0,3.0,64.99999999999999,3
Yeshwanthpur,1400.0,2.0,100.00000000000004,2
Dodda Nekkundi,1080.0,2.0,49.99999999999999,2
Ulsoor,1180.0,2.0,100.00000000000004,2
Domlur,1800.0,3.0,149.99999999999997,3
Haralur Road,1225.0,2.0,67.37999999999998,2
other,890.0,1.0,74.99999999999997,1
Abbigere,1005.0,2.0,39.589999999999996,2
Whitefield,1320.0,2.0,95.0,2
Anandapura,1475.0,2.0,49.99999999999999,4
Kudlu Gate,1707.0,2.0,99.74499999999996,3
other,1110.0,2.0,51.0,2
other,1300.0,2.0,54.00000000000001,2
Electronic City,1128.0,2.0,65.34999999999997,2
Jakkur,1452.19,2.0,100.00000000000004,2
Sanjay nagar,630.0,1.0,34.99999999999999,2
Hosa Road,1243.0,2.0,48.49999999999999,2
other,960.0,2.0,32.0,2
other,1690.0,3.0,100.00000000000004,3
Whitefield,735.0,2.0,34.99999999999999,2
Banaswadi,1365.0,2.0,72.99999999999999,2
Hebbal,1420.0,2.0,99.38999999999999,2
Somasundara Palya,1570.0,3.0,68.00000000000001,3
Bisuvanahalli,850.0,1.0,32.0,2
7th Phase JP Nagar,1575.0,2.0,110.00000000000004,3
Thigalarapalya,1418.0,2.0,103.99999999999999,2
Uttarahalli,1050.0,2.0,42.00000000000001,2
Hennur Road,1065.0,2.0,42.60000000000001,2
Ulsoor,1340.0,3.0,90.0,3
Yelahanka New Town,1610.0,3.0,92.00000000000001,3
Electronic City Phase II,1160.0,2.0,33.5,2
Kudlu,1092.0,2.0,43.99999999999999,2
Parappana Agrahara,1194.0,2.0,46.99999999999999,2
Yelahanka,1455.0,3.0,61.50000000000002,3
Abbigere,734.0,1.0,19.82,1
other,799.0,2.0,37.99999999999999,2
Whitefield,1896.0,3.0,74.99999999999997,3
Ardendale,1100.0,2.0,48.00000000000001,2
Bellandur,1350.0,2.0,79.0,2
other,1355.0,3.0,61.00000000000001,3
Electronic City,1128.0,2.0,64.99999999999999,2
other,1350.0,2.0,90.0,2
Kasavanhalli,1493.0,3.0,82.00000000000001,3
8th Phase JP Nagar,1098.0,2.0,43.910000000000004,2
Banashankari,1900.0,2.0,170.00000000000006,3
other,1460.0,3.0,88.00000000000003,3
Horamavu Banaswadi,1600.0,5.0,139.99999999999994,5
Varthur,1091.0,2.0,32.0,2
Yelahanka,1180.0,2.0,42.00000000000001,2
Kanakpura Road,1366.0,3.0,76.85,2
other,1685.0,3.0,95.0,3
Koramangala,1260.0,2.0,100.00000000000004,2
Whitefield,1346.0,2.0,96.16999999999999,2
Chandapura,630.0,1.0,13.860000000000001,1
Sarjapur  Road,1476.0,2.0,98.94,3
7th Phase JP Nagar,1850.0,3.0,139.99999999999994,3
Electronic City,755.0,1.0,34.00000000000001,2
Parappana Agrahara,1194.0,2.0,46.0,2
other,800.0,1.0,52.00000000000001,1
Vijayanagar,1352.0,2.0,68.00000000000001,2
Thanisandra,2002.0,3.0,111.99999999999996,3
Kaval Byrasandra,1060.0,2.0,44.99999999999999,2
Kanakpura Road,1419.59,2.0,59.000000000000014,3
Raja Rajeshwari Nagar,1196.0,2.0,51.150000000000006,2
Electronic City,1220.0,2.0,35.24,3
Electronics City Phase 1,1595.0,3.0,74.99999999999997,3
Banashankari,1260.0,2.0,74.99999999999997,2
Hebbal,1100.0,2.0,46.99999999999999,2
Frazer Town,1550.0,2.0,139.99999999999994,2
ISRO Layout,1180.0,2.0,52.00000000000001,2
Akshaya Nagar,1662.0,3.0,85.00000000000001,3
Hennur,1285.0,2.0,59.999999999999986,2
Ambedkar Nagar,1862.0,3.0,119.00000000000003,3
Raja Rajeshwari Nagar,1419.0,2.0,48.00000000000001,2
Whitefield,1410.0,3.0,43.71000000000001,3
Raja Rajeshwari Nagar,1560.0,2.0,62.4,3
Thanisandra,1634.0,3.0,78.0,3
Whitefield,1150.0,2.0,43.99999999999999,3
other,1100.0,2.0,53.00000000000001,2
Yelahanka,1616.0,3.0,64.99999999999999,3
Nagavarapalya,1392.0,2.0,98.99999999999999,2
Jakkur,1798.0,3.0,119.99999999999997,3
Babusapalaya,1675.0,3.0,74.99999999999997,3
other,792.0,2.0,70.00000000000003,2
other,2000.0,4.0,103.00000000000001,5
Hebbal,1700.0,3.0,124.00000000000003,3
Hulimavu,1248.0,2.0,69.00000000000001,2
other,1147.0,2.0,54.00000000000001,2
Sultan Palaya,1100.0,2.0,40.0,2
Vijayanagar,1527.0,3.0,115.00000000000001,3
Kanakpura Road,525.0,1.0,24.999999999999996,1
Kaggadasapura,1100.0,2.0,57.999999999999986,2
Seegehalli,1118.0,2.0,37.5,2
Kanakapura,1476.0,3.0,74.99999999999997,3
other,2100.0,3.0,74.99999999999997,3
other,1215.0,2.0,46.49999999999999,3
Ambalipura,1332.0,2.0,79.0,2
Hennur Road,1350.0,2.0,48.99999999999999,2
Haralur Road,1243.0,2.0,46.0,2
NGR Layout,1105.0,2.0,49.73,2
Kasavanhalli,1200.0,2.0,49.99999999999999,2
Ramagondanahalli,1251.0,2.0,47.400000000000006,2
Kambipura,883.0,2.0,44.99999999999999,2
Pai Layout,1400.0,2.0,66.99999999999997,3
Hegde Nagar,1703.0,3.0,113.00000000000003,3
NRI Layout,2500.0,5.0,129.99999999999997,5
Varthur,1250.0,3.0,71.0,3
Jigani,933.0,2.0,43.0,2
other,461.82,1.0,31.699999999999996,1
Brookefield,1262.0,2.0,74.99999999999997,2
Yelahanka,915.0,2.0,48.00000000000001,2
Panathur,1370.0,2.0,61.50000000000002,3
Malleshpalya,1210.0,2.0,55.000000000000014,2
other,1500.0,2.0,85.00000000000001,3
other,1065.0,2.0,49.99999999999999,2
Ramamurthy Nagar,1515.0,3.0,64.99999999999999,3
Sarjapura - Attibele Road,1800.0,4.0,110.00000000000004,4
Thanisandra,1445.0,2.0,40.309999999999995,3
Uttarahalli,1300.0,2.0,55.000000000000014,3
Vijayanagar,989.0,2.0,59.999999999999986,2
Jakkur,1300.0,2.0,85.00000000000001,2
Chandapura,1185.0,2.0,30.219999999999995,3
Marathahalli,1045.0,2.0,59.999999999999986,2
other,1205.0,2.0,42.18000000000001,2
other,1260.0,2.0,74.99999999999997,2
Ulsoor,1500.0,2.0,125.00000000000004,3
Bommanahalli,1250.0,2.0,42.50000000000001,3
other,1199.0,2.0,49.99999999999999,2
Hennur Road,1385.0,2.0,83.08999999999999,2
Lakshminarayana Pura,1149.0,2.0,74.99999999999997,2
Sarjapur  Road,2180.0,3.0,170.00000000000006,3
Hulimavu,1818.0,3.0,135.00000000000003,3
other,1070.0,2.0,33.0,2
Nagarbhavi,1350.0,2.0,54.599999999999994,3
Chandapura,630.0,1.0,27.0,2
Hoodi,1430.0,2.0,113.00000000000003,2
Sarjapur  Road,1084.0,2.0,55.000000000000014,2
Hennur Road,1186.0,2.0,56.00000000000002,3
Kengeri,1255.0,2.0,49.99999999999999,2
Hosa Road,1541.0,3.0,69.84000000000003,3
Raja Rajeshwari Nagar,1295.0,2.0,70.00000000000003,2
7th Phase JP Nagar,1370.0,2.0,54.78999999999998,3
Electronic City,1100.0,2.0,40.0,2
7th Phase JP Nagar,1370.0,2.0,54.78999999999998,3
JP Nagar,1200.0,2.0,62.00000000000001,2
Gunjur,2000.0,3.0,95.0,4
Sarjapur  Road,1220.0,3.0,62.00000000000001,3
other,1950.0,3.0,129.99999999999997,3
Somasundara Palya,1178.0,2.0,72.99999999999999,2
Dasanapura,1286.0,3.0,61.44,3
Begur Road,1160.0,2.0,42.00000000000001,2
Jigani,918.0,2.0,55.000000000000014,2
Electronic City,1563.0,3.0,91.84000000000003,3
other,1326.0,2.0,62.16999999999998,2
Begur Road,1240.0,2.0,39.06,2
Kaggadasapura,1325.0,2.0,49.99999999999999,2
Sonnenahalli,1100.0,2.0,43.99999999999999,2
Gollarapalya Hosahalli,1605.0,3.0,49.99999999999999,3
Somasundara Palya,1260.0,2.0,59.999999999999986,2
Hoodi,1553.0,3.0,83.08999999999999,3
Whitefield,1280.0,2.0,52.00000000000001,2
Hebbal,1550.0,2.0,74.99999999999997,3
Arekere,1445.0,2.0,125.00000000000004,3
Murugeshpalya,1550.0,3.0,74.00000000000003,3
Electronics City Phase 1,1515.0,2.0,80.91,3
Hosa Road,1332.0,2.0,86.12000000000002,3
Electronic City,1652.0,3.0,70.00000000000003,3
Hegde Nagar,1570.0,3.0,104.99999999999997,3
Sector 2 HSR Layout,794.0,1.0,59.999999999999986,1
Seegehalli,1200.0,2.0,62.00000000000001,3
Sarjapur  Road,1750.0,3.0,110.00000000000004,3
Hebbal,1053.0,2.0,48.00000000000001,2
Kanakpura Road,1100.0,3.0,53.00000000000001,3
Kadubeesanahalli,1665.0,3.0,70.00000000000003,3
Bommasandra,1447.0,3.0,79.99999999999997,3
Balagere,1012.0,2.0,74.99999999999997,2
Malleshpalya,1900.0,3.0,59.999999999999986,3
Narayanapura,1308.0,2.0,92.66000000000001,2
Hormavu,1351.0,2.0,53.00000000000001,1
Electronic City,1000.0,2.0,22.000000000000004,2
Gunjur,1140.0,2.0,49.10999999999999,2
Uttarahalli,1250.0,2.0,55.000000000000014,3
Kanakapura,1290.0,3.0,45.150000000000006,3
Ambedkar Nagar,1424.0,2.0,90.0,2
Garudachar Palya,1320.0,2.0,60.60000000000002,3
Akshaya Nagar,1662.0,3.0,85.50000000000003,3
Begur Road,1200.0,2.0,44.99999999999999,2
Garudachar Palya,1295.0,2.0,59.50000000000001,3
Battarahalli,1777.0,3.0,100.00000000000004,3
Kadugodi,1900.0,3.0,108.00000000000003,3
Anandapura,1576.0,3.0,59.1,3
Sompura,1020.0,2.0,41.00000000000001,2
other,2100.0,3.0,170.00000000000006,3
Raja Rajeshwari Nagar,648.0,1.0,31.750000000000007,1
Neeladri Nagar,1167.0,2.0,37.99999999999999,3
Hoodi,1220.0,2.0,50.89,2
Vittasandra,1259.0,2.0,67.39999999999998,2
Gottigere,2000.0,4.0,82.00000000000001,4
8th Phase JP Nagar,1800.0,3.0,79.99999999999997,3
other,1991.0,3.0,159.99999999999994,3
Bannerghatta,1665.0,3.0,110.00000000000004,3
other,1234.0,2.0,61.00000000000001,2
Mysore Road,1340.0,2.0,64.31000000000003,3
Banashankari,1170.0,2.0,46.790000000000006,2
Electronics City Phase 1,995.0,2.0,46.0,2
Old Airport Road,1075.0,2.0,59.999999999999986,2
Electronic City,1025.0,2.0,54.50000000000001,2
Thanisandra,2000.0,3.0,98.99999999999999,3
Whitefield,2500.0,4.0,155.00000000000003,4
Mallasandra,1325.0,2.0,70.00000000000003,2
Kadugodi,1314.0,2.0,68.2,2
Kanakpura Road,2265.0,3.0,136.00000000000006,3
Yelahanka,1026.0,2.0,41.00000000000001,2
other,1200.0,3.0,65.99999999999997,3
other,2220.0,4.0,64.99999999999999,3
KR Puram,1192.5,2.0,51.220000000000006,2
Hebbal,1420.0,2.0,99.38999999999999,2
Sarjapur  Road,1888.0,4.0,95.0,3
JP Nagar,1300.0,2.0,90.86999999999999,2
Rajaji Nagar,1216.0,2.0,97.16,2
Begur,1559.0,3.0,62.99999999999999,3
Harlur,1290.0,2.0,87.0,2
Whitefield,905.0,1.0,55.000000000000014,1
other,1069.0,2.0,55.000000000000014,2
Sarjapura - Attibele Road,829.0,2.0,22.8,2
Sarjapur  Road,1300.0,3.0,59.999999999999986,3
Channasandra,1115.0,2.0,33.45,2
Ambedkar Nagar,2150.0,4.0,125.00000000000004,3
Marathahalli,1305.0,2.0,69.00000000000001,3
Kanakpura Road,1252.0,2.0,56.31999999999998,2
Whitefield,1200.0,2.0,46.13,2
Koramangala,1750.0,3.0,129.99999999999997,3
other,1375.0,2.0,104.99999999999997,2
Subramanyapura,1313.0,2.0,66.49999999999999,2
other,1693.0,3.0,108.00000000000003,3
other,1160.0,2.0,41.75000000000001,2
Subramanyapura,1255.0,2.0,79.0,3
other,900.0,2.0,44.99999999999999,2
Yelahanka New Town,1700.0,3.0,90.0,3
Uttarahalli,1700.0,3.0,88.00000000000003,3
Harlur,1749.0,3.0,115.00000000000001,3
Dasanapura,1500.0,3.0,64.99999999999999,2
other,1175.0,2.0,48.00000000000001,2
Akshaya Nagar,1280.0,2.0,59.999999999999986,2
other,1200.0,2.0,49.99999999999999,2
Ramagondanahalli,1610.0,2.0,115.00000000000001,3
Electronic City,1070.0,2.0,46.0,2
TC Palaya,1200.0,2.0,65.99999999999997,2
9th Phase JP Nagar,1127.0,2.0,49.99999999999999,2
Indira Nagar,1210.0,2.0,101.99999999999996,2
other,600.0,2.0,23.0,2
other,1364.0,2.0,70.00000000000003,2
Whitefield,2268.0,3.0,146.0,4
other,1150.0,2.0,77.5,3
other,1146.0,2.0,39.5,2
Magadi Road,1345.0,2.0,55.000000000000014,2
other,1110.0,2.0,41.00000000000001,2
Kengeri,750.0,2.0,36.0,2
other,1156.0,2.0,49.500000000000014,2
Pattandur Agrahara,1247.0,2.0,59.80000000000002,2
other,1058.0,2.0,59.999999999999986,2
Kaggalipura,950.0,2.0,48.00000000000001,2
Vijayanagar,1520.0,2.0,103.00000000000001,3
Marathahalli,1215.0,2.0,58.86000000000002,2
other,900.0,1.0,30.000000000000004,1
Thanisandra,1050.0,2.0,46.0,2
other,1672.0,3.0,149.99999999999997,3
other,1500.0,2.0,64.99999999999999,3
other,1400.0,2.0,64.99999999999999,2
Bommasandra,920.0,2.0,37.46,2
Sarjapur  Road,1200.0,3.0,70.00000000000003,3
Hosakerehalli,1817.0,4.0,152.99999999999997,3
HSR Layout,1140.0,2.0,46.0,2
Haralur Road,1464.0,2.0,56.00000000000002,2
other,1468.0,3.0,129.99999999999997,2
Electronics City Phase 1,1555.0,2.0,82.00000000000001,3
Whitefield,1150.0,2.0,55.000000000000014,2
Kadubeesanahalli,970.0,2.0,34.99999999999999,2
Banashankari,2500.0,4.0,95.0,4
other,1166.0,2.0,53.00000000000001,2
Electronic City,1350.0,3.0,57.999999999999986,3
other,900.0,2.0,46.0,2
7th Phase JP Nagar,1300.0,2.0,52.00000000000001,3
other,1190.0,3.0,55.000000000000014,3
Kodichikkanahalli,1495.0,2.0,74.99999999999997,3
Indira Nagar,1224.0,2.0,104.99999999999997,2
Banashankari Stage III,1350.0,2.0,68.00000000000001,3
Green Glen Layout,940.0,2.0,56.800000000000004,2
Raja Rajeshwari Nagar,1100.0,2.0,55.000000000000014,2
Kaikondrahalli,1300.0,2.0,61.00000000000001,2
Hoodi,1105.0,2.0,46.36999999999999,2
Yelahanka,1517.0,3.0,76.29999999999997,3
Jalahalli,1615.0,3.0,89.75000000000004,3
other,1500.0,3.0,64.99999999999999,3
Mysore Road,1082.0,3.0,50.50000000000001,3
Marathahalli,1365.0,2.0,72.99999999999999,2
Electronic City,1000.0,2.0,24.999999999999996,2
CV Raman Nagar,1392.0,2.0,98.00000000000004,2
Kodigehalli,1086.0,2.0,33.660000000000004,2
Hennur Road,1586.0,3.0,93.94,3
Hennur,1100.0,2.0,59.999999999999986,2
Electronic City Phase II,1065.0,2.0,30.749999999999996,2
TC Palaya,1500.0,2.0,119.99999999999997,3
7th Phase JP Nagar,1575.0,2.0,119.99999999999997,3
Hennur Road,1975.0,3.0,122.99999999999994,3
other,820.0,2.0,24.000000000000004,2
Gubbalala,1745.0,3.0,110.00000000000004,3
Nagarbhavi,1223.0,2.0,59.999999999999986,2
Ananth Nagar,1200.0,2.0,64.99999999999999,3
Basaveshwara Nagar,1200.0,2.0,90.0,2
Binny Pete,665.0,1.0,46.080000000000005,1
Bharathi Nagar,1351.0,2.0,70.00000000000003,2
Hebbal,1355.0,3.0,83.86999999999999,3
Thanisandra,1588.0,3.0,75.55,3
Amruthahalli,900.0,2.0,59.999999999999986,2
Panathur,1370.0,2.0,74.99999999999997,3
Whitefield,1500.0,3.0,71.79999999999997,3
Kanakpura Road,1100.0,3.0,53.00000000000001,3
Hoodi,1247.0,2.0,53.00000000000001,2
Balagere,1020.07,2.0,68.38000000000002,2
other,1033.0,2.0,32.0,3
other,1460.0,2.0,72.99999999999999,3
Garudachar Palya,1150.0,2.0,52.800000000000004,2
Babusapalaya,1141.0,2.0,46.0,2
Hosa Road,1665.0,2.0,125.00000000000004,3
Kanakapura,1295.0,2.0,63.99999999999998,2
Haralur Road,1230.0,2.0,78.0,2
other,1080.0,2.0,74.99999999999997,3
Kaggalipura,1000.0,2.0,59.999999999999986,2
Kaval Byrasandra,2400.0,2.0,49.99999999999999,3
Whitefield,630.5,1.0,32.78999999999999,1
Rayasandra,1708.0,3.0,74.99999999999997,3
Thanisandra,1697.0,3.0,115.00000000000001,3
Hosa Road,615.0,1.0,28.29,1
Banashankari,1350.0,2.0,83.00000000000003,3
Kanakpura Road,1530.0,2.0,66.40000000000002,3
Jalahalli,1083.0,2.0,32.49000000000001,2
Gottigere,1460.0,2.0,64.99999999999999,3
Babusapalaya,1084.0,2.0,57.999999999999986,2
Bommasandra,1035.0,2.0,41.43000000000001,2
other,2400.0,2.0,149.99999999999997,3
Hosur Road,460.0,1.0,21.0,1
Whitefield,1285.0,2.0,55.899999999999984,2
Sarjapur,1200.0,3.0,78.0,3
other,1070.0,2.0,34.99999999999999,2
Hegde Nagar,1801.0,3.0,139.99999999999994,3
Whitefield,1697.0,3.0,115.00000000000001,3
AECS Layout,1199.0,2.0,64.99999999999999,2
Mysore Road,1340.0,2.0,64.31000000000003,3
other,1125.0,2.0,74.99999999999997,2
Anandapura,1200.0,2.0,66.99999999999997,2
Subramanyapura,1050.0,2.0,41.00000000000001,2
Nagarbhavi,956.0,2.0,48.99999999999999,2
Sarjapur,1000.0,2.0,30.000000000000004,2
other,1596.0,3.0,95.0,3
Kanakpura Road,1296.0,2.0,89.06000000000004,2
other,1639.0,3.0,122.99999999999994,3
Electronic City Phase II,1219.0,2.0,61.250000000000014,2
Uttarahalli,1200.0,3.0,49.99999999999999,3
Bannerghatta Road,1218.0,2.0,72.99999999999999,2
other,920.0,2.0,36.99999999999999,2
Yeshwanthpur,2559.0,3.0,141.00000000000003,3
2nd Phase Judicial Layout,525.0,1.0,26.000000000000004,1
Bannerghatta Road,1427.0,2.0,48.510000000000005,3
Kothannur,1270.0,3.0,44.99999999999999,3
Ramagondanahalli,920.0,2.0,64.99999999999999,2
Ramamurthy Nagar,1355.0,2.0,40.0,3
Lingadheeranahalli,1530.0,2.0,90.0,3
other,1372.0,2.0,90.0,3
Nehru Nagar,2363.0,5.0,119.99999999999997,4
Jakkur,1950.0,3.0,130.99999999999994,3
other,885.0,2.0,40.0,2
Yelahanka,600.0,2.0,27.0,2
Kanakpura Road,1339.0,2.0,62.00000000000001,2
Whitefield,1130.0,2.0,36.0,2
Uttarahalli,1085.0,2.0,43.0,2
Yeshwanthpur,1430.0,3.0,72.0,3
Bhoganhalli,1451.5,4.0,121.00000000000003,4
other,1490.0,2.0,59.6,3
other,1650.0,4.0,98.99999999999999,4
Bellandur,1286.0,2.0,57.00000000000001,2
other,925.0,2.0,62.99999999999999,2
Haralur Road,1000.0,2.0,43.99999999999999,2
Whitefield,1215.0,2.0,38.99999999999999,2
other,1200.0,3.0,95.0,4
Lakshminarayana Pura,1336.0,2.0,100.00000000000004,2
Yeshwanthpur,673.0,1.0,36.849999999999994,1
Anandapura,1200.0,2.0,57.999999999999986,2
other,1200.0,2.0,79.0,2
Devanahalli,2400.0,5.0,100.00000000000004,5
Sector 2 HSR Layout,1143.0,2.0,64.99999999999999,2
Kanakpura Road,1470.0,2.0,61.73999999999999,2
other,1584.0,3.0,144.99999999999997,4
Marathahalli,1785.0,3.0,94.0,3
Kothanur,1460.0,3.0,71.0,3
Kasturi Nagar,1500.0,2.0,79.99999999999997,3
Chikkalasandra,1230.0,2.0,48.00000000000001,2
Yelahanka New Town,650.0,1.0,19.999999999999996,1
Benson Town,1480.0,2.0,119.99999999999997,2
Thanisandra,1220.0,2.0,43.92,2
other,1570.0,3.0,115.00000000000001,3
Mallasandra,1665.0,3.0,86.91,3
Ramamurthy Nagar,1100.0,2.0,68.00000000000001,2
Kathriguppe,1350.0,2.0,87.01,3
Kasavanhalli,1719.0,3.0,115.99999999999999,3
Budigere,664.0,1.0,34.99999999999999,1
Sonnenahalli,1011.0,2.0,50.53,2
other,2400.0,6.0,129.99999999999997,6
other,1680.0,3.0,85.00000000000001,3
Yeshwanthpur,717.0,2.0,49.47500000000001,2
Uttarahalli,1350.0,2.0,53.00000000000001,3
Kothanur,1760.0,3.0,149.99999999999997,3
Pattandur Agrahara,875.0,2.0,33.0,2
Hennur,1231.0,2.0,48.00000000000001,2
Somasundara Palya,1174.0,2.0,74.00000000000003,2
Munnekollal,1560.0,3.0,74.99999999999997,3
other,1464.0,2.0,56.00000000000002,2
Kanakpura Road,2200.0,3.0,129.99999999999997,3
Shivaji Nagar,850.0,2.0,55.000000000000014,2
1st Phase JP Nagar,2024.0,3.0,156.99999999999994,3
Devanahalli,1080.0,2.0,43.99999999999999,2
Electronic City,1020.0,2.0,29.460000000000004,2
Begur Road,1500.0,2.0,55.000000000000014,3
Uttarahalli,1175.0,2.0,46.99999999999999,2
Channasandra,1030.0,2.0,34.50000000000001,2
Hebbal,1440.0,2.0,115.00000000000001,2
Hoodi,1500.0,2.0,83.99999999999999,2
Thanisandra,1380.0,1.0,62.09999999999999,1
other,1200.0,2.0,49.99999999999999,2
other,705.0,1.0,36.50000000000001,1
Harlur,2240.0,5.0,155.00000000000003,3
Hegde Nagar,1584.01,3.0,103.00000000000001,3
other,1340.0,3.0,77.00000000000001,3
other,1800.0,3.0,70.00000000000003,3
R.T. Nagar,1200.0,2.0,44.99999999999999,2
Sarjapur  Road,685.0,1.0,40.0,1
other,925.0,2.0,42.00000000000001,2
other,1230.0,2.0,57.00000000000001,2
Kodichikkanahalli,1125.0,2.0,52.00000000000001,2
Hebbal,1100.0,2.0,54.00000000000001,2
Jigani,2400.0,3.0,149.0,3
Electronic City Phase II,1400.0,2.0,41.58,3
Jakkur,1858.0,3.0,98.29999999999997,3
other,1260.0,1.0,41.00000000000001,1
HSR Layout,1185.0,2.0,59.999999999999986,2
Hennur,1255.0,2.0,57.999999999999986,2
Kudlu Gate,1335.0,3.0,88.99999999999999,3
Dodda Nekkundi,1999.0,3.0,131.99999999999997,3
Kundalahalli,1397.0,3.0,110.00000000000004,3
Chikka Tirupathi,1616.0,3.0,95.0,3
Raja Rajeshwari Nagar,1140.0,2.0,38.55,2
Kanakpura Road,525.0,1.0,30.000000000000004,1
Varthur,1200.0,2.0,98.00000000000004,3
Balagere,1205.47,2.0,81.00000000000003,2
Electronic City,1700.0,3.0,74.99999999999997,3
Kanakpura Road,1090.0,2.0,54.54,2
Thanisandra,923.0,1.0,60.840000000000025,1
Green Glen Layout,1050.0,2.0,48.00000000000001,2
Whitefield,1495.0,2.0,79.5,2
Hennur Road,1664.0,2.0,93.86499999999995,3
Narayanapura,1485.0,3.0,85.00000000000001,3
Dommasandra,1033.0,2.0,31.499999999999993,3
Electronic City,1400.0,2.0,48.00000000000001,3
Sarjapur  Road,944.0,2.0,34.99999999999999,2
Whitefield,1216.0,2.0,66.48000000000002,2
other,1100.0,2.0,39.5,2
Thanisandra,1743.0,3.0,93.25000000000001,3
Yelahanka,1274.0,2.0,48.42000000000001,2
Mysore Road,1512.0,2.0,110.00000000000004,3
Cox Town,1650.0,3.0,100.00000000000004,3
Doddathoguru,1875.0,3.0,55.000000000000014,3
Whitefield,1350.0,3.0,54.00000000000001,3
other,1219.0,2.0,40.0,2
Sarjapura - Attibele Road,2400.0,3.0,85.00000000000001,3
Hormavu,1141.0,2.0,44.400000000000006,2
Anandapura,1151.0,2.0,43.099999999999994,2
Sarjapur  Road,915.0,2.0,37.99999999999999,2
Bannerghatta Road,1115.0,2.0,65.12000000000002,2
Thigalarapalya,2072.0,4.0,138.99999999999997,3
Kaggadasapura,1200.0,2.0,53.00000000000001,2
Singasandra,1300.0,2.0,64.99999999999999,2
Bellandur,1457.0,2.0,85.00000000000001,2
Kannamangala,1262.0,2.0,55.000000000000014,2
Ananth Nagar,900.0,2.0,22.499999999999996,2
Attibele,420.0,1.0,17.0,1
Kanakapura,1160.0,2.0,46.39000000000001,2
Kasavanhalli,1115.0,2.0,49.99999999999999,2
JP Nagar,1315.0,2.0,85.4,3
Babusapalaya,1500.0,2.0,57.00000000000001,2
HSR Layout,1127.0,2.0,68.00000000000001,2
Kundalahalli,1397.0,3.0,103.99999999999999,3
Whitefield,1173.0,2.0,59.999999999999986,2
Sompura,1090.0,2.0,27.999999999999996,2
Jakkur,1230.0,2.0,76.0,2
Sarjapur  Road,858.0,2.0,31.57,2
Talaghattapura,1868.0,3.0,121.00000000000003,3
Uttarahalli,1689.28,3.0,91.20000000000002,3
Banashankari,1425.0,3.0,49.88000000000001,3
Tindlu,1350.0,2.0,100.00000000000004,2
Uttarahalli,1310.0,2.0,85.00000000000001,3
other,970.0,2.0,40.0,2
Kundalahalli,1397.0,3.0,108.00000000000003,3
Sarjapur,1157.0,2.0,40.0,2
Kasavanhalli,1125.0,2.0,61.19999999999999,2
Sonnenahalli,1157.0,2.0,42.00000000000001,2
Sarjapur  Road,1241.0,2.0,82.00000000000001,2
Binny Pete,660.0,1.0,62.00000000000001,1
Rajiv Nagar,2340.0,4.0,147.99999999999994,4
other,596.0,1.0,42.00000000000001,1
other,1200.0,4.0,110.00000000000004,4
Brookefield,1139.0,2.0,79.99999999999997,2
Sarjapura - Attibele Road,1033.0,2.0,28.409999999999997,2
Yeshwanthpur,1168.0,2.0,64.08000000000001,2
Chandapura,877.0,2.0,42.00000000000001,2
Electronics City Phase 1,1340.0,2.0,74.99999999999997,2
other,1405.0,2.0,70.00000000000003,3
other,1800.0,3.0,64.99999999999999,3
other,1750.0,3.0,149.0,3
other,1360.0,2.0,64.99999999999999,3
other,985.0,2.0,62.99999999999999,2
7th Phase JP Nagar,1850.0,3.0,149.99999999999997,3
other,1490.0,2.0,88.00000000000003,3
other,620.0,1.0,24.999999999999996,2
Hormavu,1130.0,2.0,42.29999999999999,2
Yelachenahalli,1080.0,2.0,55.000000000000014,2
Begur Road,1410.0,2.0,52.17,3
Bommanahalli,1375.0,3.0,59.000000000000014,3
Hennur Road,1290.0,2.0,94.50000000000001,3
Hosa Road,1318.0,2.0,85.27999999999997,3
Electronic City,1128.0,2.0,68.00000000000001,2
Kanakpura Road,1051.0,2.0,56.73999999999998,2
Kannamangala,2400.0,4.0,129.99999999999997,4
Yelahanka,1327.0,2.0,85.00000000000001,2
other,1301.0,2.0,55.000000000000014,2
other,650.0,1.0,30.000000000000004,1
Varthur,1200.0,3.0,67.75,3
other,1500.0,2.0,89.99000000000004,3
Electronic City Phase II,1000.0,2.0,28.879999999999995,2
Sarjapur  Road,984.0,2.0,45.910000000000004,2
Jakkur,1819.18,3.0,159.99999999999994,3
Hebbal,1355.0,3.0,83.86999999999999,3
Kaggadasapura,1118.0,2.0,30.000000000000004,2
other,910.0,1.0,42.00000000000001,1
other,1250.0,3.0,38.99999999999999,3
Hosakerehalli,1304.0,2.0,100.00000000000004,2
Begur Road,1615.0,3.0,57.999999999999986,3
Sarjapur  Road,1400.0,2.0,68.00000000000001,2
CV Raman Nagar,1070.0,2.0,47.49999999999999,2
Hoodi,1132.0,2.0,89.37000000000005,2
other,2000.0,3.0,85.00000000000001,3
Sector 2 HSR Layout,794.0,1.0,64.99999999999999,1
Raja Rajeshwari Nagar,1090.0,2.0,43.589999999999996,2
Gottigere,1500.0,3.0,70.00000000000003,3
Kanakpura Road,525.0,1.0,30.000000000000004,1
Bhoganhalli,1447.0,2.0,75.97000000000001,2
Whitefield,1269.0,2.0,74.99999999999997,2
Kanakpura Road,1070.0,2.0,37.449999999999996,2
Talaghattapura,1150.0,2.0,27.999999999999996,2
Marathahalli,1208.0,2.0,70.00000000000003,2
Ramamurthy Nagar,1185.0,2.0,45.5,2
Anekal,888.0,2.0,34.00000000000001,2
Chandapura,1015.0,2.0,25.880000000000003,2
other,532.0,1.0,22.49,1
other,1060.0,3.0,62.00000000000001,3
Electronic City,700.0,1.0,34.99999999999999,1
other,902.0,2.0,42.00000000000001,2
Uttarahalli,1175.0,2.0,46.99999999999999,2
Binny Pete,1365.0,2.0,122.00000000000003,2
Doddathoguru,984.0,2.0,51.0,2
Jalahalli East,1475.0,3.0,95.99999999999999,3
Haralur Road,1300.0,2.0,79.0,2
Babusapalaya,1453.0,2.0,43.589999999999996,3
Akshaya Nagar,1666.0,3.0,95.0,3
Murugeshpalya,1845.0,3.0,90.99999999999997,3
Sarjapura - Attibele Road,1676.0,3.0,52.00000000000001,3
Uttarahalli,1137.0,2.0,62.99999999999999,2
Electronic City,1360.0,2.0,70.5,3
other,1374.0,2.0,70.00000000000003,3
Judicial Layout,1700.0,3.0,155.00000000000003,3
other,2145.0,4.0,125.00000000000004,4
Kasavanhalli,2170.0,3.0,151.0,3
other,1080.0,2.0,55.000000000000014,2
Electronic City Phase II,1790.0,3.0,100.00000000000004,3
Doddathoguru,550.0,1.0,17.0,1
Poorna Pragna Layout,1270.0,2.0,50.79,3
Somasundara Palya,1033.0,2.0,48.00000000000001,2
other,1000.0,2.0,79.99999999999997,2
other,1240.0,2.0,52.6,2
Kambipura,883.0,2.0,38.99999999999999,2
other,1500.0,2.0,97.0,3
Marathahalli,1730.0,3.0,138.99999999999997,3
Kasavanhalli,1915.0,3.0,79.99999999999997,3
Whitefield,1545.0,3.0,79.0,3
other,1865.0,4.0,139.99999999999994,3
Hebbal Kempapura,1150.0,2.0,40.0,2
other,1200.0,2.0,48.99999999999999,2
Kengeri,963.0,2.0,40.0,2
Kaikondrahalli,1700.0,4.0,108.00000000000003,4
Lingadheeranahalli,1682.0,3.0,119.99999999999997,3
Yelahanka,1371.0,2.0,64.99999999999999,3
Hennur Road,901.0,2.0,49.500000000000014,2
Ambalipura,1730.0,3.0,119.99999999999997,3
EPIP Zone,1500.0,3.0,101.99999999999996,3
other,1203.0,2.0,59.85999999999998,2
Horamavu Banaswadi,1357.0,2.0,54.00000000000001,2
other,1600.0,3.0,76.0,3
Yelahanka New Town,350.0,1.0,13.5,1
Varthur,1665.0,3.0,53.00000000000001,3
Sarjapur  Road,835.0,1.0,46.95000000000001,1
Haralur Road,1444.0,2.0,79.99999999999997,3
Kanakapura,1277.0,2.0,55.000000000000014,2
Lingadheeranahalli,1521.0,3.0,94.71000000000002,3
other,1134.0,2.0,40.0,2
Vasanthapura,995.0,2.0,34.82,2
Marathahalli,1325.0,1.0,92.00000000000001,2
Marathahalli,1525.0,3.0,90.0,3
other,1320.0,2.0,72.99999999999999,3
Electronics City Phase 1,650.0,1.0,23.0,1
Old Airport Road,1858.0,2.0,167.00000000000006,3
Electronic City,1150.0,2.0,37.99999999999999,2
Electronic City Phase II,769.0,2.0,40.0,2
Electronic City,1571.0,3.0,104.99999999999997,3
Hennur Road,1445.0,3.0,86.56000000000003,3
Hosur Road,1590.0,2.0,135.00000000000003,3
Bommasandra,902.0,2.0,48.99999999999999,2
Sarjapur,2238.0,3.0,139.99999999999994,3
Electronic City,1090.0,2.0,31.49,2
Yelahanka,1712.0,3.0,82.00000000000001,3
Haralur Road,1088.0,2.0,68.00000000000001,2
Somasundara Palya,1575.0,3.0,63.100000000000016,3
Kundalahalli,1920.0,3.0,149.99999999999997,3
Margondanahalli,1000.0,2.0,57.00000000000001,2
other,1100.0,2.0,56.100000000000016,2
Electronic City,1089.0,2.0,44.99999999999999,2
Horamavu Agara,1106.0,2.0,43.09000000000001,2
Kengeri,927.0,2.0,36.99999999999999,2
Kanakpura Road,1339.0,2.0,57.999999999999986,2
Thanisandra,923.0,1.0,45.690000000000005,1
Lakshminarayana Pura,1175.0,2.0,74.99999999999997,2
Thubarahalli,975.0,2.0,55.000000000000014,2
Subramanyapura,1330.0,3.0,72.0,3
Thanisandra,1183.0,2.0,59.740000000000016,2
Harlur,1758.0,3.0,133.0,3
Hebbal,1255.0,2.0,77.68,3
Pai Layout,1100.0,2.0,49.99999999999999,2
Ramamurthy Nagar,1170.0,2.0,46.800000000000004,2
other,2400.0,5.0,119.99999999999997,5
Raja Rajeshwari Nagar,1530.0,3.0,51.769999999999996,3
Hebbal,1420.0,2.0,106.99999999999996,2
Kanakpura Road,1591.0,3.0,115.00000000000001,3
7th Phase JP Nagar,1680.0,3.0,119.99999999999997,3
other,675.0,3.0,52.00000000000001,2
Hoodi,1055.0,2.0,57.63000000000001,2
Iblur Village,1918.0,3.0,128.99999999999997,3
Sarjapur  Road,1280.0,2.0,76.0,2
Nagarbhavi,1560.0,3.0,65.99999999999997,3
Sarjapur  Road,1145.0,2.0,49.500000000000014,2
Talaghattapura,2106.0,3.0,126.0,3
other,1801.0,3.0,138.99999999999997,3
Whitefield,1306.0,3.0,54.65,3
Hebbal,1320.0,2.0,92.00000000000001,2
other,1350.0,2.0,64.99999999999999,3
Bannerghatta Road,1344.0,2.0,42.00000000000001,3
Bannerghatta Road,1893.0,3.0,100.00000000000004,3
Chandapura,1107.0,2.0,43.0,3
Lakshminarayana Pura,1190.0,2.0,74.99999999999997,2
Whitefield,1000.0,2.0,34.99999999999999,2
other,2400.0,2.0,159.99999999999994,2
Kumaraswami Layout,1000.0,2.0,48.49999999999999,2
Jalahalli,2113.0,3.0,155.00000000000003,3
KR Puram,1100.0,2.0,46.0,2
Harlur,1884.0,4.0,119.99999999999997,4
Electronic City,1110.0,2.0,40.0,2
Kudlu,1027.0,2.0,43.0,2
other,1250.0,3.0,40.0,3
Sarjapur  Road,1470.0,3.0,62.00000000000001,3
other,1150.0,2.0,74.99999999999997,2
Kudlu Gate,703.0,1.0,52.00000000000001,1
other,1400.0,2.0,62.00000000000001,3
Bellandur,1195.0,2.0,51.0,2
Narayanapura,1302.0,2.0,69.10000000000001,2
Begur Road,1583.0,3.0,74.40000000000003,3
other,1488.0,2.0,59.999999999999986,3
Kammasandra,1385.0,2.0,34.629999999999995,3
Electronic City,1600.0,3.0,103.99999999999999,3
Old Airport Road,1150.0,2.0,90.0,2
Sarjapur  Road,1263.0,2.0,78.0,2
Kanakpura Road,1299.0,2.0,85.00000000000001,2
Banashankari,1330.0,2.0,78.0,2
Devanahalli,1282.0,2.0,52.42999999999999,3
other,1853.0,3.0,82.00000000000001,3
other,861.0,2.0,34.99999999999999,2
Bannerghatta Road,1600.0,3.0,95.0,3
other,1256.0,2.0,62.799999999999976,2
other,1390.0,2.0,79.99999999999997,3
other,1550.0,2.0,90.0,3
Hebbal,919.0,2.0,48.99999999999999,2
Margondanahalli,1625.0,3.0,79.99999999999997,3
Gunjur,1195.0,2.0,43.99999999999999,2
Yelenahalli,1159.0,2.0,59.999999999999986,2
Whitefield,1386.0,3.0,57.45999999999999,3
Harlur,1197.0,2.0,79.0,2
Bommasandra,1295.0,2.0,50.28000000000001,3
other,1310.0,2.0,37.83,3
Whitefield,1132.0,2.0,79.28000000000002,2
Hebbal,1645.0,3.0,135.00000000000003,3
Whitefield,1200.0,2.0,45.84000000000001,2
Marathahalli,1937.0,3.0,139.99999999999994,3
Doddathoguru,1015.0,2.0,33.5,2
other,1080.0,2.0,38.99999999999999,2
Kathriguppe,1350.0,2.0,80.99,3
Kengeri Satellite Town,1149.0,2.0,29.000000000000004,3
Kothanur,1185.0,2.0,59.000000000000014,2
Domlur,1720.0,3.0,135.00000000000003,3
Tindlu,1500.0,3.0,87.0,3
Yelahanka,1566.0,3.0,97.0,3
other,1500.0,4.0,110.00000000000004,4
KR Puram,1290.0,2.0,49.02000000000001,2
other,1531.0,3.0,72.0,3
other,1839.0,3.0,164.99999999999994,3
Electronic City Phase II,1400.0,2.0,40.42999999999999,3
Whitefield,1140.0,2.0,38.99999999999999,2
Tumkur Road,1343.5,3.0,57.75999999999997,3
Banashankari Stage III,2000.0,4.0,100.00000000000004,4
Kaval Byrasandra,1100.0,2.0,46.0,2
other,1200.0,2.0,55.000000000000014,2
Bannerghatta,1618.0,3.0,68.00000000000001,3
Uttarahalli,1315.0,2.0,74.00000000000003,3
Anandapura,1141.0,2.0,42.74999999999999,2
AECS Layout,1080.0,2.0,55.000000000000014,2
HBR Layout,1200.0,2.0,59.999999999999986,2
Varthur,1111.0,2.0,41.879999999999995,2
NGR Layout,1022.0,2.0,45.9,2
Bannerghatta Road,1275.0,2.0,64.99999999999999,2
other,900.0,2.0,70.00000000000003,2
Rachenahalli,1224.0,2.0,39.199999999999996,2
Battarahalli,1135.0,2.0,43.0,2
Rachenahalli,1050.0,2.0,52.10000000000001,2
Kudlu Gate,1535.0,3.0,85.99999999999997,3
Nagavarapalya,1392.0,2.0,129.99999999999997,2
Bellandur,1050.0,2.0,72.0,2
Hosa Road,1513.0,3.0,103.00000000000001,3
Gottigere,1621.0,3.0,72.0,3
Bannerghatta Road,892.0,2.0,38.99999999999999,2
Whitefield,1205.0,2.0,40.0,2
Hebbal,1355.0,3.0,83.86999999999999,3
other,1200.0,6.0,70.00000000000003,4
Kengeri,726.0,2.0,34.99999999999999,2
Horamavu Agara,1079.0,2.0,41.00000000000001,2
Begur Road,1170.0,2.0,46.0,2
Doddathoguru,1104.0,2.0,38.99999999999999,2
Kanakpura Road,950.0,2.0,44.99999999999999,2
other,1650.0,2.0,52.00000000000001,3
Kogilu,1559.0,3.0,126.99999999999999,3
other,1100.0,2.0,37.99999999999999,2
Benson Town,1750.0,3.0,149.99999999999997,3
Ramagondanahalli,1215.0,2.0,45.5,2
Talaghattapura,1868.0,3.0,135.00000000000003,3
Electronic City,1130.0,2.0,32.63,2
Kanakpura Road,1570.0,3.0,64.49999999999999,3
Sarjapur  Road,1691.0,3.0,98.00000000000004,3
Hulimavu,1225.0,2.0,55.000000000000014,2
JP Nagar,1690.0,3.0,111.99999999999996,3
Thigalarapalya,1418.0,2.0,103.00000000000001,2
Kasturi Nagar,1896.0,3.0,125.00000000000004,4
Sonnenahalli,605.0,1.0,40.0,1
Electronic City Phase II,900.0,2.0,32.5,2
other,750.0,2.0,49.99999999999999,1
Ananth Nagar,908.0,2.0,26.000000000000004,2
Iblur Village,1400.0,2.0,68.00000000000001,2
Kudlu,1092.0,2.0,43.99999999999999,2
Hulimavu,1255.0,2.0,74.00000000000003,2
Electronic City,1500.0,2.0,100.00000000000004,3
Thanisandra,1296.0,2.0,72.0,2
Horamavu Banaswadi,925.0,2.0,37.99999999999999,2
Raja Rajeshwari Nagar,1023.0,2.0,42.00000000000001,2
Thanisandra,1020.0,2.0,44.50000000000001,2
Choodasandra,1530.0,3.0,77.00000000000001,3
Gubbalala,1650.0,3.0,71.0,3
other,1605.0,2.0,85.00000000000001,3
Hosakerehalli,1925.0,2.0,49.99999999999999,2
Kogilu,1190.0,2.0,50.65999999999999,2
Jakkur,1374.0,3.0,68.00000000000001,3
6th Phase JP Nagar,1140.0,2.0,64.99999999999999,2
Green Glen Layout,1725.0,3.0,129.99999999999997,3
Bisuvanahalli,1075.0,2.0,49.99999999999999,3
Kannamangala,1574.0,3.0,93.33999999999999,3
Sanjay nagar,965.0,1.0,32.0,1
Marathahalli,1550.0,3.0,83.00000000000003,3
other,1205.0,2.0,59.999999999999986,2
Kambipura,1082.0,2.0,55.000000000000014,3
Uttarahalli,1215.0,2.0,52.850000000000016,3
other,1200.0,3.0,46.13999999999999,2
other,1500.0,1.0,19.499999999999996,1
Kanakpura Road,1452.0,3.0,60.980000000000025,3
Electronic City Phase II,1329.0,2.0,41.00000000000001,3
other,1125.0,2.0,43.99999999999999,2
other,1200.0,2.0,70.00000000000003,2
Sarjapur  Road,1350.0,3.0,39.97,3
Uttarahalli,1312.5,3.0,51.19,3
Electronic City Phase II,1220.0,3.0,35.22999999999999,3
Pai Layout,1255.0,2.0,79.99999999999997,2
other,1904.0,3.0,155.00000000000003,3
Somasundara Palya,1329.0,2.0,70.00000000000003,2
Chandapura,1200.0,2.0,59.999999999999986,2
Murugeshpalya,2135.0,3.0,159.99999999999994,3
other,813.0,1.0,38.99999999999999,1
Kalena Agrahara,800.0,2.0,30.000000000000004,2
Hormavu,1500.0,3.0,70.00000000000003,3
Bannerghatta Road,1880.0,3.0,95.0,3
Electronic City,1440.0,2.0,55.000000000000014,3
Akshaya Nagar,1575.0,3.0,90.0,3
other,1630.0,2.0,97.78,3
Yelahanka,1180.0,3.0,55.000000000000014,3
other,1090.0,2.0,36.0,2
NGR Layout,1020.0,2.0,48.449999999999996,2
Varthur,1097.0,2.0,33.82000000000001,2
Raja Rajeshwari Nagar,1070.0,2.0,49.99999999999999,2
Kumaraswami Layout,1000.0,2.0,57.999999999999986,2
other,1150.0,2.0,56.00000000000002,2
Frazer Town,1900.0,4.0,144.99999999999997,3
other,1141.0,2.0,48.99999999999999,2
Jigani,937.0,2.0,43.99999999999999,2
Green Glen Layout,1075.0,2.0,59.999999999999986,2
Panathur,1000.0,2.0,65.29999999999998,2
Kasavanhalli,1450.0,3.0,77.41,3
other,936.0,2.0,43.0,2
other,1280.0,2.0,74.99999999999997,2
Babusapalaya,1050.0,2.0,44.99999999999999,2
Marathahalli,1350.0,2.0,85.99999999999997,2
Mallasandra,1325.0,2.0,70.00000000000003,2
Devanahalli,1174.0,2.0,59.000000000000014,2
Hosur Road,1890.0,3.0,161.99999999999994,3
other,500.0,1.0,24.000000000000004,1
Gottigere,1304.0,3.0,79.99999999999997,3
Yelahanka,1653.0,3.0,119.99999999999997,3
Bisuvanahalli,1075.0,2.0,52.00000000000001,3
7th Phase JP Nagar,1212.0,3.0,42.00000000000001,2
other,1100.0,2.0,49.99999999999999,2
Billekahalli,1140.0,2.0,49.99999999999999,2
other,1200.0,2.0,100.00000000000004,2
Kudlu Gate,1532.0,3.0,83.00000000000003,3
Padmanabhanagar,1531.0,2.0,74.99999999999997,3
Poorna Pragna Layout,1270.0,2.0,50.79,3
Uttarahalli,1325.0,2.0,53.00000000000001,2
Electronic City,1156.0,2.0,43.99999999999999,3
Bannerghatta Road,1260.0,2.0,70.00000000000003,2
Vittasandra,1934.0,2.0,90.0,2
Malleshpalya,1060.0,2.0,40.0,2
Kasavanhalli,1476.0,3.0,95.0,3
Murugeshpalya,1185.0,2.0,85.00000000000001,2
other,1265.0,2.0,82.00000000000001,3
other,1196.0,2.0,56.80999999999999,2
EPIP Zone,1280.0,2.0,69.00000000000001,2
Hulimavu,1175.0,2.0,44.99999999999999,2
other,1850.0,3.0,98.00000000000004,3
Whitefield,1195.0,2.0,70.00000000000003,2
Hosur Road,1180.0,2.0,36.50000000000001,2
Jakkur,1050.0,2.0,49.870000000000005,2
Electronic City,1400.0,2.0,40.44,3
other,2360.0,4.0,149.99999999999997,4
other,1030.0,2.0,77.25000000000001,2
other,1512.0,1.0,65.01,2
Subramanyapura,929.0,2.0,48.00000000000001,2
Jigani,1252.0,3.0,61.00000000000001,3
Green Glen Layout,1485.0,3.0,115.00000000000001,3
Electronics City Phase 1,1124.0,2.0,55.000000000000014,3
Indira Nagar,1407.0,3.0,119.99999999999997,3
Hennur Road,1482.0,2.0,97.0,3
Sector 7 HSR Layout,1163.0,2.0,98.85999999999999,2
Jalahalli,1570.0,3.0,139.99999999999994,3
Chandapura,520.0,1.0,14.039999999999997,1
other,2000.0,3.0,159.99999999999994,3
Prithvi Layout,1352.0,2.0,74.99999999999997,2
Electronic City,1152.0,2.0,64.99999999999999,2
other,1575.0,3.0,93.00000000000003,3
Hegde Nagar,1965.0,4.0,125.00000000000004,3
other,1300.0,2.0,70.00000000000003,3
Marathahalli,957.0,2.0,46.99999999999999,2
Hoskote,1740.0,3.0,59.999999999999986,3
Neeladri Nagar,1060.0,2.0,34.99999999999999,2
other,975.0,2.0,49.99999999999999,2
Ramamurthy Nagar,1150.0,2.0,51.0,2
Whitefield,1738.0,2.0,79.0,3
Bommanahalli,1250.0,3.0,55.000000000000014,3
Bannerghatta Road,1788.0,3.0,90.0,3
Kanakapura,1151.0,2.0,59.000000000000014,2
Uttarahalli,1300.0,2.0,59.999999999999986,3
Garudachar Palya,1150.0,2.0,52.800000000000004,2
other,1380.0,2.0,74.99999999999997,2
Hebbal,1645.0,3.0,117.00000000000003,3
Babusapalaya,1141.0,2.0,45.9,2
7th Phase JP Nagar,1175.0,2.0,82.49999999999997,2
Banashankari Stage V,1355.0,2.0,61.00000000000001,3
Dasarahalli,1150.0,2.0,70.00000000000003,2
other,1000.0,2.0,44.99999999999999,2
Balagere,1007.0,2.0,64.99999999999999,2
Kothanur,1436.0,3.0,70.00000000000003,3
Somasundara Palya,2372.0,3.0,139.99999999999994,3
Rayasandra,1016.0,2.0,57.999999999999986,2
Dodda Nekkundi,1100.0,2.0,48.00000000000001,2
other,1080.0,2.0,44.99999999999999,2
Electronic City,1070.0,2.0,59.999999999999986,2
Kadubeesanahalli,1532.0,3.0,115.00000000000001,3
Hennur,1040.0,2.0,42.120000000000005,2
Tumkur Road,1137.5,2.0,48.904999999999994,2
Thanisandra,1430.0,2.0,51.60000000000001,3
other,1190.0,2.0,100.00000000000004,2
other,1827.0,3.0,100.00000000000004,3
HRBR Layout,1210.0,2.0,74.99999999999997,2
other,1500.0,3.0,95.0,3
Rachenahalli,1050.0,2.0,53.5,2
Hebbal,1251.0,2.0,88.73000000000003,2
HSR Layout,1600.0,2.0,115.00000000000001,3
Electronic City,1128.0,2.0,65.50000000000003,2
Budigere,1820.0,3.0,93.00000000000003,3
Thigalarapalya,2072.0,4.0,159.0,3
Raja Rajeshwari Nagar,1510.0,2.0,59.000000000000014,3
Hoodi,1925.0,2.0,114.00000000000003,3
Thigalarapalya,2072.0,4.0,146.99999999999997,3
Kumaraswami Layout,1000.0,2.0,36.0,2
KR Puram,1752.0,3.0,144.99999999999997,3
Sahakara Nagar,960.0,2.0,56.00000000000002,2
other,1180.0,2.0,62.99999999999999,2
NRI Layout,650.0,2.0,59.000000000000014,2
Lakshminarayana Pura,1200.0,2.0,74.99999999999997,2
Bisuvanahalli,1180.0,2.0,46.0,3
other,1300.0,3.0,46.99999999999999,3
Bannerghatta Road,1157.0,2.0,40.0,2
Kanakpura Road,1300.0,3.0,69.00000000000001,3
Banashankari Stage III,1305.0,2.0,59.000000000000014,3
Jakkur,1290.0,2.0,79.99999999999997,2
Hoskote,1170.0,2.0,44.99999999999999,2
Yelachenahalli,1400.0,2.0,78.0,2
Lakshminarayana Pura,1200.0,2.0,74.99999999999997,2
other,1155.0,2.0,59.999999999999986,3
Hormavu,1725.0,3.0,85.00000000000001,3
Kanakpura Road,700.0,2.0,40.0,2
Hoodi,1112.0,2.0,88.00000000000003,2
Somasundara Palya,1178.0,2.0,78.0,2
Badavala Nagar,1274.0,2.0,81.00000000000003,2
Doddathoguru,915.0,2.0,32.0,2
Hosur Road,760.0,1.0,21.279999999999998,1
other,1540.0,3.0,68.00000000000001,3
other,1206.0,2.0,38.50000000000001,2
other,1645.0,3.0,95.0,3
Nehru Nagar,2342.0,3.0,115.00000000000001,4
other,1200.0,2.0,55.000000000000014,3
Yelenahalli,1056.0,2.0,33.0,2
Kanakpura Road,1450.0,3.0,54.3,3
other,1161.0,2.0,36.69,2
other,1097.0,2.0,64.99999999999999,2
Uttarahalli,850.0,2.0,34.99999999999999,2
Green Glen Layout,1715.0,3.0,115.00000000000001,3
Electronic City,1200.0,2.0,59.000000000000014,2
8th Phase JP Nagar,1080.0,2.0,37.99999999999999,2
Kasavanhalli,1200.0,2.0,50.29999999999999,2
Banashankari,1400.0,2.0,78.0,3
Kanakpura Road,458.0,1.0,19.695,1
Marathahalli,1230.0,2.0,57.00000000000001,2
Kalyan nagar,1640.0,3.0,88.00000000000003,3
Banashankari,1700.0,3.0,125.00000000000004,3
Bommasandra,1478.0,2.0,43.99999999999999,3
Banashankari,1020.0,2.0,40.790000000000006,2
Yelahanka,1275.0,2.0,95.0,3
Kanakapura,1110.0,2.0,38.85,2
Uttarahalli,1627.86,3.0,88.00000000000003,3
other,620.0,2.0,22.000000000000004,2
Hosa Road,1133.0,2.0,52.00000000000001,2
Hennur Road,1182.0,2.0,82.49999999999997,2
Tumkur Road,1500.0,3.0,100.00000000000004,3
Marathahalli,1200.0,2.0,57.999999999999986,2
Raja Rajeshwari Nagar,1128.0,2.0,48.79,2
Amruthahalli,1100.0,2.0,44.99999999999999,2
Kengeri Satellite Town,635.0,1.0,22.000000000000004,2
Ardendale,2062.0,3.0,139.99999999999994,4
Thanisandra,1874.0,4.0,129.99999999999997,3
Old Madras Road,1171.0,2.0,74.99999999999997,2
Sarjapur,2020.0,3.0,85.00000000000001,3
8th Phase JP Nagar,1059.0,2.0,34.50000000000001,2
Panathur,1315.0,2.0,59.1,3
Jakkur,1760.0,3.0,110.00000000000004,3
Hennur Road,1192.0,2.0,62.00000000000001,3
Hebbal,1645.0,3.0,121.00000000000003,3
Whitefield,1250.0,2.0,72.0,2
Whitefield,709.0,1.0,34.385,1
Whitefield,1340.0,2.0,77.00000000000001,2
Hosa Road,1369.1,2.0,103.99999999999999,2
other,1355.0,2.0,74.99999999999997,2
Bannerghatta Road,1150.0,2.0,64.99999999999999,2
Kanakapura,1938.0,3.0,113.00000000000003,3
Begur Road,2462.0,4.0,124.00000000000003,4
Budigere,1636.0,3.0,85.00000000000001,3
Akshaya Nagar,1430.0,2.0,74.99999999999997,3
other,2000.0,3.0,85.00000000000001,3
Electronic City Phase II,993.0,2.0,49.99999999999999,3
Kanakpura Road,1700.0,3.0,88.00000000000003,3
Yelahanka,1270.0,2.0,78.0,2
Anjanapura,1500.0,3.0,121.00000000000003,3
Marathahalli,1650.0,3.0,86.45,3
Panathur,1109.0,2.0,62.99999999999999,2
other,1280.0,2.0,49.75000000000001,2
Kothanur,1462.0,3.0,71.0,3
Marathahalli,607.0,1.0,34.99999999999999,1
Kammasandra,930.0,2.0,24.999999999999996,2
Electronic City Phase II,1418.0,3.0,52.47,3
EPIP Zone,1125.0,2.0,64.99999999999999,2
CV Raman Nagar,1825.0,3.0,126.0,3
Whitefield,1320.0,2.0,79.5,2
Whitefield,750.0,2.0,52.699999999999996,2
Yelahanka,1400.0,2.0,80.53999999999999,3
Whitefield,1200.0,3.0,61.95999999999998,3
Poorna Pragna Layout,965.0,2.0,48.00000000000001,2
Gottigere,812.0,1.0,26.000000000000004,1
KR Puram,1100.0,2.0,43.0,2
Whitefield,1180.0,2.0,41.00000000000001,2
HSR Layout,1145.0,2.0,48.00000000000001,2
Haralur Road,1027.0,2.0,43.99999999999999,2
other,1215.0,2.0,49.85,2
Hegde Nagar,1200.0,2.0,74.99999999999997,2
Kenchenahalli,1015.0,2.0,57.999999999999986,2
Kaggalipura,2400.0,3.0,164.99999999999994,3
other,1076.0,2.0,52.00000000000001,2
JP Nagar,1300.0,2.0,108.99999999999997,2
Hebbal Kempapura,1300.0,2.0,101.99999999999996,2
Hosa Road,1512.0,3.0,122.99999999999994,3
Bhoganhalli,1053.4,3.0,88.91,3
Yeshwanthpur,605.0,1.0,41.745000000000005,1
Hormavu,1153.0,2.0,64.99999999999999,2
other,2080.0,2.0,149.99999999999997,2
Hulimavu,1255.0,2.0,69.00000000000001,2
Marathahalli,1583.0,3.0,108.99999999999997,3
other,1505.0,2.0,90.0,2
Kathriguppe,1365.0,2.0,75.08000000000003,3
other,1200.0,3.0,95.75000000000004,3
other,1810.0,4.0,147.99999999999994,3
Magadi Road,440.0,1.0,34.99999999999999,1
Subramanyapura,975.0,2.0,62.99999999999999,2
other,1250.0,2.0,38.99999999999999,2
other,1530.0,2.0,97.0,3
Kereguddadahalli,1300.0,2.0,38.99999999999999,3
Channasandra,1115.0,2.0,40.0,2
Sarjapur  Road,1308.0,2.0,83.00000000000003,2
Parappana Agrahara,1194.0,2.0,46.99999999999999,2
Uttarahalli,1490.0,2.0,59.6,3
Sarjapur  Road,1592.0,3.0,90.99999999999997,3
Rajaji Nagar,1222.0,2.0,111.99999999999996,2
Raja Rajeshwari Nagar,1267.0,2.0,42.849999999999994,2
Balagere,656.0,1.0,53.00000000000001,1
Chandapura,1200.0,1.0,36.0,2
Thanisandra,1698.0,3.0,101.99999999999996,3
other,1500.0,3.0,70.00000000000003,3
other,2000.0,5.0,79.99999999999997,4
Electronic City,1152.0,2.0,65.75,2
Raja Rajeshwari Nagar,550.0,1.0,21.0,1
Pattandur Agrahara,900.0,2.0,42.00000000000001,2
other,1410.0,2.0,45.120000000000005,3
Akshaya Nagar,1419.0,2.0,72.99999999999999,3
Amruthahalli,1200.0,2.0,55.000000000000014,2
AECS Layout,1800.0,3.0,64.99999999999999,3
Gottigere,990.0,2.0,40.0,2
Sarjapur  Road,1016.0,2.0,44.99999999999999,2
Bannerghatta Road,1100.0,2.0,38.99999999999999,2
Whitefield,1095.0,2.0,34.99999999999999,2
other,2000.0,3.0,85.00000000000001,3
Budigere,1444.0,2.0,70.00000000000003,2
Whitefield,1415.0,2.0,66.99999999999997,2
other,1500.0,2.0,129.99999999999997,3
other,1600.0,3.0,72.0,3
Whitefield,1105.0,2.0,41.35999999999999,2
Electronic City,1225.0,3.0,45.03000000000001,3
Kanakpura Road,1080.0,2.0,37.800000000000004,2
Dasarahalli,2400.0,3.0,149.99999999999997,7
Talaghattapura,1856.0,3.0,135.00000000000003,3
Haralur Road,1464.0,3.0,56.00000000000002,3
other,2100.0,6.0,71.0,6
Sarjapur  Road,1150.0,2.0,77.00000000000001,2
Whitefield,2094.0,2.0,113.18999999999996,3
5th Phase JP Nagar,1485.0,2.0,66.99999999999997,3
other,2500.0,3.0,74.99999999999997,3
Whitefield,1200.0,2.0,44.99999999999999,2
Hennur Road,1036.0,2.0,59.460000000000015,2
other,1400.0,2.0,79.99999999999997,2
Bommanahalli,1110.0,2.0,33.0,2
Kodichikkanahalli,1150.0,2.0,48.00000000000001,2
Kenchenahalli,715.0,1.0,44.99999999999999,1
Jakkur,2283.0,4.0,129.99999999999997,4
Hormavu,1453.0,2.0,43.58,3
Nagarbhavi,1400.0,2.0,85.00000000000001,3
Padmanabhanagar,1400.0,3.0,64.99999999999999,3
Whitefield,1700.0,3.0,139.99999999999994,3
Kanakpura Road,1591.0,3.0,119.99999999999997,3
Nagarbhavi,1515.0,2.0,79.0,3
Chandapura,975.0,2.0,24.86,2
Yeshwanthpur,1382.0,2.0,76.18000000000004,3
other,1100.0,2.0,37.99999999999999,2
Banashankari Stage II,1500.0,2.0,119.99999999999997,3
Yelahanka,1391.0,2.0,64.49999999999999,3
Begur Road,1160.0,2.0,42.92000000000001,2
Chandapura,620.0,1.0,27.0,1
Kanakpura Road,1482.0,3.0,60.980000000000025,3
Whitefield,1405.0,2.0,84.5,2
Gunjur,1190.0,2.0,40.0,2
Harlur,1174.0,2.0,78.0,2
Seegehalli,1155.0,2.0,72.0,2
Thanisandra,1411.0,3.0,93.03999999999999,3
other,745.0,2.0,49.99999999999999,2
Kereguddadahalli,1000.0,2.0,30.000000000000004,2
Jigani,923.0,2.0,49.99999999999999,2
Yeshwanthpur,1000.0,2.0,32.0,2
Battarahalli,1276.0,2.0,44.99999999999999,2
other,1460.0,3.0,70.00000000000003,3
other,1355.0,2.0,95.0,2
other,833.0,1.0,48.99999999999999,1
Ramamurthy Nagar,1200.0,2.0,48.00000000000001,2
Yeshwanthpur,669.0,1.0,36.849999999999994,1
7th Phase JP Nagar,2200.0,4.0,104.99999999999997,3
Koramangala,1594.0,3.0,125.00000000000004,3
Kothanur,1790.0,3.0,104.99999999999997,3
NGR Layout,1020.0,2.0,44.99999999999999,2
other,1037.0,2.0,36.28000000000001,2
Whitefield,1345.0,2.0,57.00000000000001,3
Kodichikkanahalli,1070.0,2.0,43.0,2
Yeshwanthpur,1385.0,2.0,76.18000000000004,3
Kanakpura Road,1207.0,2.0,79.89999999999998,2
Varthur,1140.0,2.0,55.499999999999986,2
other,1220.0,2.0,68.00000000000001,2
Sarjapur  Road,1965.0,3.0,119.99999999999997,3
Koramangala,1760.0,2.0,115.00000000000001,3
Haralur Road,1225.0,2.0,70.00000000000003,2
Marathahalli,1075.0,2.0,52.42999999999999,2
Panathur,1000.0,2.0,68.00000000000001,2
Hennur Road,1891.0,3.0,108.99999999999997,3
Yelahanka,1322.0,2.0,85.99999999999997,2
AECS Layout,1045.0,2.0,36.58,2
other,1545.0,3.0,85.00000000000001,3
Thanisandra,1996.0,3.0,135.00000000000003,3
Brookefield,1125.0,2.0,70.00000000000003,2
Mysore Road,1560.0,3.0,115.00000000000001,3
BEML Layout,2000.0,2.0,85.00000000000001,3
other,780.0,2.0,34.99999999999999,2
other,1350.0,2.0,110.00000000000004,2
other,1350.0,2.0,41.00000000000001,2
Haralur Road,1464.0,3.0,56.00000000000002,3
Kanakpura Road,1570.0,3.0,64.49999999999999,3
Dasanapura,708.0,1.0,28.32,1
Hoodi,1400.0,2.0,82.00000000000001,2
Bellandur,1310.0,2.0,72.0,2
Electronics City Phase 1,1175.0,2.0,57.00000000000001,2
Chikkalasandra,1428.0,2.0,79.99999999999997,3
Haralur Road,1194.0,2.0,46.0,2
8th Phase JP Nagar,1080.0,2.0,34.99999999999999,2
other,1200.0,2.0,68.00000000000001,3
Whitefield,1200.0,2.0,44.99999999999999,2
Bommasandra Industrial Area,1320.0,2.0,38.13,3
Badavala Nagar,1842.0,3.0,115.00000000000001,3
Sector 2 HSR Layout,1146.0,2.0,55.000000000000014,2
Rachenahalli,440.0,1.0,27.999999999999996,1
Sahakara Nagar,1048.0,2.0,49.99999999999999,2
Thanisandra,1801.0,3.0,115.00000000000001,3
Hennur Road,1232.0,2.0,69.61000000000001,2
Whitefield,1150.0,2.0,90.0,2
Talaghattapura,1868.0,3.0,119.99999999999997,3
Begur,1445.0,2.0,47.10000000000001,3
Harlur,1730.0,3.0,100.00000000000004,3
Somasundara Palya,1185.0,2.0,70.00000000000003,2
Whitefield,2400.0,4.0,146.99999999999997,4
Kaval Byrasandra,1185.0,2.0,48.99999999999999,2
other,1150.0,2.0,48.99999999999999,2
Pai Layout,1075.0,2.0,34.99999999999999,2
Hebbal,1760.0,3.0,122.99999999999994,3
Banashankari,1600.0,2.0,63.98000000000001,2
Haralur Road,1000.0,2.0,78.0,2
7th Phase JP Nagar,1215.0,2.0,90.0,2
EPIP Zone,1734.0,3.0,125.00000000000004,3
Akshaya Nagar,1280.0,2.0,59.999999999999986,2
Rachenahalli,1113.0,2.0,55.000000000000014,2
Horamavu Banaswadi,1272.0,2.0,48.00000000000001,2
Kereguddadahalli,1240.0,3.0,41.00000000000001,3
Yelahanka,1100.0,2.0,70.00000000000003,2
Ambalipura,896.0,2.0,30.130000000000003,2
BTM 2nd Stage,1200.0,2.0,34.99999999999999,2
Sarjapur,1500.0,2.0,30.000000000000004,2
other,1096.0,2.0,48.00000000000001,2
other,1094.0,2.0,43.99999999999999,2
other,1100.0,2.0,48.99999999999999,2
Nagarbhavi,1145.0,2.0,40.0,2
Rachenahalli,1550.0,3.0,74.5,3
Seegehalli,1830.0,4.0,82.00000000000001,3
Hoodi,1746.0,3.0,84.95000000000002,3
other,1280.0,4.0,115.00000000000001,4
Kengeri,918.0,2.0,27.540000000000003,2
Chandapura,645.0,1.0,16.450000000000003,1
Banashankari Stage III,1305.0,2.0,59.999999999999986,3
Thigalarapalya,1207.0,2.0,62.00000000000001,2
Thanisandra,1678.0,3.0,125.00000000000004,3
Kaggalipura,950.0,2.0,49.99999999999999,2
Electronic City,1070.0,2.0,55.000000000000014,2
Ardendale,1732.46,3.0,92.00000000000001,3
Attibele,1639.0,2.0,40.980000000000004,3
Marathahalli,1360.0,2.0,103.00000000000001,2
Lakshminarayana Pura,1656.0,3.0,149.99999999999997,3
Sarjapur  Road,985.0,2.0,48.99999999999999,2
Dodda Nekkundi,1999.0,3.0,135.00000000000003,3
7th Phase JP Nagar,1050.0,2.0,74.99999999999997,2
Whitefield,1440.0,2.0,63.99999999999998,3
Ramagondanahalli,1253.0,2.0,52.660000000000004,2
other,1200.0,3.0,85.00000000000001,3
Padmanabhanagar,1360.0,2.0,74.99999999999997,3
other,1086.0,2.0,47.49999999999999,2
other,1655.0,3.0,155.00000000000003,3
Sarjapur  Road,1418.0,2.0,78.0,2
Kalena Agrahara,1270.0,2.0,100.00000000000004,2
Begur Road,1410.0,2.0,52.17,3
other,1150.0,2.0,74.00000000000003,2
Ramamurthy Nagar,600.0,3.0,44.99999999999999,2
other,1440.0,3.0,65.8,3
other,1200.0,2.0,108.00000000000003,3
other,1200.0,2.0,74.99999999999997,2
Begur Road,1410.0,2.0,50.059999999999995,3
Chandapura,1200.0,5.0,92.00000000000001,4
Whitefield,624.0,1.0,34.99999999999999,1
Electronic City,1060.0,2.0,57.999999999999986,2
Whitefield,1200.0,2.0,44.99999999999999,2
Sarjapur,1917.0,3.0,59.999999999999986,4
KR Puram,950.0,2.0,40.0,2
BTM 2nd Stage,1250.0,3.0,49.99999999999999,3
Vishwapriya Layout,1235.0,2.0,59.999999999999986,2
Budigere,722.0,1.0,46.0,1
Sarjapur  Road,1200.0,2.0,93.00000000000003,2
Bannerghatta Road,1400.0,3.0,68.00000000000001,3
other,1225.0,3.0,59.999999999999986,3
Marathahalli,1220.0,2.0,58.50000000000001,2
Nagavarapalya,705.0,1.0,52.5,1
Battarahalli,1880.0,3.0,94.35999999999997,3
Yelahanka,1200.0,2.0,70.00000000000003,2
other,1550.0,2.0,59.999999999999986,3
Lingadheeranahalli,1893.0,3.0,129.99999999999997,3
other,1650.0,3.0,74.99999999999997,3
other,1113.0,2.0,46.0,2
Sarjapur  Road,1586.0,3.0,70.00000000000003,3
Yelahanka New Town,1541.0,3.0,79.99999999999997,3
Haralur Road,1830.0,3.0,101.00000000000003,3
Kodigehalli,1200.0,2.0,48.00000000000001,2
other,1800.0,2.0,72.0,3
Bommasandra,1015.0,2.0,40.0,2
Raja Rajeshwari Nagar,1120.0,2.0,37.95,2
Hoodi,706.0,1.0,48.24000000000001,1
other,1350.0,4.0,85.00000000000001,4
Kanakpura Road,1900.0,3.0,98.99999999999999,3
Bisuvanahalli,1075.0,2.0,42.00000000000001,3
Kanakpura Road,1290.0,2.0,79.99999999999997,2
Akshaya Nagar,1200.0,2.0,49.99999999999999,2
Hormavu,1150.0,2.0,53.11000000000001,2
Uttarahalli,1360.0,2.0,61.19999999999999,3
other,935.0,2.0,32.730000000000004,2
Cox Town,1730.0,3.0,139.99999999999994,3
Sarjapur  Road,1260.0,2.0,53.00000000000001,2
Marathahalli,950.0,2.0,45.68000000000001,2
other,2500.0,5.0,119.99999999999997,5
Budigere,1991.0,4.0,88.00000000000003,3
Sarjapur  Road,1115.0,2.0,59.999999999999986,2
Koramangala,1900.0,3.0,149.99999999999997,3
Whitefield,1109.0,2.0,41.49000000000001,2
Rajiv Nagar,2340.0,5.0,128.99999999999997,4
9th Phase JP Nagar,1005.0,2.0,43.0,2
Kengeri,416.0,1.0,19.499999999999996,1
1st Phase JP Nagar,1394.0,2.0,100.00000000000004,2
Harlur,2138.0,3.0,110.00000000000004,3
Nagavarapalya,1300.0,3.0,79.99999999999997,3
Thanisandra,1265.0,2.0,82.00000000000001,2
other,1140.0,2.0,52.00000000000001,2
other,1050.0,2.0,40.0,2
Thanisandra,1100.0,2.0,48.00000000000001,2
Varthur,1012.0,2.0,59.000000000000014,2
Varthur,1600.0,4.0,111.99999999999996,4
Yelahanka,1326.0,2.0,57.00000000000001,2
Hebbal Kempapura,1654.0,2.0,85.00000000000001,3
Chikkalasandra,1070.0,2.0,42.8,2
Whitefield,1700.0,3.0,95.0,3
Bhoganhalli,910.2,2.0,80.64,2
Kogilu,1140.0,2.0,50.65999999999999,2
Talaghattapura,2254.0,3.0,170.00000000000006,3
Kanakapura,945.0,2.0,46.99999999999999,2
Begur Road,2462.0,6.0,149.99999999999997,4
Marathahalli,615.0,1.0,43.99999999999999,1
Ramamurthy Nagar,1110.0,2.0,64.99999999999999,2
Electronic City,1025.0,2.0,54.09999999999999,2
other,1758.0,3.0,95.0,3
Kaikondrahalli,1342.0,3.0,92.00000000000001,3
Kalyan nagar,1800.0,3.0,85.00000000000001,3
Doddathoguru,1140.0,2.0,32.0,2
Raja Rajeshwari Nagar,1608.0,2.0,85.00000000000001,2
Kadugodi,1645.0,2.0,82.00000000000001,3
Ramamurthy Nagar,1410.0,2.0,56.400000000000006,3
Harlur,1200.0,2.0,52.00000000000001,2
8th Phase JP Nagar,1275.0,2.0,41.49999999999999,3
other,909.0,2.0,40.0,3
other,1200.0,3.0,85.00000000000001,2
Kalyan nagar,1080.0,2.0,72.99999999999999,2
other,1200.0,2.0,34.00000000000001,2
Akshaya Nagar,1092.0,2.0,59.999999999999986,2
Jalahalli,1932.0,4.0,135.00000000000003,3
KR Puram,1156.0,2.0,72.0,2
Bellandur,924.0,2.0,35.11,2
Thubarahalli,1330.0,2.0,74.99999999999997,2
Thanisandra,1917.0,4.0,113.00000000000003,3
Chandapura,985.0,2.0,25.12,2
Kodigehalli,655.0,1.0,53.00000000000001,1
other,1800.0,3.0,139.99999999999994,3
Margondanahalli,1360.0,2.0,44.99999999999999,4
Bellandur,1785.0,3.0,118.00000000000004,3
Hebbal,1645.0,3.0,119.99999999999997,3
Gottigere,1235.0,2.0,62.99999999999999,2
Anandapura,900.0,2.0,48.00000000000001,2
Thanisandra,662.0,1.0,42.00000000000001,1
Whitefield,1215.0,2.0,62.00000000000001,2
Bisuvanahalli,845.0,2.0,36.99999999999999,2
Sarjapur  Road,1525.0,2.0,87.0,3
other,1000.0,2.0,48.00000000000001,2
Hebbal,1255.0,2.0,90.0,3
Mysore Road,1560.0,3.0,119.99999999999997,3
Kasavanhalli,2100.0,3.0,110.00000000000004,3
Kodichikkanahalli,1620.0,2.0,85.00000000000001,3
Marathahalli,1595.0,3.0,90.0,3
other,1095.0,2.0,38.519999999999996,2
9th Phase JP Nagar,835.0,2.0,36.99999999999999,2
Hennur Road,2182.0,3.0,72.03999999999998,3
Thigalarapalya,1418.0,2.0,105.99999999999997,2
BTM 2nd Stage,1070.0,2.0,48.00000000000001,2
Electronics City Phase 1,755.0,1.0,42.40999999999999,1
Hebbal,1645.0,3.0,117.00000000000003,3
Chandapura,645.0,1.0,16.450000000000003,1
Electronics City Phase 1,919.0,2.0,27.999999999999996,2
Bannerghatta Road,1725.0,3.0,110.00000000000004,3
Sarjapur  Road,1346.0,2.0,71.31999999999996,2
Electronic City Phase II,1070.0,2.0,44.99999999999999,2
Begur Road,1225.0,2.0,35.52000000000001,2
Neeladri Nagar,640.0,1.0,20.5,1
Chikkalasandra,1310.0,2.0,52.4,3
Kanakapura,1190.0,2.0,38.99999999999999,2
other,1645.0,3.0,87.50000000000003,3
Marathahalli,1350.0,2.0,88.99999999999999,2
Vittasandra,1404.0,2.0,68.79999999999998,2
Electronic City,1105.0,2.0,34.99999999999999,3
Kanakpura Road,900.0,2.0,41.00000000000001,2
Dodda Nekkundi,1100.0,2.0,41.150000000000006,2
Thanisandra,2100.0,4.0,95.0,4
Thanisandra,1948.0,3.0,129.99999999999997,3
Singasandra,1464.0,3.0,56.00000000000002,3
Raja Rajeshwari Nagar,1210.0,2.0,44.99999999999999,2
other,1252.0,2.0,55.000000000000014,2
7th Phase JP Nagar,1300.0,3.0,89.12999999999998,3
7th Phase JP Nagar,1130.0,2.0,72.99999999999999,2
Thanisandra,1690.0,3.0,125.00000000000004,3
other,950.0,2.0,59.999999999999986,2
Marathahalli,1020.0,2.0,57.00000000000001,2
other,2107.0,4.0,95.0,4
Marathahalli,1735.0,3.0,72.0,3
Sarjapur  Road,915.0,2.0,36.99999999999999,2
other,1450.0,3.0,68.00000000000001,3
Thigalarapalya,2215.0,4.0,156.0,3
other,2431.0,3.0,100.00000000000004,3
Hennur Road,1804.0,3.0,101.99999999999996,3
Marathahalli,1600.0,3.0,88.00000000000003,2
Uttarahalli,1280.0,2.0,74.99999999999997,2
Hebbal,1255.0,3.0,77.68,3
Hoodi,1257.0,2.0,69.00000000000001,2
Raja Rajeshwari Nagar,1240.0,2.0,53.269999999999996,2
Bannerghatta Road,1850.0,6.0,149.99999999999997,6
Hulimavu,1255.0,2.0,65.99999999999997,2
Ananth Nagar,870.0,2.0,36.0,2
Tumkur Road,1789.0,3.0,98.00000000000004,3
Electronic City,660.0,1.0,17.999999999999996,2
other,1155.0,2.0,56.00000000000002,2
R.T. Nagar,1235.0,2.0,64.99999999999999,2
CV Raman Nagar,1025.0,2.0,49.99999999999999,2
Raja Rajeshwari Nagar,1395.0,2.0,72.0,3
Rachenahalli,1530.0,2.0,74.40000000000003,3
Dodda Nekkundi,1252.0,2.0,71.0,3
Hennur Road,1081.0,2.0,30.269999999999996,2
Ardendale,2062.0,3.0,149.99999999999997,4
Choodasandra,1220.0,3.0,56.00000000000002,3
Jigani,1408.0,2.0,55.000000000000014,3
Bisuvanahalli,1180.0,2.0,59.999999999999986,3
Sarjapur  Road,715.0,1.0,29.000000000000004,1
Sarjapur  Road,1230.0,2.0,94.50000000000001,2
Kaggadasapura,1035.0,2.0,45.5,2
Kathriguppe,1300.0,3.0,77.98999999999997,3
Kanakpura Road,1100.0,3.0,52.970000000000006,3
Whitefield,1216.0,2.0,83.99999999999999,2
other,1450.0,2.0,62.629999999999974,2
Nagavarapalya,705.0,1.0,57.00000000000001,1
Gottigere,1385.0,3.0,63.99999999999998,3
Anekal,1200.0,2.0,36.099999999999994,2
Electronic City Phase II,1310.0,2.0,32.75,3
Sarjapur  Road,1043.0,2.0,39.5,2
Koramangala,1320.0,2.0,110.00000000000004,2
Varthur,1140.0,2.0,39.9,2
Kadugodi,1100.0,2.0,44.99999999999999,2
Hebbal,1586.0,3.0,90.0,3
Chandapura,975.0,2.0,24.86,2
other,1365.0,3.0,59.999999999999986,2
Rajaji Nagar,1263.0,2.0,106.99999999999996,2
Begur Road,1565.0,2.0,59.75999999999999,3
Hennur Road,2320.0,3.0,170.00000000000006,3
Sarjapur  Road,1750.0,3.0,98.99999999999999,3
Kudlu,1143.0,2.0,55.000000000000014,2
Hennur Road,1936.0,3.0,118.00000000000004,3
Electronic City,660.0,1.0,15.0,2
Chandapura,700.0,1.0,18.999999999999996,2
other,1402.0,2.0,85.00000000000001,3
Electronic City,1000.0,2.0,41.00000000000001,2
Gottigere,1000.0,2.0,34.99999999999999,2
Kengeri Satellite Town,818.0,2.0,26.000000000000004,2
Bommenahalli,1680.0,3.0,135.00000000000003,4
Kalyan nagar,2422.0,3.0,149.99999999999997,4
Indira Nagar,1145.0,2.0,100.00000000000004,2
Chandapura,1190.0,2.0,30.35000000000001,3
Sarjapur  Road,1145.0,2.0,62.00000000000001,2
Somasundara Palya,1575.0,3.0,68.00000000000001,3
Thanisandra,1200.0,2.0,46.0,2
Yelahanka,1500.0,2.0,62.99999999999999,3
Ramamurthy Nagar,2560.0,4.0,74.99999999999997,4
Kothanur,1583.0,3.0,76.1,3
Kanakpura Road,700.0,2.0,34.97999999999999,2
Bannerghatta Road,950.0,2.0,37.99999999999999,2
Banashankari,1041.0,2.0,36.440000000000005,2
Thubarahalli,1085.0,2.0,70.00000000000003,2
Anjanapura,1070.0,2.0,36.99999999999999,2
Raja Rajeshwari Nagar,1165.0,2.0,44.99999999999999,2
Bommasandra,1000.0,2.0,34.99999999999999,2
Horamavu Agara,1169.0,2.0,63.99999999999998,2
Whitefield,1840.0,3.0,139.99999999999994,3
other,1550.0,3.0,74.99999999999997,3
Kaval Byrasandra,997.0,2.0,53.00000000000001,2
Gunjur,1457.0,2.0,59.999999999999986,2
ISRO Layout,1000.0,2.0,59.999999999999986,2
KR Puram,1000.0,2.0,59.999999999999986,2
Sarjapur  Road,1500.0,3.0,88.00000000000003,3
Lakshminarayana Pura,1165.0,2.0,74.99999999999997,2
Kasavanhalli,1787.0,3.0,122.99999999999994,3
Raja Rajeshwari Nagar,1288.0,2.0,70.00000000000003,3
Thanisandra,1430.0,2.0,54.11000000000001,3
Doddathoguru,750.0,1.0,25.499999999999996,1
Channasandra,1200.0,3.0,67.77000000000001,3
Electronic City,1500.0,2.0,78.0,3
Ambalipura,1230.0,2.0,66.24999999999997,2
Marathahalli,780.0,1.0,55.000000000000014,1
Bannerghatta Road,1220.0,2.0,79.99999999999997,2
Kanakpura Road,1110.0,2.0,43.0,2
Akshaya Nagar,1690.0,3.0,85.00000000000001,3
Bannerghatta Road,1130.0,2.0,78.0,2
Electronic City,1213.0,2.0,59.32000000000002,2
Kengeri,900.0,2.0,44.99999999999999,2
Panathur,1199.0,2.0,85.00000000000001,2
Bhoganhalli,2072.5,2.0,110.99999999999997,4
Uttarahalli,661.0,1.0,36.0,1
Marathahalli,1710.0,3.0,100.00000000000004,3
Kengeri Satellite Town,1030.0,2.0,49.99999999999999,2
Choodasandra,1220.0,3.0,56.00000000000002,3
Marathahalli,1530.0,3.0,73.49999999999997,3
Ramamurthy Nagar,1200.0,2.0,78.0,2
other,2000.0,3.0,85.00000000000001,3
Nagarbhavi,300.0,1.0,19.999999999999996,1
Green Glen Layout,1751.0,2.0,115.00000000000001,3
Panathur,1255.0,2.0,79.0,2
Whitefield,1778.0,3.0,122.00000000000003,3
other,1100.0,2.0,44.99999999999999,2
Hennur Road,1480.0,2.0,64.99999999999999,2
Marathahalli,1358.0,2.0,81.00000000000003,2
Electronics City Phase 1,580.0,1.0,27.0,1
Choodasandra,1197.0,2.0,62.99999999999999,2
Lingadheeranahalli,1705.0,3.0,110.00000000000004,3
Electronic City Phase II,1310.0,2.0,37.83,3
Hoodi,1132.0,2.0,67.89999999999999,2
other,814.0,2.0,55.000000000000014,2
Electronic City,1575.0,3.0,90.0,3
Pattandur Agrahara,1302.0,2.0,65.99999999999997,2
other,1100.0,2.0,43.99999999999999,2
other,830.0,2.0,36.99999999999999,2
Electronic City,435.0,1.0,19.499999999999996,1
other,1590.0,3.0,119.99999999999997,3
Electronic City Phase II,1140.0,2.0,33.059999999999995,2
Kasavanhalli,1090.0,2.0,59.80000000000002,2
Thanisandra,1922.0,3.0,105.99999999999997,3
Thanisandra,965.0,2.0,66.99999999999997,2
Mysore Road,883.0,2.0,40.95,2
8th Phase JP Nagar,1062.0,2.0,42.470000000000006,2
Electronic City Phase II,1089.0,2.0,32.669999999999995,2
Babusapalaya,1358.0,2.0,43.099999999999994,3
Hoodi,1108.0,2.0,87.0,2
Harlur,1197.0,2.0,79.0,2
Sarjapur  Road,1190.0,2.0,49.99999999999999,2
Vijayanagar,1749.0,3.0,117.00000000000003,3
Kasavanhalli,1691.0,3.0,103.99999999999999,3
Electronic City,1449.0,3.0,100.00000000000004,3
Bommanahalli,1625.0,2.0,87.71999999999997,3
Whitefield,1400.0,2.0,79.99999999999997,2
Electronic City,1310.0,2.0,37.83,3
other,1100.0,2.0,48.00000000000001,2
other,1230.0,2.0,53.50999999999999,3
Green Glen Layout,1750.0,3.0,129.99999999999997,3
7th Phase JP Nagar,1450.0,3.0,100.00000000000004,3
Haralur Road,1810.0,3.0,126.0,3
Vittasandra,1246.0,2.0,62.29999999999998,2
Brookefield,1420.0,3.0,85.00000000000001,3
other,1450.0,2.0,89.59999999999997,3
other,1367.0,2.0,62.00000000000001,2
Talaghattapura,2254.0,3.0,170.00000000000006,3
Begur Road,1160.0,2.0,42.00000000000001,2
Kadugodi,1711.0,3.0,74.99999999999997,3
Raja Rajeshwari Nagar,1120.0,2.0,37.970000000000006,2
Kaggalipura,950.0,2.0,46.99999999999999,2
Basavangudi,1560.0,2.0,144.99999999999997,2
Kanakpura Road,1225.0,2.0,59.999999999999986,2
TC Palaya,1200.0,2.0,65.99999999999997,3
other,1340.0,2.0,77.00000000000001,2
Sarjapur  Road,1846.0,3.0,144.99999999999997,3
Dodda Nekkundi,1155.0,2.0,46.0,2
Balagere,1205.0,2.0,70.00000000000003,2
Thanisandra,1140.0,2.0,36.0,2
Raja Rajeshwari Nagar,1140.0,2.0,38.650000000000006,2
Jalahalli East,1300.0,2.0,62.99999999999999,3
Bellandur,1051.0,2.0,59.999999999999986,2
Uttarahalli,1134.0,2.0,45.35999999999999,2
other,1135.0,2.0,32.910000000000004,2
other,1745.0,3.0,77.00000000000001,3
other,1665.0,3.0,104.99999999999997,3
other,1220.0,2.0,48.79,2
Kanakpura Road,1868.0,3.0,113.00000000000003,3
other,1210.0,2.0,76.0,2
Ambalipura,1351.0,2.0,77.00000000000001,2
Hebbal,1636.0,3.0,119.00000000000003,3
Haralur Road,1464.0,2.0,56.00000000000002,2
Attibele,418.0,1.0,12.0,1
Kanakpura Road,1339.0,2.0,62.00000000000001,2
Rachenahalli,1530.0,2.0,74.5,3
other,1100.0,2.0,46.0,2
7th Phase JP Nagar,1350.0,3.0,57.999999999999986,3
Marathahalli,1290.0,2.0,52.00000000000001,2
Bommasandra Industrial Area,1220.0,2.0,35.22999999999999,3
Sarjapur  Road,1846.0,3.0,155.00000000000003,3
Hegde Nagar,1847.0,3.0,135.00000000000003,3
Hoodi,1430.0,2.0,110.00000000000004,2
Old Madras Road,935.0,2.0,44.99999999999999,2
Attibele,1350.0,3.0,85.00000000000001,3
Hennur Road,1590.0,3.0,96.5,3
other,1286.0,3.0,66.99999999999997,3
other,1141.0,2.0,40.0,2
Shivaji Nagar,1554.0,3.0,129.99999999999997,2
Harlur,1749.0,3.0,111.99999999999996,3
other,1140.0,2.0,44.99999999999999,2
Bommenahalli,1632.0,3.0,127.99999999999997,4
Ramamurthy Nagar,1000.0,2.0,41.00000000000001,3
other,1065.0,2.0,57.999999999999986,2
Haralur Road,1520.0,2.0,95.99999999999999,3
Bisuvanahalli,1075.0,2.0,43.0,3
Gubbalala,1539.0,2.0,52.36000000000001,3
Sector 7 HSR Layout,1342.0,2.0,115.00000000000001,2
HBR Layout,1004.0,2.0,48.99999999999999,2
Ramagondanahalli,1295.0,2.0,95.0,2
Thanisandra,1098.0,2.0,74.00000000000003,2
Kothanur,1070.0,2.0,45.5,2
Hosa Road,1016.0,2.0,40.0,2
Bellandur,1450.0,3.0,68.00000000000001,3
Yelahanka,654.0,1.0,36.99999999999999,1
Yelachenahalli,1080.0,2.0,37.99999999999999,2
Vijayanagar,1046.0,2.0,74.99999999999997,2
Domlur,1950.0,3.0,164.99999999999994,3
Bhoganhalli,1610.0,3.0,84.53,3
Doddakallasandra,2493.0,3.0,115.00000000000001,3
Ramagondanahalli,1151.0,2.0,50.50000000000001,2
Electronic City,1125.0,2.0,57.999999999999986,2
Kammasandra,992.0,2.0,25.790000000000003,2
1st Block Jayanagar,1000.0,3.0,59.999999999999986,2
Bommanahalli,1850.0,3.0,90.0,3
Harlur,1174.0,2.0,74.99999999999997,2
Sultan Palaya,1100.0,2.0,44.99999999999999,2
Raja Rajeshwari Nagar,1095.0,2.0,38.33,2
other,1082.0,2.0,42.00000000000001,3
Uttarahalli,1350.0,2.0,47.24,3
Kadugodi,1314.0,2.0,78.0,2
other,1290.0,2.0,40.63,2
Kaggadasapura,1010.0,2.0,55.000000000000014,2
Shivaji Nagar,2200.0,2.0,110.00000000000004,2
other,1636.0,3.0,97.0,3
9th Phase JP Nagar,1050.0,2.0,38.99999999999999,2
Haralur Road,1520.0,2.0,125.00000000000004,3
5th Phase JP Nagar,2500.0,5.0,110.00000000000004,5
Sarjapur  Road,1067.0,2.0,59.999999999999986,2
NRI Layout,1060.0,2.0,34.99999999999999,2
Bommasandra,955.0,2.0,35.279999999999994,2
Thigalarapalya,1418.0,2.0,103.99999999999999,2
Anekal,700.0,1.0,19.4,2
Kanakpura Road,1366.0,2.0,83.00000000000003,2
Electronic City,1090.0,2.0,35.029999999999994,2
Jigani,1250.0,3.0,57.999999999999986,3
Electronics City Phase 1,950.0,2.0,33.0,2
Yelahanka,1250.0,2.0,40.0,2
Badavala Nagar,1494.0,2.0,94.54999999999998,3
Hennur Road,1445.0,2.0,104.99999999999997,3
Kundalahalli,1397.0,3.0,104.99999999999997,3
Vijayanagar,606.0,1.0,40.0,1
Gollarapalya Hosahalli,861.0,2.0,34.50000000000001,2
Devarachikkanahalli,1170.0,2.0,40.0,2
Marathahalli,1205.0,2.0,74.99999999999997,2
Dommasandra,1153.0,2.0,43.49999999999999,2
Vijayanagar,1200.0,2.0,62.00000000000001,2
other,1450.0,3.0,42.00000000000001,3
Budigere,1139.0,2.0,59.999999999999986,2
Green Glen Layout,1530.0,3.0,104.99999999999997,3
Electronic City,1575.0,3.0,101.00000000000003,3
Whitefield,650.0,1.0,24.999999999999996,1
other,1120.0,2.0,40.0,2
Akshaya Nagar,1700.0,3.0,79.99999999999997,3
Varthur,1090.0,2.0,48.00000000000001,2
Akshaya Nagar,1897.0,4.0,93.00000000000003,3
other,1200.0,3.0,72.0,3
Kanakpura Road,700.0,2.0,40.0,2
Thanisandra,1437.0,2.0,71.13000000000002,2
Ambedkar Nagar,1856.0,3.0,119.99999999999997,3
other,1500.0,2.0,64.99999999999999,3
Hennur Road,1036.0,2.0,59.450000000000024,2
Mico Layout,1125.0,2.0,40.0,2
Uttarahalli,1320.0,2.0,55.43999999999999,3
Electronic City,660.0,1.0,15.999999999999998,2
Marathahalli,1730.0,3.0,110.00000000000004,3
Talaghattapura,1804.0,3.0,115.00000000000001,3
Thanisandra,1795.0,3.0,139.99999999999994,3
7th Phase JP Nagar,1050.0,2.0,49.99999999999999,2
Dasarahalli,2100.0,3.0,119.99999999999997,3
Rayasandra,1199.0,2.0,48.49999999999999,3
other,1100.0,2.0,46.99999999999999,2
other,1000.0,1.0,74.99999999999997,2
Kanakapura,1254.0,2.0,70.00000000000003,3
Electronics City Phase 1,940.0,2.0,48.99999999999999,2
BTM 2nd Stage,1280.0,2.0,79.99999999999997,2
Whitefield,2155.0,3.0,125.00000000000004,4
Hebbal,1255.0,2.0,95.0,3
other,1388.0,3.0,69.99,3
Whitefield,905.0,1.0,52.00000000000001,1
other,1176.0,2.0,43.99999999999999,2
Uttarahalli,1390.0,2.0,61.159999999999975,3
Sahakara Nagar,1160.0,2.0,55.000000000000014,2
Marathahalli,1583.0,3.0,115.00000000000001,3
Jigani,1252.0,3.0,62.99999999999999,3
other,1170.0,2.0,85.99999999999997,2
Bannerghatta Road,1350.0,2.0,51.0,3
Gottigere,1075.0,2.0,30.000000000000004,2
Hosa Road,972.0,2.0,40.0,2
Bannerghatta Road,1486.0,3.0,83.21999999999997,3
other,850.0,2.0,74.99999999999997,2
other,1103.0,2.0,55.000000000000014,2
Rayasandra,1577.0,3.0,66.99999999999997,3
Yelahanka,1465.0,3.0,80.01000000000002,3
other,1600.0,3.0,63.99999999999998,3
Uttarahalli,1090.0,2.0,44.99999999999999,2
Yelahanka,1721.0,3.0,80.85999999999999,3
other,1100.0,2.0,55.000000000000014,2
Varthur,1450.0,3.0,71.0,3
Battarahalli,1071.0,2.0,62.00000000000001,2
Old Madras Road,2266.0,3.0,169.0,3
other,2065.0,3.0,129.99999999999997,3
Kanakpura Road,1800.0,3.0,90.0,3
Hormavu,1123.0,2.0,56.00000000000002,2
Akshaya Nagar,1884.0,3.0,98.00000000000004,3
Lakshminarayana Pura,1145.0,2.0,74.99999999999997,2
Hebbal,1328.0,2.0,59.999999999999986,3
Subramanyapura,950.0,2.0,55.000000000000014,2
other,1250.0,2.0,59.000000000000014,2
other,1115.0,2.0,46.0,2
Gollarapalya Hosahalli,1318.0,3.0,54.00000000000001,3
Kalyan nagar,1280.0,2.0,48.00000000000001,2
Whitefield,1230.0,2.0,59.000000000000014,2
Raja Rajeshwari Nagar,1420.0,2.0,59.999999999999986,3
Kasavanhalli,2111.0,4.0,119.99999999999997,3
Vidyaranyapura,1100.0,2.0,54.00000000000001,2
Harlur,1750.0,3.0,136.00000000000006,3
Shampura,700.0,1.0,34.99999999999999,2
Uttarahalli,1050.0,2.0,42.00000000000001,2
Uttarahalli,1235.0,2.0,90.0,2
Yeshwanthpur,1200.0,2.0,62.99999999999999,2
Kengeri,900.0,2.0,30.000000000000004,2
Thanisandra,1146.0,2.0,37.99999999999999,2
Yeshwanthpur,1200.0,4.0,110.00000000000004,4
Devarachikkanahalli,615.0,1.0,24.000000000000004,1
Mysore Road,1070.0,2.0,49.65,2
Poorna Pragna Layout,1355.0,2.0,58.25000000000002,3
Kundalahalli,1800.0,3.0,79.99999999999997,3
Begur Road,1400.0,2.0,50.059999999999995,3
Uttarahalli,1123.0,2.0,48.00000000000001,2
Kengeri,787.0,2.0,31.0,2
Kambipura,1082.0,2.0,44.99999999999999,3
Seegehalli,1096.0,2.0,41.00000000000001,2
other,1130.0,2.0,52.00000000000001,2
Electronic City,550.0,1.0,12.0,1
Mahadevpura,1058.0,2.0,85.00000000000001,2
Hebbal,1269.0,2.0,72.99999999999999,3
Hennur Road,1976.0,3.0,65.21,3
Kothanur,1820.0,3.0,77.00000000000001,3
Uttarahalli,1329.0,2.0,56.00000000000002,3
Kathriguppe,1350.0,2.0,80.99,3
Whitefield,1205.0,2.0,40.0,2
Kanakpura Road,1339.0,2.0,71.49999999999997,2
Uttarahalli,938.0,2.0,34.99999999999999,2
other,450.0,1.0,24.999999999999996,1
BTM 2nd Stage,1100.0,2.0,70.00000000000003,2
Yelahanka,1060.0,2.0,40.0,2
Whitefield,1125.0,2.0,40.0,2
Whitefield,810.0,1.0,21.0,1
Bellandur,1060.0,2.0,64.99999999999999,2
Anandapura,1749.0,4.0,90.0,4
Sahakara Nagar,1200.0,2.0,74.99999999999997,3
other,1100.0,2.0,85.00000000000001,2
Rachenahalli,680.0,1.0,32.64,1
Hoodi,1925.0,3.0,110.00000000000004,3
Kengeri,502.0,1.0,24.999999999999996,1
Begur,1475.0,2.0,74.00000000000003,3
other,966.0,2.0,48.99999999999999,2
Haralur Road,1300.0,2.0,74.99999999999997,2
Kogilu,1559.0,3.0,119.99999999999997,3
Vittasandra,1246.0,2.0,62.99999999999999,2
Begur Road,1410.0,2.0,53.580000000000005,3
Varthur Road,1300.0,3.0,74.99999999999997,4
Kanakpura Road,1339.0,2.0,57.999999999999986,2
Channasandra,1104.0,2.0,35.5,2
Sultan Palaya,900.0,2.0,44.99999999999999,2
other,1550.0,2.0,79.0,3
Kanakpura Road,670.0,1.0,34.99999999999999,1
Jakkur,1483.0,2.0,98.00000000000004,2
other,1540.0,2.0,70.00000000000003,3
Hennur,1255.0,2.0,54.50000000000001,2
Bannerghatta Road,1460.0,2.0,74.99999999999997,3
Devarachikkanahalli,1230.0,2.0,57.999999999999986,2
Kanakpura Road,1340.0,2.0,59.999999999999986,2
Yelenahalli,1600.0,3.0,61.37000000000001,3
Electronic City,919.0,2.0,40.0,2
other,1070.0,2.0,38.89999999999999,2
Hosur Road,1733.0,2.0,85.00000000000001,3
Jigani,1221.0,3.0,72.0,3
other,1041.0,2.0,36.440000000000005,2
Ambalipura,2550.0,4.0,149.0,4
Shampura,1400.0,3.0,70.00000000000003,3
Anjanapura,600.0,2.0,55.000000000000014,1
Nagarbhavi,710.0,2.0,40.0,1
Electronic City,1500.0,2.0,78.25000000000003,3
Hebbal,1255.0,2.0,95.0,3
Malleshwaram,2425.0,7.0,139.99999999999994,7
Electronic City Phase II,1031.0,2.0,55.000000000000014,2
Balagere,1210.0,2.0,74.00000000000003,2
Anjanapura,950.0,2.0,40.0,2
Hosa Road,1161.0,2.0,55.150000000000006,2
Raja Rajeshwari Nagar,1303.0,2.0,44.17000000000001,2
Thigalarapalya,1418.0,2.0,104.99999999999997,2
Kengeri Satellite Town,1200.0,2.0,64.99999999999999,2
Bannerghatta Road,1015.0,2.0,48.00000000000001,2
other,1150.0,2.0,59.999999999999986,3
Singasandra,1010.0,2.0,40.0,2
other,1508.0,3.0,74.99999999999997,3
7th Phase JP Nagar,1275.0,2.0,87.0,2
7th Phase JP Nagar,1460.0,3.0,70.00000000000003,3
Old Airport Road,946.0,2.0,57.999999999999986,2
other,1110.0,2.0,57.999999999999986,2
Hennur Road,1832.0,3.0,125.00000000000004,3
Hebbal,1088.0,2.0,61.45000000000001,2
Thanisandra,1564.0,3.0,103.99999999999999,3
Kadugodi,1030.0,2.0,35.02000000000001,2
9th Phase JP Nagar,660.0,2.0,27.0,2
Sarjapur  Road,1700.0,3.0,95.0,3
Panathur,1205.0,2.0,62.90000000000001,2
other,1950.0,3.0,90.0,3
other,1080.0,2.0,62.00000000000001,2
other,999.0,2.0,43.65999999999999,2
Kanakpura Road,1300.0,2.0,89.76000000000003,2
HRBR Layout,1265.0,2.0,78.0,2
Attibele,1200.0,2.0,42.00000000000001,2
Bhoganhalli,1974.0,4.0,105.99999999999997,4
other,1180.0,2.0,40.0,2
Amruthahalli,1350.0,2.0,62.99999999999999,3
Kodichikkanahalli,1560.0,2.0,64.99999999999999,3
Hosakerehalli,1085.0,2.0,41.23,2
Vijayanagar,1300.0,2.0,74.99999999999997,3
Marathahalli,1600.0,3.0,56.00000000000002,3
other,1127.0,2.0,55.000000000000014,2
Kengeri Satellite Town,795.0,2.0,32.0,2
Nagarbhavi,1850.0,3.0,88.00000000000003,3
Bommasandra Industrial Area,1020.0,2.0,29.45,2
other,1200.0,3.0,96.25000000000003,3
Uttarahalli,1345.0,2.0,46.99999999999999,3
Kaikondrahalli,849.0,2.0,25.399999999999995,2
Kanakpura Road,1706.0,3.0,135.00000000000003,3
other,1250.0,2.0,64.99999999999999,3
Kanakpura Road,1260.0,3.0,63.58,3
Horamavu Agara,1265.0,2.0,64.99999999999999,3
Abbigere,1260.0,2.0,44.99999999999999,3
Jalahalli,1045.0,2.0,57.999999999999986,2
Rachenahalli,412.5,1.0,19.800000000000004,1
Bellandur,1100.0,2.0,62.00000000000001,2
Kudlu Gate,1113.0,2.0,49.99999999999999,2
Varthur,1210.0,2.0,59.999999999999986,2
Kogilu,700.0,1.0,30.839999999999996,1
Kanakpura Road,1155.0,2.0,55.499999999999986,2
Hoodi,1132.0,2.0,88.99999999999999,2
Hennur Road,1359.0,2.0,103.99999999999999,2
Kothanur,1145.0,2.0,56.00000000000002,2
5th Phase JP Nagar,600.0,1.0,30.000000000000004,1
other,830.0,2.0,59.999999999999986,2
HSR Layout,1009.0,2.0,56.00000000000002,2
Yelahanka,1226.0,2.0,52.71,2
other,1500.0,2.0,88.00000000000003,2
Electronic City,1363.0,2.0,79.0,2
Bommasandra Industrial Area,1165.0,2.0,33.64,2
Kammanahalli,700.0,1.0,59.000000000000014,1
Kaval Byrasandra,1060.0,2.0,42.00000000000001,2
Marathahalli,1200.0,2.0,66.99999999999997,2
other,1518.0,3.0,76.0,3
other,1495.0,2.0,74.99999999999997,3
Sanjay nagar,1575.0,2.0,90.0,2
Kasavanhalli,1545.0,3.0,69.00000000000001,3
Kengeri,1470.0,3.0,49.99999999999999,3
Cooke Town,1500.0,3.0,95.0,3
BTM Layout,1450.0,2.0,81.00000000000003,3
Hosur Road,1179.0,2.0,48.99999999999999,2
7th Phase JP Nagar,1650.0,3.0,110.00000000000004,3
Chandapura,1095.0,2.0,32.0,3
other,856.0,2.0,48.00000000000001,2
other,1143.0,2.0,62.00000000000001,2
Hebbal,1349.0,2.0,97.80000000000001,2
Anjanapura,1280.0,2.0,44.99999999999999,3
Whitefield,1216.0,2.0,69.06000000000002,2
Doddakallasandra,2493.0,3.0,115.00000000000001,3
Malleshwaram,1290.0,2.0,119.99999999999997,2
Electronic City,1156.0,2.0,42.00000000000001,2
Thanisandra,1230.0,2.0,43.99999999999999,2
other,1070.0,2.0,33.150000000000006,2
Ramagondanahalli,1235.0,2.0,49.3,2
Kundalahalli,1724.0,3.0,124.00000000000003,3
Jalahalli,1200.0,4.0,90.0,4
other,600.0,1.0,43.0,1
KR Puram,1930.0,2.0,57.900000000000006,3
Whitefield,1216.0,2.0,74.99999999999997,2
KR Puram,1452.0,3.0,59.999999999999986,3
Whitefield,1355.0,2.0,78.0,2
Bommanahalli,957.0,2.0,53.00000000000001,2
other,925.0,2.0,48.00000000000001,2
Bellandur,1550.0,2.0,59.000000000000014,2
Kanakpura Road,2100.0,3.0,139.99999999999994,3
Bannerghatta Road,1115.0,2.0,61.00000000000001,2
Yelahanka,1692.0,3.0,83.00000000000003,3
other,1100.0,2.0,52.00000000000001,2
Hormavu,1385.0,2.0,69.00000000000001,3
Hosa Road,760.0,1.0,24.9,1
Electronics City Phase 1,1335.0,2.0,66.99999999999997,2
Bommanahalli,910.0,2.0,44.99999999999999,2
Kanakpura Road,1610.0,2.0,55.000000000000014,3
Hennur Road,1341.0,2.0,75.75999999999999,2
other,1200.0,3.0,70.00000000000003,3
Uttarahalli,1285.0,2.0,44.98,3
Yeshwanthpur,1679.0,3.0,92.12999999999997,3
other,1016.0,2.0,45.9,2
Bellandur,924.0,2.0,35.11,2
8th Phase JP Nagar,500.0,1.0,31.0,1
other,1800.0,3.0,88.00000000000003,3
Whitefield,1255.0,2.0,77.00000000000001,2
Hennur Road,1040.0,2.0,49.99999999999999,2
other,1062.0,2.0,46.99999999999999,2
Varthur Road,805.5,2.0,19.330000000000002,2
Hosur Road,950.0,2.0,59.999999999999986,2
Whitefield,1216.0,2.0,72.99999999999999,2
HSR Layout,1300.0,2.0,98.00000000000004,2
5th Phase JP Nagar,1390.0,2.0,64.99999999999999,2
Yelahanka,1033.0,2.0,52.580000000000005,2
Yelahanka,1390.0,2.0,65.30999999999999,2
Jalahalli,1020.0,2.0,52.00000000000001,2
Whitefield,709.0,1.0,34.735,1
Whitefield,1140.0,2.0,44.99999999999999,2
Yeshwanthpur,670.0,1.0,36.849999999999994,1
Bhoganhalli,2171.0,4.0,110.99999999999997,4
Bannerghatta Road,1136.0,2.0,48.00000000000001,2
other,1477.0,2.0,79.99999999999997,3
KR Puram,1001.0,2.0,30.000000000000004,2
Yelahanka,1040.0,2.0,48.86000000000001,2
Garudachar Palya,1060.0,2.0,48.49999999999999,2
Sarjapur,1240.0,2.0,44.29999999999999,2
Varthur,1070.0,2.0,46.0,2
Electronic City Phase II,1253.0,2.0,65.8,2
Whitefield,1190.0,2.0,59.999999999999986,2
Whitefield,1312.0,2.0,55.000000000000014,2
KR Puram,750.0,2.0,40.0,2
Koramangala,1615.0,3.0,115.00000000000001,3
Marathahalli,1095.0,2.0,59.999999999999986,2
Whitefield,1745.0,3.0,100.00000000000004,3
Rachenahalli,1050.0,2.0,52.5,2
Thanisandra,1220.0,2.0,44.6,2
other,1793.0,3.0,98.00000000000004,3
Uttarahalli,1100.0,1.0,44.99999999999999,2
Yelahanka New Town,1385.0,2.0,64.99999999999999,2
Begur Road,1200.0,2.0,44.99999999999999,2
Haralur Road,2017.0,2.0,125.00000000000004,3
Attibele,400.0,1.0,10.000000000000002,1
Bellandur,1400.0,2.0,44.81000000000001,3
other,960.0,2.0,33.0,2
Uttarahalli,1125.0,2.0,46.99999999999999,2
Akshaya Nagar,1551.0,2.0,59.999999999999986,3
Vittasandra,1246.0,2.0,67.39999999999998,2
Marathahalli,1060.0,2.0,48.00000000000001,2
Bharathi Nagar,1384.0,2.0,59.000000000000014,2
other,620.0,2.0,23.0,2
Bommasandra,1005.0,2.0,39.77,2
other,1400.0,3.0,34.99999999999999,3
HSR Layout,2400.0,3.0,88.00000000000003,3
Whitefield,1096.0,2.0,38.99999999999999,2
Kaggadasapura,1180.0,1.0,49.99999999999999,2
Uttarahalli,1300.0,2.0,46.99999999999999,3
other,1020.0,2.0,62.00000000000001,2
Margondanahalli,600.0,2.0,34.99999999999999,2
other,1165.0,2.0,46.99999999999999,2
Bellandur,1685.0,3.0,100.00000000000004,3
Raja Rajeshwari Nagar,1580.0,3.0,53.55999999999999,3
Balagere,1210.0,2.0,83.00000000000003,2
Kammasandra,1030.0,1.0,25.749999999999996,2
other,1100.0,2.0,43.49999999999999,2
Hebbal,1255.0,3.0,77.68,3
Jakkur,1482.0,3.0,85.99999999999997,3
Hebbal,1344.0,2.0,108.00000000000003,2
Kothannur,1275.0,2.0,39.79999999999999,3
Panathur,1210.0,2.0,85.00000000000001,2
Hosa Road,1532.0,3.0,98.12999999999995,3
JP Nagar,1245.0,2.0,110.00000000000004,2
Nagarbhavi,1212.0,2.0,49.99999999999999,2
Sarjapur  Road,1230.0,2.0,64.99999999999999,2
Ramagondanahalli,2257.0,3.0,159.0,3
Vittasandra,1246.0,2.0,65.39999999999999,2
Gunjur,1080.0,2.0,41.00000000000001,2
Varthur,1360.0,2.0,85.00000000000001,3
Yelenahalli,1260.0,2.0,47.879999999999995,2
Kengeri Satellite Town,1200.0,3.0,110.00000000000004,4
Thigalarapalya,1418.0,2.0,103.99999999999999,2
Kasavanhalli,950.0,2.0,38.99999999999999,2
Nagarbhavi,1020.0,2.0,55.000000000000014,2
Electronic City Phase II,1400.0,2.0,40.44,3
other,1440.0,4.0,88.00000000000003,4
KR Puram,1462.5,2.0,62.809999999999995,3
Electronics City Phase 1,1175.0,2.0,69.00000000000001,2
Raja Rajeshwari Nagar,1185.0,2.0,40.17,2
other,2250.0,3.0,113.00000000000003,3
Sarjapur  Road,1178.0,2.0,40.42999999999999,2
Whitefield,825.0,1.0,44.9,1
other,1250.0,3.0,43.0,3
Electronics City Phase 1,1113.12,2.0,55.000000000000014,2
Gottigere,1010.0,2.0,34.99999999999999,2
Kanakpura Road,900.0,2.0,41.00000000000001,2
Rayasandra,540.0,1.0,16.5,1
Electronic City,1020.0,2.0,29.460000000000004,2
Hosur Road,1194.0,2.0,71.64000000000001,2
Electronic City,1108.0,2.0,67.14999999999999,2
Kanakpura Road,700.0,2.0,34.99,2
Somasundara Palya,1600.0,3.0,68.00000000000001,3
Nagarbhavi,1850.0,3.0,90.0,3
Tumkur Road,1250.0,2.0,33.0,2
Ramamurthy Nagar,600.0,1.0,43.0,1
Raja Rajeshwari Nagar,1140.0,2.0,49.269999999999996,2
other,1200.0,2.0,74.99999999999997,3
other,985.0,2.0,55.000000000000014,2
Bellandur,982.0,2.0,55.000000000000014,2
9th Phase JP Nagar,600.0,1.0,19.999999999999996,1
Akshaya Nagar,1314.0,2.0,68.79999999999998,2
other,1700.0,2.0,68.5,3
1st Phase JP Nagar,1077.0,2.0,93.00000000000003,2
Chandapura,1891.0,2.0,66.165,4
other,2000.0,4.0,98.99999999999999,5
other,1643.0,3.0,74.99999999999997,3
Kengeri,1200.0,3.0,66.99999999999997,3
Whitefield,1116.0,2.0,51.910000000000004,2
Abbigere,1020.0,2.0,41.82000000000001,2
other,1740.0,3.0,55.000000000000014,3
GM Palaya,1225.0,2.0,46.99999999999999,2
Thanisandra,1241.0,2.0,61.00000000000001,3
Hennur,1041.0,2.0,40.60000000000001,2
Bommanahalli,1050.0,2.0,46.0,2
Kanakpura Road,1309.0,2.0,64.38999999999997,2
Dodda Nekkundi,1128.0,2.0,44.99999999999999,2
Raja Rajeshwari Nagar,1430.0,2.0,49.99999999999999,3
Old Madras Road,1065.0,2.0,47.85999999999999,2
OMBR Layout,1085.0,2.0,63.99999999999998,2
Vishveshwarya Layout,750.0,1.0,30.000000000000004,1
Bellandur,981.0,2.0,37.28,2
Bhoganhalli,1548.3,4.0,128.99999999999997,4
Kalyan nagar,1410.0,2.0,59.999999999999986,3
Hosa Road,1525.84,3.0,117.00000000000003,3
Begur Road,1200.0,2.0,42.60000000000001,2
other,1030.0,2.0,79.99999999999997,2
other,1852.0,2.0,95.0,3
Electronic City,1160.0,2.0,33.5,2
Jigani,918.0,2.0,48.99999999999999,2
Hebbal,1255.0,2.0,90.0,3
JP Nagar,1150.0,2.0,49.9,3
other,1150.0,2.0,69.00000000000001,2
Whitefield,1227.0,2.0,53.49,2
Hebbal,1255.0,3.0,77.68,3
Panathur,1198.0,2.0,82.00000000000001,2
Thigalarapalya,2072.0,4.0,138.99999999999997,3
Pattandur Agrahara,797.0,2.0,32.0,2
other,1350.0,2.0,68.00000000000001,3
Thigalarapalya,2215.0,4.0,159.99999999999994,3
Kanakpura Road,525.0,1.0,30.000000000000004,1
other,1500.0,2.0,90.0,3
other,900.0,2.0,55.000000000000014,2
Poorna Pragna Layout,1355.0,2.0,58.270000000000024,3
Kudlu Gate,1465.0,2.0,49.81,3
Ramamurthy Nagar,1006.0,2.0,57.00000000000001,2
Vishveshwarya Layout,2000.0,4.0,74.99999999999997,4
Electronic City,1128.0,2.0,65.70000000000002,2
other,850.0,2.0,34.99999999999999,2
ISRO Layout,1310.0,2.0,68.00000000000001,3
Banashankari,1390.0,2.0,85.99999999999997,2
Kathriguppe,1390.0,2.0,76.45000000000003,3
Electronic City,1170.0,2.0,33.0,2
Gottigere,1385.0,2.0,49.99999999999999,3
Old Madras Road,1160.0,2.0,42.00000000000001,2
Electronic City Phase II,1160.0,2.0,33.5,2
Bannerghatta Road,1200.0,2.0,69.00000000000001,3
Mahadevpura,1475.0,2.0,55.000000000000014,2
Sarjapur  Road,1939.0,3.0,98.00000000000004,3
7th Phase JP Nagar,850.0,2.0,42.00000000000001,2
Balagere,675.0,1.0,44.99999999999999,1
Electronic City,1060.0,2.0,51.0,2
Whitefield,1235.0,2.0,46.99999999999999,2
other,1250.0,2.0,59.999999999999986,2
Banashankari,1460.0,2.0,70.00000000000003,2
Akshaya Nagar,1690.0,3.0,85.00000000000001,3
Indira Nagar,850.0,1.0,57.00000000000001,1
Kanakpura Road,1843.0,3.0,82.00000000000001,3
7th Phase JP Nagar,1680.0,3.0,117.00000000000003,3
Kundalahalli,1047.0,2.0,83.99999999999999,2
8th Phase JP Nagar,1100.0,2.0,34.99999999999999,2
Nagarbhavi,1120.0,2.0,53.00000000000001,2
Raja Rajeshwari Nagar,1095.0,2.0,38.33,2
other,970.0,2.0,34.99999999999999,2
Hosa Road,1100.0,2.0,85.00000000000001,3
Uttarahalli,1685.0,3.0,85.00000000000001,3
other,1148.0,2.0,59.000000000000014,2
Marathahalli,1050.0,2.0,64.99999999999999,2
Bannerghatta Road,1465.0,2.0,76.0,3
7th Phase JP Nagar,1850.0,3.0,149.99999999999997,3
other,1350.0,3.0,59.999999999999986,3
Sector 7 HSR Layout,1760.0,3.0,159.99999999999994,3
Banashankari Stage III,1200.0,2.0,42.00000000000001,2
other,1100.0,2.0,78.0,2
Kaggadasapura,1140.0,2.0,46.0,2
Hormavu,1617.5,3.0,73.59500000000001,3
Gottigere,1410.0,2.0,44.99999999999999,2
Mahadevpura,1434.0,2.0,67.39,3
other,1180.0,2.0,74.00000000000003,2
Begur Road,1160.0,2.0,42.00000000000001,2
EPIP Zone,1343.0,2.0,85.99999999999997,2
LB Shastri Nagar,1184.0,2.0,69.00000000000001,2
Banashankari Stage III,1305.0,2.0,59.000000000000014,3
other,1540.0,3.0,85.00000000000001,3
Kanakpura Road,1550.0,3.0,65.11000000000001,3
Yelahanka,1345.0,2.0,57.00000000000001,3
Electronic City Phase II,975.0,2.0,44.99999999999999,3
HSR Layout,1140.0,2.0,46.0,2
JP Nagar,1152.0,2.0,34.56000000000001,2
other,1033.0,2.0,31.499999999999993,3
Marathahalli,1102.0,2.0,53.669999999999995,2
Subramanyapura,1223.0,2.0,42.809999999999995,3
Kadugodi,1762.0,3.0,111.99999999999996,3
KR Puram,2000.0,6.0,85.00000000000001,6
Electronic City,1410.0,2.0,37.99999999999999,3
Thanisandra,1853.0,3.0,64.85999999999999,3
Kothanur,1455.0,2.0,69.00000000000001,2
Sarjapur  Road,2556.0,3.0,169.0,3
TC Palaya,1200.0,2.0,66.49999999999999,3
other,1200.0,2.0,36.99999999999999,2
Anekal,1200.0,1.0,36.0,2
Whitefield,1870.0,3.0,138.00000000000006,3
Panathur,1199.0,2.0,85.99999999999997,2
Doddakallasandra,1360.0,2.0,54.39999999999999,3
Babusapalaya,1230.0,3.0,53.00000000000001,3
other,2000.0,3.0,119.99999999999997,3
Kundalahalli,1047.0,2.0,83.00000000000003,2
Ramamurthy Nagar,1200.0,2.0,76.0,2
Kengeri Satellite Town,1302.5,2.0,44.285,2
Kengeri,725.0,2.0,30.000000000000004,2
Jakkur,1645.0,3.0,100.00000000000004,3
Sultan Palaya,870.0,2.0,64.99999999999999,2
Marathahalli,1026.0,2.0,49.95,2
other,2000.0,3.0,144.99999999999997,3
Hosur Road,1766.0,3.0,129.99999999999997,3
other,500.0,1.0,15.0,1
JP Nagar,1100.0,1.0,15.0,2
Jigani,1221.0,3.0,52.00000000000001,3
Rachenahalli,680.0,1.0,46.0,1
Sarjapur  Road,1278.0,2.0,90.0,2
Kodichikkanahalli,1025.0,2.0,65.99999999999997,2
Whitefield,1175.0,2.0,38.99999999999999,2
Sarjapur  Road,975.0,2.0,28.275000000000002,2
other,850.0,2.0,42.00000000000001,2
Anjanapura,710.0,2.0,24.999999999999996,2
other,1165.0,2.0,33.64,2
Sarjapur,625.0,1.0,18.999999999999996,1
Kaggadasapura,1340.0,3.0,65.99999999999997,3
Ananth Nagar,937.0,2.0,34.99999999999999,2
JP Nagar,750.0,1.0,52.5,1
Shampura,1475.0,3.0,78.0,3
other,2230.0,4.0,129.99999999999997,4
other,2200.0,5.0,100.00000000000004,4
Mysore Road,900.0,2.0,64.99999999999999,2
Electronic City Phase II,1116.0,2.0,36.99999999999999,2
Hoodi,948.0,2.0,74.99999999999997,2
R.T. Nagar,970.0,2.0,55.000000000000014,2
other,1519.0,3.0,67.23000000000002,3
Thanisandra,1200.0,2.0,64.99999999999999,3
Bhoganhalli,1760.0,3.0,126.99999999999999,3
Budigere,1820.0,3.0,85.50000000000003,3
Budigere,1820.0,3.0,93.00000000000003,3
Kalena Agrahara,1565.0,3.0,78.0,3
Begur Road,1334.0,2.0,42.68999999999999,2
Sarakki Nagar,924.0,2.0,76.22999999999998,2
Jigani,914.0,2.0,48.99999999999999,2
Kengeri,500.0,1.0,17.0,1
Yelahanka,2145.0,3.0,125.00000000000004,3
Electronic City,1650.0,3.0,100.00000000000004,3
Electronic City,1020.0,2.0,29.45,2
Basaveshwara Nagar,1180.0,2.0,57.999999999999986,2
Bommasandra,1014.0,2.0,34.99999999999999,2
Attibele,695.0,1.0,24.999999999999996,2
GM Palaya,1140.0,2.0,48.95,2
Whitefield,1180.0,2.0,41.00000000000001,2
Begur Road,2400.0,4.0,152.0,4
Attibele,850.0,1.0,24.999999999999996,2
Banashankari,1200.0,2.0,59.999999999999986,2
Hoodi,1769.0,3.0,96.87000000000002,3
Bhoganhalli,1554.3,4.0,130.99999999999994,4
Haralur Road,1243.0,2.0,46.0,2
Mallasandra,905.0,2.0,40.0,2
Kothanur,627.0,1.0,30.000000000000004,1
Marathahalli,1435.0,3.0,72.99999999999999,3
Kodihalli,1620.0,3.0,129.99999999999997,3
Whitefield,1862.0,3.0,125.00000000000004,3
Kaikondrahalli,674.0,1.0,19.900000000000002,2
Marathahalli,1220.0,2.0,59.000000000000014,2
Haralur Road,1027.0,2.0,43.99999999999999,2
Electronic City,1025.0,2.0,48.99999999999999,2
Thanisandra,1430.0,2.0,54.50000000000001,3
Panathur,1235.0,2.0,64.99999999999999,2
Electronics City Phase 1,1291.0,2.0,32.0,3
Kanakpura Road,1498.0,3.0,95.0,3
Electronic City,1000.0,2.0,29.7,2
other,922.0,2.0,70.00000000000003,2
other,850.0,2.0,72.0,2
AECS Layout,1123.0,2.0,63.99999999999998,2
Raja Rajeshwari Nagar,1235.0,2.0,74.99999999999997,2
Kogilu,1250.0,2.0,55.550000000000004,2
Sarjapur  Road,984.0,2.0,45.910000000000004,2
Sarjapur  Road,1305.0,2.0,98.99999999999999,2
other,1200.0,1.0,64.99999999999999,2
Old Madras Road,2010.0,3.0,125.00000000000004,4
Electronics City Phase 1,995.0,2.0,42.00000000000001,2
Varthur Road,1277.0,2.0,59.000000000000014,2
7th Phase JP Nagar,1236.0,2.0,61.330000000000005,2
Akshaya Nagar,1265.0,2.0,66.99999999999997,2
Kanakpura Road,525.0,2.0,27.0,1
Gubbalala,2570.0,4.0,141.00000000000003,5
other,1442.0,3.0,56.24,3
Ardendale,1224.0,2.0,70.00000000000003,2
Bellandur,1205.0,2.0,59.000000000000014,2
other,1233.0,2.0,100.00000000000004,2
5th Block Hbr Layout,1312.0,2.0,69.00000000000001,2
Electronic City,1449.0,3.0,90.0,3
Yelenahalli,1090.0,2.0,54.00000000000001,2
Kaggadasapura,2100.0,5.0,149.99999999999997,5
Uttarahalli,1390.0,2.0,62.550000000000004,3
JP Nagar,1200.0,2.0,78.0,2
BTM 2nd Stage,1000.0,2.0,57.999999999999986,2
Thanisandra,1732.0,3.0,85.72999999999998,3
Banashankari,1290.0,2.0,79.99999999999997,2
other,1840.0,3.0,85.00000000000001,3
Thanisandra,1917.0,4.0,100.00000000000004,3
other,1100.0,2.0,57.00000000000001,2
Kudlu,1455.0,2.0,59.999999999999986,3
Devarachikkanahalli,1425.0,2.0,64.99999999999999,3
Whitefield,1655.0,3.0,113.00000000000003,3
other,1040.0,2.0,46.790000000000006,2
Akshaya Nagar,1126.0,2.0,55.000000000000014,2
Hebbal,1250.0,2.0,55.550000000000004,2
other,1200.0,2.0,53.00000000000001,2
other,2050.0,3.0,100.00000000000004,4
Whitefield,530.0,1.0,29.440000000000005,1
Kambipura,883.0,2.0,36.99999999999999,2
Uttarahalli,1490.0,2.0,59.6,3
Ramagondanahalli,1295.0,2.0,95.0,2
Sompura,1275.0,3.0,59.000000000000014,3
other,800.0,2.0,30.000000000000004,2
Devanahalli,1200.0,1.0,95.0,1
Bellandur,1063.0,2.0,57.999999999999986,2
Balagere,656.0,1.0,43.0,1
other,1125.0,2.0,36.0,2
Marathahalli,881.0,2.0,48.059999999999995,2
Bisuvanahalli,700.0,1.0,32.0,2
other,1936.0,3.0,110.00000000000004,3
Hosa Road,1680.0,3.0,101.00000000000003,3
Rayasandra,1253.0,2.0,57.00000000000001,2
Mysore Road,1082.0,3.0,49.99999999999999,3
Electronic City,1065.0,2.0,30.749999999999996,2
Iblur Village,2100.0,4.0,144.99999999999997,3
Electronic City,1070.0,2.0,57.999999999999986,2
Raja Rajeshwari Nagar,1280.0,3.0,57.6,3
Electronic City Phase II,1125.0,2.0,29.25,2
Sarjapur  Road,1755.0,3.0,122.00000000000003,3
Electronic City,1210.0,2.0,54.00000000000001,2
Talaghattapura,951.0,2.0,30.43,2
Electronic City,1500.0,2.0,74.99999999999997,3
other,1652.5,3.0,90.0,3
Yeshwanthpur,1381.0,2.0,76.18000000000004,3
Whitefield,1085.0,2.0,57.00000000000001,2
Whitefield,905.0,1.0,49.99999999999999,1
Hennur Road,1685.0,3.0,95.0,3
Somasundara Palya,1200.0,2.0,74.99999999999997,2
Anandapura,1151.0,2.0,42.89999999999999,2
Kanakpura Road,1665.0,3.0,86.91,3
Kengeri Satellite Town,800.0,2.0,40.0,2
Rajiv Nagar,1030.0,2.0,46.49999999999999,2
Hoodi,1257.0,2.0,71.02999999999999,2
Whitefield,1600.0,3.0,82.00000000000001,3
Choodasandra,1465.0,3.0,74.99999999999997,3
Jakkur,1650.0,3.0,110.99999999999997,3
Haralur Road,1243.0,2.0,46.0,2
Whitefield,1230.0,4.0,79.99999999999997,4
Koramangala,1300.0,2.0,82.00000000000001,2
KR Puram,1000.0,2.0,44.50000000000001,2
Mahadevpura,1146.0,2.0,53.79999999999999,2
other,2159.0,3.0,110.00000000000004,3
Whitefield,1255.0,2.0,40.0,2
Hebbal Kempapura,1130.0,2.0,59.999999999999986,2
Padmanabhanagar,1200.0,2.0,59.999999999999986,2
Sarjapur  Road,1040.0,2.0,36.99999999999999,2
Uttarahalli,1180.0,2.0,41.29999999999999,2
KR Puram,1200.0,2.0,46.99999999999999,2
Sarjapur  Road,1374.0,3.0,51.0,3
Whitefield,630.5,1.0,32.15,1
Haralur Road,1027.0,2.0,43.99999999999999,2
Jalahalli,2384.0,4.0,164.99999999999994,3
Electronic City,1033.0,2.0,28.409999999999997,3
Yelahanka,1200.0,2.0,54.00000000000001,2
Haralur Road,2017.0,3.0,104.99999999999997,3
other,1500.0,3.0,138.00000000000006,3
other,700.0,2.0,43.0,2
Kanakpura Road,1495.0,2.0,52.330000000000005,3
Kothanur,1302.0,2.0,68.5,2
Whitefield,905.0,1.0,52.00000000000001,1
Raja Rajeshwari Nagar,1303.0,2.0,55.78999999999999,2
Electronics City Phase 1,1350.0,3.0,71.0,3
Gottigere,1380.0,2.0,95.0,3
Harlur,1620.0,3.0,110.00000000000004,3
Sarjapur  Road,1000.0,2.0,38.50000000000001,2
Thanisandra,1250.0,1.0,54.00000000000001,2
Anekal,997.0,3.0,55.000000000000014,3
Kothanur,1760.0,3.0,110.99999999999997,3
Yelahanka,1322.0,2.0,74.99999999999997,2
other,1365.0,3.0,98.99999999999999,3
Sahakara Nagar,1500.0,3.0,125.00000000000004,3
Kaggadasapura,1256.0,2.0,49.99999999999999,3
Brookefield,941.0,2.0,48.00000000000001,2
Kanakpura Road,1665.0,3.0,86.58000000000001,3
Hennur Road,1414.0,2.0,84.18,2
Chikkalasandra,1270.0,2.0,55.25000000000002,3
other,1800.0,3.0,104.99999999999997,6
other,850.0,2.0,34.99999999999999,2
Kanakpura Road,712.0,1.0,38.43999999999999,1
TC Palaya,900.0,2.0,55.000000000000014,2
Hebbal,1200.0,2.0,48.99999999999999,2
Kengeri Satellite Town,654.0,1.0,22.000000000000004,1
other,708.0,1.0,55.000000000000014,2
other,1680.0,3.0,135.00000000000003,3
other,990.0,2.0,57.999999999999986,2
Uttarahalli,1380.0,2.0,42.00000000000001,2
Hebbal,1088.0,2.0,62.00000000000001,2
Harlur,1414.0,3.0,77.5,3
other,1240.0,2.0,100.00000000000004,2
other,1810.0,3.0,118.00000000000004,3
Kothanur,1185.0,2.0,57.999999999999986,2
Whitefield,1200.0,3.0,57.15000000000001,3
Electronic City,1070.0,2.0,52.00000000000001,2
other,1265.0,2.0,57.999999999999986,2
Sahakara Nagar,1100.0,2.0,55.000000000000014,2
other,1035.0,2.0,43.99999999999999,2
Sonnenahalli,614.5,1.0,30.714999999999993,1
Hegde Nagar,1179.0,2.0,49.35,2
Vittasandra,1650.0,3.0,83.99999999999999,3
other,1430.0,3.0,78.65000000000003,3
Marathahalli,1130.0,2.0,57.999999999999986,3
JP Nagar,1850.0,2.0,110.00000000000004,3
Hennur,1340.0,3.0,54.24,3
other,600.0,2.0,30.000000000000004,2
Channasandra,1160.0,2.0,55.000000000000014,2
other,1200.0,2.0,44.99999999999999,1
other,1116.0,2.0,37.599999999999994,2
other,1090.0,2.0,44.99999999999999,2
JP Nagar,1100.0,2.0,44.99999999999999,2
Kammasandra,1365.0,2.0,34.13,3
Vijayanagar,1484.0,3.0,79.18999999999997,3
Green Glen Layout,1630.0,3.0,68.00000000000001,3
Whitefield,1451.0,2.0,52.42999999999999,3
Kanakpura Road,1330.0,2.0,106.99999999999996,2
Thanisandra,2127.0,3.0,135.00000000000003,3
other,1260.0,4.0,64.99999999999999,4
Sarjapur  Road,1173.0,2.0,45.74999999999999,3
Electronics City Phase 1,1445.0,2.0,56.00000000000002,3
Thanisandra,2336.5,3.0,115.89000000000003,3
JP Nagar,1197.0,2.0,47.879999999999995,2
Kanakpura Road,1450.0,3.0,62.4,3
Whitefield,1187.0,2.0,37.849999999999994,2
Channasandra,1050.0,2.0,41.00000000000001,2
Panathur,1370.0,2.0,54.800000000000004,3
Yelahanka,1036.0,2.0,39.37,2
JP Nagar,1275.0,3.0,41.2,3
Old Madras Road,2010.0,3.0,115.00000000000001,4
Thigalarapalya,1418.0,2.0,105.99999999999997,2
Thanisandra,1265.0,2.0,46.599999999999994,2
Anandapura,1576.0,3.0,57.999999999999986,3
Dodda Nekkundi,1148.0,2.0,56.00000000000002,2
other,1000.0,2.0,36.0,2
Kudlu,1293.0,2.0,85.00000000000001,3
TC Palaya,1200.0,2.0,65.99999999999997,3
Munnekollal,1210.0,2.0,74.99999999999997,2
HSR Layout,1126.0,2.0,69.00000000000001,2
Vidyaranyapura,1440.0,2.0,70.00000000000003,3
Ramamurthy Nagar,1300.0,2.0,52.00000000000001,3
Thanisandra,1276.0,2.0,74.99999999999997,2
Whitefield,1216.0,2.0,83.00000000000003,2
other,840.0,1.0,74.99999999999997,1
Sompura,1126.0,2.0,38.99999999999999,2
Raja Rajeshwari Nagar,1162.0,2.0,64.99999999999999,2
Whitefield,1301.0,2.0,64.99999999999999,2
Devanahalli,658.0,1.0,34.00000000000001,1
1st Phase JP Nagar,1276.0,1.0,62.99999999999999,1
Chandapura,1208.51,3.0,42.00000000000001,3
Raja Rajeshwari Nagar,1133.0,2.0,38.41,2
other,1760.0,2.0,115.99999999999999,3
Bisuvanahalli,1075.0,2.0,52.00000000000001,3
Sarjapur,940.0,2.0,25.38,2
Badavala Nagar,1145.0,2.0,57.00000000000001,2
Bannerghatta Road,1302.5,2.0,67.73,2
Dasarahalli,1300.0,2.0,49.99999999999999,2
Thubarahalli,1216.0,2.0,79.99999999999997,2
Tumkur Road,1459.0,2.0,110.00000000000004,3
Jakkur,1622.0,2.0,79.99999999999997,3
Kanakpura Road,1843.0,3.0,85.00000000000001,3
Badavala Nagar,1274.0,2.0,81.00000000000003,2
other,600.0,1.0,52.00000000000001,2
Malleshpalya,1430.0,2.0,69.49999999999997,3
Begur Road,1565.0,2.0,57.90999999999999,3
Lakshminarayana Pura,1695.0,3.0,149.99999999999997,3
other,1410.0,2.0,74.99999999999997,2
Kengeri Satellite Town,1060.0,2.0,42.00000000000001,2
Sarjapur  Road,1120.0,2.0,49.99999999999999,2
Hosa Road,880.0,2.0,49.99999999999999,2
Jalahalli,1083.0,2.0,32.49000000000001,2
Dodda Nekkundi,1435.0,3.0,57.19999999999998,3
Doddakallasandra,1425.0,2.0,56.990000000000016,3
Arekere,900.0,2.0,49.99999999999999,2
other,2400.0,5.0,93.00000000000003,5
Thanisandra,693.0,1.0,34.29999999999999,1
Electronic City,2435.0,4.0,119.00000000000003,4
Iblur Village,1920.0,3.0,149.99999999999997,3
Electronic City,630.0,1.0,46.99999999999999,1
Bisuvanahalli,1075.0,2.0,49.99999999999999,3
Nagavarapalya,705.0,1.0,55.000000000000014,1
other,1200.0,2.0,75.60000000000001,3
Mahadevpura,1532.0,2.0,62.00000000000001,2
Rajiv Nagar,1330.0,2.0,93.00000000000003,2
Sarjapur  Road,1530.0,2.0,59.999999999999986,3
Kasavanhalli,1105.0,2.0,42.00000000000001,2
Harlur,1630.0,3.0,95.09999999999998,3
5th Phase JP Nagar,1256.0,2.0,62.799999999999976,2
Brookefield,1595.0,2.0,74.99999999999997,3
7th Phase JP Nagar,1000.0,2.0,53.00000000000001,2
Poorna Pragna Layout,1475.0,2.0,58.98999999999999,3
Electronic City Phase II,1000.0,2.0,28.879999999999995,2
Uttarahalli,1737.0,2.0,95.0,3
Electronic City Phase II,1000.0,2.0,28.879999999999995,2
other,2100.0,4.0,149.99999999999997,4
Mysore Road,883.0,2.0,49.99999999999999,2
Haralur Road,1243.0,2.0,46.0,2
BTM Layout,1776.0,2.0,74.99999999999997,3
Anjanapura,1347.0,2.0,37.71999999999999,3
Whitefield,1330.0,2.0,55.000000000000014,3
Harlur,1459.0,3.0,135.00000000000003,3
Thanisandra,2259.0,5.0,135.00000000000003,4
Gubbalala,1008.0,2.0,32.25,2
other,1200.0,2.0,52.5,2
Electronic City,660.0,1.0,15.499999999999998,2
Yelahanka,1405.0,2.0,50.58,2
Yelahanka,602.0,1.0,26.000000000000004,1
Marathahalli,1710.0,3.0,100.00000000000004,3
JP Nagar,1500.0,2.0,82.00000000000001,3
other,1539.0,3.0,59.999999999999986,3
Judicial Layout,1100.0,2.0,53.00000000000001,3
Raja Rajeshwari Nagar,1151.0,2.0,48.99999999999999,2
other,920.0,2.0,46.0,2
Kathriguppe,1350.0,3.0,78.30000000000003,3
Bannerghatta Road,1200.0,2.0,64.99999999999999,2
Thanisandra,1265.0,2.0,78.0,2
Sarjapur  Road,1700.0,3.0,93.50000000000001,3
Ramamurthy Nagar,1600.0,3.0,74.99999999999997,3
other,1550.0,4.0,119.99999999999997,4
R.T. Nagar,1560.0,3.0,125.00000000000004,3
Haralur Road,1243.0,2.0,46.0,2
Sarjapur  Road,1403.0,3.0,56.00000000000002,3
Doddakallasandra,1010.0,2.0,40.39,2
Tumkur Road,1416.0,3.0,94.0,3
Kanakpura Road,1628.0,2.0,68.00000000000001,2
7th Phase JP Nagar,1680.0,3.0,125.00000000000004,3
Doddathoguru,1595.0,3.0,62.00000000000001,3
Kanakpura Road,1507.0,2.0,95.0,3
Hennur Road,1949.0,3.0,133.0,3
Electronic City Phase II,1000.0,2.0,28.879999999999995,2
other,905.0,2.0,49.99999999999999,2
Kaikondrahalli,1605.0,3.0,104.99999999999997,3
Bommanahalli,1290.0,2.0,72.99999999999999,2
Yelahanka,1100.0,2.0,59.999999999999986,2
Vishveshwarya Layout,2100.0,6.0,92.00000000000001,6
Electronics City Phase 1,995.0,2.0,49.800000000000004,2
Gottigere,1425.0,2.0,46.99999999999999,3
other,1455.0,2.0,55.000000000000014,3
other,550.0,1.0,23.0,1
Uttarahalli,1385.0,2.0,48.480000000000004,3
other,1060.0,2.0,53.00000000000001,2
other,1080.0,2.0,74.99999999999997,3
HBR Layout,1783.0,3.0,125.00000000000004,3
Haralur Road,1520.0,2.0,90.0,3
Sarjapur  Road,1060.0,2.0,55.000000000000014,2
Raja Rajeshwari Nagar,1267.0,2.0,54.349999999999994,2
Whitefield,1155.0,2.0,55.000000000000014,2
Bannerghatta Road,1240.0,2.0,64.99999999999999,2
other,1570.0,3.0,78.0,3
NGR Layout,1019.0,2.0,45.9,2
Whitefield,1355.0,3.0,76.0,2
other,1537.0,3.0,110.00000000000004,3
Raja Rajeshwari Nagar,1550.0,3.0,52.45,3
Raja Rajeshwari Nagar,1100.0,2.0,49.99999999999999,2
other,1750.0,3.0,149.99999999999997,3
9th Phase JP Nagar,1466.0,2.0,71.0,2
Rachenahalli,1550.0,3.0,72.49999999999999,3
Akshaya Nagar,2300.0,4.0,101.99999999999996,3
Kengeri,540.0,1.0,22.499999999999996,1
other,1020.0,2.0,48.00000000000001,2
Hebbal,1987.0,4.0,164.99999999999994,3
Hoodi,1305.0,2.0,74.99999999999997,2
Sarjapur,2100.0,3.0,125.00000000000004,4
Electronic City,1125.0,2.0,32.5,2
Horamavu Banaswadi,1225.0,2.0,49.500000000000014,2
Hennur,1255.0,2.0,55.499999999999986,2
other,1191.0,2.0,90.0,2
Electronic City,1165.0,2.0,33.64,2
other,865.0,2.0,35.11,2
Nagarbhavi,1850.0,2.0,88.00000000000003,3
Hennur Road,1232.0,2.0,88.99999999999999,2
Thanisandra,1732.0,3.0,85.72999999999998,3
Yelahanka,1614.0,2.0,100.00000000000004,3
Magadi Road,600.0,1.0,22.000000000000004,2
Thigalarapalya,2072.0,4.0,155.00000000000003,3
Electronic City,919.0,2.0,34.00000000000001,2
other,2100.0,4.0,90.0,4
other,1000.0,2.0,42.00000000000001,2
Whitefield,1216.0,2.0,74.99999999999997,2
Lingadheeranahalli,2245.0,4.0,154.00000000000006,4
Bannerghatta Road,1476.0,3.0,125.00000000000004,3
Ambedkar Nagar,1852.0,3.0,129.99999999999997,3
other,1225.0,2.0,46.99999999999999,2
Panathur,1597.0,3.0,67.12000000000003,3
Jakkur,2423.0,4.0,159.99999999999994,3
Marathahalli,1152.0,2.0,90.0,2
Harlur,1762.0,3.0,133.0,3
Kammasandra,1400.0,3.0,92.00000000000001,3
Rachenahalli,1530.0,2.0,74.40000000000003,3
Raja Rajeshwari Nagar,1185.0,2.0,40.17,2
Yelahanka,1890.0,3.0,108.00000000000003,3
Varthur Road,1247.0,2.0,57.999999999999986,3
Bellandur,1201.0,2.0,59.989999999999995,2
other,830.0,2.0,40.0,2
Electronic City Phase II,1165.0,2.0,30.290000000000003,2
Bommanahalli,1100.0,1.0,55.000000000000014,2
9th Phase JP Nagar,1890.0,2.0,93.00000000000003,3
other,1685.0,3.0,59.999999999999986,3
Battarahalli,1165.0,2.0,43.0,2
other,827.0,2.0,44.99999999999999,2
Electronics City Phase 1,635.0,1.0,26.000000000000004,1
other,1050.0,2.0,49.99999999999999,2
Jakkur,1819.18,3.0,167.99999999999997,3
Kanakapura,1500.0,3.0,125.00000000000004,3
Yelenahalli,1500.0,2.0,57.00000000000001,3
Raja Rajeshwari Nagar,1751.0,3.0,72.0,3
Bommasandra,1020.0,2.0,40.88999999999999,2
Thanisandra,1148.0,2.0,43.49999999999999,2
Talaghattapura,1856.0,3.0,135.00000000000003,3
other,1060.0,2.0,49.269999999999996,2
Haralur Road,1300.0,2.0,59.999999999999986,2
Bellandur,1325.0,2.0,64.99999999999999,2
other,1261.0,2.0,61.00000000000001,2
other,1100.0,2.0,46.0,2
Ramamurthy Nagar,700.0,2.0,33.0,2
7th Phase JP Nagar,1675.0,2.0,135.00000000000003,3
other,1180.0,2.0,56.00000000000002,2
Uttarahalli,1160.0,2.0,44.99999999999999,2
Kasavanhalli,1863.0,3.0,104.99999999999997,4
Sahakara Nagar,1914.0,3.0,149.0,3
BTM Layout,1458.0,3.0,79.0,3
Babusapalaya,1105.0,2.0,40.0,2
Akshaya Nagar,1662.0,3.0,90.0,3
Yelahanka,1556.0,3.0,85.99999999999997,3
Jigani,918.0,2.0,49.99999999999999,2
Sarjapur  Road,1455.0,2.0,98.00000000000004,3
other,1205.0,2.0,70.00000000000003,2
BEML Layout,1194.0,2.0,64.99999999999999,2
Laggere,1200.0,2.0,74.99999999999997,2
Bannerghatta Road,1100.0,2.0,52.00000000000001,3
Sarjapur  Road,1405.0,3.0,48.87,3
Subramanyapura,929.0,2.0,56.00000000000002,2
7th Phase JP Nagar,1035.0,2.0,39.33,2
8th Phase JP Nagar,2100.0,4.0,92.00000000000001,4
Channasandra,1065.0,2.0,40.470000000000006,2
Bannerghatta Road,1532.5,3.0,84.29000000000002,3
Hormavu,1093.0,2.0,32.779999999999994,2
Anandapura,1250.0,2.0,44.99999999999999,2
Marathahalli,1680.0,3.0,104.99999999999997,3
Nagarbhavi,1146.0,2.0,49.99999999999999,2
other,1250.0,2.0,57.999999999999986,2
Ramagondanahalli,1451.0,3.0,60.44,3
other,1424.0,2.0,55.000000000000014,3
Gottigere,1435.0,2.0,62.00000000000001,3
Devanahalli,658.0,1.0,26.910000000000004,1
Bommanahalli,1300.0,3.0,44.99999999999999,3
Whitefield,1242.0,2.0,64.99999999999999,2
Marathahalli,1910.0,3.0,119.00000000000003,3
Yelahanka,1610.0,4.0,85.00000000000001,3
Hulimavu,1127.0,2.0,64.99999999999999,2
Yelahanka,1075.0,2.0,42.00000000000001,3
Mysore Road,1155.0,2.0,51.0,2
other,1250.0,3.0,55.000000000000014,3
other,2200.0,4.0,159.99999999999994,3
Billekahalli,2400.0,3.0,149.99999999999997,3
Chandapura,876.0,2.0,29.500000000000004,2
Nagarbhavi,1850.0,2.0,88.99999999999999,3
Kadugodi,1314.0,2.0,83.00000000000003,2
Rachenahalli,690.0,1.0,39.79999999999999,1
other,1230.0,2.0,55.000000000000014,2
Bommasandra,920.0,2.0,37.20000000000001,2
Sarjapur  Road,1850.0,3.0,139.99999999999994,3
Electronic City,1073.0,2.0,59.999999999999986,2
other,1540.0,3.0,76.0,3
Kanakpura Road,1550.0,3.0,63.49999999999999,3
Kalyan nagar,1198.0,2.0,64.99999999999999,2
HBR Layout,1656.0,3.0,90.0,3
other,1900.0,3.0,155.00000000000003,3
Ramagondanahalli,1910.0,3.0,142.00000000000003,3
Mysore Road,1003.0,2.0,43.0,2
other,1276.0,2.0,48.00000000000001,2
Whitefield,1495.0,2.0,66.99999999999997,3
Thanisandra,2172.0,3.0,76.01999999999997,3
other,1200.0,1.0,95.0,2
Whitefield,1548.0,3.0,64.99999999999999,3
Hosur Road,1689.0,3.0,103.00000000000001,3
Electronic City Phase II,1031.0,2.0,53.00000000000001,2
Bhoganhalli,2119.0,4.0,110.99999999999997,4
Whitefield,1200.0,2.0,46.13,2
other,1060.0,2.0,36.99999999999999,2
other,1100.0,2.0,61.00000000000001,2
Hennur Road,1250.0,2.0,77.87999999999997,3
Whitefield,1200.0,2.0,46.13,2
Seegehalli,1420.0,2.0,46.0,3
Electronic City,1500.0,2.0,78.0,3
other,1942.0,3.0,155.00000000000003,3
Haralur Road,1985.0,3.0,129.99999999999997,3
Sarjapur  Road,950.0,1.0,39.9,1
other,1200.0,4.0,79.99999999999997,3
Green Glen Layout,1752.0,3.0,104.99999999999997,3
Old Madras Road,1480.0,2.0,83.99999999999999,3
Sarjapur  Road,1826.0,3.0,129.99999999999997,3
8th Phase JP Nagar,1035.0,2.0,39.33,2
Kasavanhalli,1667.0,3.0,92.00000000000001,3
Thanisandra,934.0,2.0,55.000000000000014,2
JP Nagar,1276.0,3.0,69.34000000000003,3
Mahadevpura,1620.0,2.0,76.0,3
Electronic City,1070.0,2.0,46.99999999999999,2
Uttarahalli,1280.0,2.0,59.999999999999986,3
other,1400.0,2.0,59.999999999999986,2
other,1330.0,2.0,63.99999999999998,2
Balagere,1012.0,2.0,54.59000000000001,2
Electronic City Phase II,1611.0,2.0,48.33,3
Whitefield,1405.0,3.0,57.999999999999986,3
other,1515.0,3.0,90.0,3
Thigalarapalya,1830.0,4.0,149.99999999999997,3
Kaggadasapura,1710.0,3.0,59.999999999999986,3
BTM Layout,935.0,2.0,51.5,2
Jakkur,2197.0,3.0,136.00000000000006,3
Yeshwanthpur,1678.0,3.0,92.12999999999997,3
Brookefield,1410.0,2.0,79.99999999999997,3
Jakkur,1125.0,2.0,64.99999999999999,2
Magadi Road,1191.0,2.0,55.380000000000024,3
Thubarahalli,1200.0,2.0,79.0,2
CV Raman Nagar,1525.0,2.0,66.99999999999997,3
other,1464.0,3.0,56.00000000000002,3
Seegehalli,920.0,2.0,27.0,2
Yelahanka,651.0,1.0,17.500000000000004,1
Chikkabanavar,600.0,1.0,24.999999999999996,2
Chandapura,645.0,1.0,16.450000000000003,1
Thanisandra,1185.0,2.0,43.99999999999999,2
Electronics City Phase 1,1190.0,2.0,68.00000000000001,2
Whitefield,1355.0,2.0,72.99999999999999,2
KR Puram,1200.0,1.0,64.99999999999999,2
Yelahanka New Town,500.0,2.0,24.000000000000004,1
Bommasandra Industrial Area,1250.0,3.0,49.99999999999999,3
Uttarahalli,1480.0,2.0,57.999999999999986,3
KR Puram,1583.0,2.0,70.44500000000002,3
other,1206.0,2.0,53.00000000000001,2
Hosakerehalli,925.0,2.0,46.49999999999999,2
8th Phase JP Nagar,909.0,2.0,40.89999999999999,2
Brookefield,1100.0,2.0,55.000000000000014,2
Vidyaranyapura,1100.0,2.0,54.00000000000001,2
Subramanyapura,975.0,2.0,64.99999999999999,2
Raja Rajeshwari Nagar,1306.0,2.0,44.17000000000001,2
other,1200.0,4.0,95.0,4
Kalena Agrahara,610.0,1.0,38.99999999999999,1
Yelahanka,1484.0,2.0,56.400000000000006,3
Ramamurthy Nagar,1125.0,2.0,46.99999999999999,2
Bhoganhalli,1447.0,2.0,75.97000000000001,2
Kundalahalli,2075.0,3.0,115.00000000000001,3
other,1250.0,2.0,57.999999999999986,2
Horamavu Banaswadi,1272.0,2.0,51.5,2
other,625.0,2.0,24.000000000000004,2
1st Phase JP Nagar,840.0,2.0,49.99999999999999,1
Rayasandra,583.0,1.0,26.89999999999999,1
other,900.0,2.0,27.0,2
Sarjapur  Road,1115.0,2.0,49.99999999999999,2
other,1464.0,2.0,56.00000000000002,2
Kanakapura,2200.0,3.0,121.00000000000003,3
Whitefield,750.0,1.0,51.0,1
Marathahalli,1600.0,3.0,57.999999999999986,3
Chikkalasandra,1365.0,2.0,48.99999999999999,3
other,1300.0,3.0,63.99999999999998,3
other,1200.0,1.0,69.00000000000001,1
Hormavu,1260.0,2.0,34.99999999999999,2
Electronics City Phase 1,1190.0,2.0,33.92000000000001,2
Vishwapriya Layout,1250.0,3.0,37.99999999999999,3
Kaggadasapura,1500.0,3.0,74.99999999999997,3
Banashankari Stage V,1510.0,3.0,47.57000000000001,3
7th Phase JP Nagar,1187.0,2.0,59.000000000000014,2
Kundalahalli,1120.0,2.0,53.75999999999999,2
Whitefield,1115.0,2.0,34.55499999999999,2
other,1717.0,3.0,98.99999999999999,3
other,2099.0,3.0,95.0,3
Kasturi Nagar,1100.0,2.0,57.999999999999986,2
other,1200.0,1.0,48.00000000000001,1
Bannerghatta Road,1465.0,2.0,45.86999999999999,3
Kothanur,1500.0,1.0,74.99999999999997,1
Haralur Road,1255.0,2.0,90.0,3
5th Phase JP Nagar,1220.0,2.0,88.00000000000003,2
Electronic City Phase II,1065.0,2.0,30.88,2
Sultan Palaya,1765.0,3.0,79.99999999999997,3
Bellandur,1281.0,2.0,87.0,2
Electronic City,1210.0,2.0,24.999999999999996,2
Kaggadasapura,1215.0,2.0,43.0,2
Ananth Nagar,1200.0,3.0,87.0,4
Mysore Road,1237.0,2.0,72.99999999999999,2
Lakshminarayana Pura,1300.0,2.0,70.00000000000003,2
Whitefield,1105.0,2.0,39.989999999999995,2
Chandapura,1505.0,2.0,42.00000000000001,3
Banashankari,1186.0,2.0,64.99999999999999,2
Kengeri,750.0,2.0,35.5,2
Varthur,1083.0,2.0,27.999999999999996,2
other,1430.0,2.0,78.65000000000003,3
Thanisandra,1056.0,2.0,68.00000000000001,2
other,2108.0,3.0,85.00000000000001,3
Banashankari,1650.0,3.0,101.00000000000003,3
Electronic City Phase II,1220.0,3.0,36.599999999999994,3
Rayasandra,1198.0,2.0,54.00000000000001,2
other,1190.0,2.0,70.00000000000003,2
other,900.0,2.0,41.00000000000001,2
Kanakapura,1340.0,2.0,64.99999999999999,2
Whitefield,2324.0,2.0,26.729999999999997,2
Yelahanka,1260.0,2.0,59.20000000000003,2
Talaghattapura,2254.0,3.0,152.99999999999997,3
JP Nagar,820.0,2.0,44.99999999999999,2
Electronic City,1296.0,2.0,64.99999999999999,2
Uttarahalli,1190.0,2.0,53.550000000000004,2
Whitefield,1173.0,2.0,77.00000000000001,2
Sarjapura - Attibele Road,1800.0,3.0,90.0,3
Yelahanka,1102.0,2.0,52.00000000000001,2
Sarjapur,913.0,2.0,36.0,2
Hormavu,1176.0,2.0,35.27,3
Prithvi Layout,1620.0,3.0,64.99999999999999,3
Yelahanka,1519.0,2.0,64.99999999999999,2
Hosur Road,1345.0,2.0,105.99999999999997,2
other,1594.0,3.0,98.99999999999999,3
other,1250.0,2.0,68.00000000000001,2
Haralur Road,1056.0,2.0,59.999999999999986,2
Whitefield,1200.0,3.0,68.40000000000002,3
other,1290.0,1.0,77.5,2
other,1150.0,2.0,48.00000000000001,2
Anekal,1200.0,2.0,36.0,4
Gollarapalya Hosahalli,861.0,2.0,36.50000000000001,2
Kundalahalli,1047.0,2.0,82.62000000000003,2
other,1200.0,2.0,74.99999999999997,2
other,1065.0,2.0,44.99999999999999,2
Ramamurthy Nagar,1000.0,2.0,62.00000000000001,2
Lingadheeranahalli,1682.0,3.0,113.00000000000003,3
Harlur,1756.0,3.0,130.99999999999994,3
Vittasandra,1238.0,2.0,67.31999999999998,2
Dasanapura,814.0,2.0,42.00000000000001,2
Dodda Nekkundi,1145.0,2.0,46.49999999999999,2
Varthur,965.0,2.0,34.00000000000001,2
other,750.0,2.0,36.0,2
Banashankari,1300.0,2.0,55.000000000000014,3
1st Phase JP Nagar,1590.0,3.0,130.99999999999994,3
Begur Road,644.0,1.0,40.0,1
Whitefield,982.0,2.0,36.99999999999999,2
Indira Nagar,1260.0,2.0,100.00000000000004,2
Rayasandra,1555.0,3.0,75.17000000000002,3
Kaggadasapura,1225.0,2.0,48.00000000000001,2
Electronics City Phase 1,1085.0,2.0,46.0,2
Thanisandra,1595.0,3.0,110.00000000000004,3
Raja Rajeshwari Nagar,1196.0,2.0,40.44,2
Yelahanka,1859.0,3.0,108.00000000000003,3
9th Phase JP Nagar,1079.0,2.0,59.999999999999986,2
Whitefield,1118.0,2.0,42.00000000000001,2
CV Raman Nagar,1198.0,2.0,59.999999999999986,2
Chandapura,1162.5,2.0,30.215,3
Thigalarapalya,1830.0,4.0,135.00000000000003,3
Banashankari Stage VI,1160.0,2.0,59.000000000000014,2
other,2070.0,3.0,135.00000000000003,3
Kannamangala,957.0,2.0,52.5,2
Bannerghatta Road,1268.0,2.0,69.00000000000001,2
Bannerghatta Road,1450.0,2.0,87.0,3
other,1600.0,2.0,74.99999999999997,3
Uttarahalli,1330.0,2.0,57.00000000000001,3
Jakkur,1355.0,2.0,64.99999999999999,3
Horamavu Banaswadi,1272.0,2.0,51.5,2
other,1100.0,2.0,38.489999999999995,2
Sarjapur  Road,1220.0,3.0,57.999999999999986,3
Chikkalasandra,1075.0,2.0,46.75999999999999,2
other,800.0,2.0,55.000000000000014,2
Vasanthapura,995.0,2.0,34.82,2
other,900.0,1.0,43.99999999999999,2
Haralur Road,1140.0,2.0,42.00000000000001,2
other,1480.0,2.0,125.00000000000004,3
Padmanabhanagar,1710.0,2.0,90.62999999999997,3
Talaghattapura,2106.0,3.0,147.99999999999994,3
Marathahalli,1602.0,2.0,103.99999999999999,2
Sarjapur  Road,1660.0,2.0,115.99999999999999,3
Electronic City Phase II,1549.0,3.0,79.99999999999997,3
Marathahalli,700.0,1.0,37.99999999999999,1
Balagere,1012.0,2.0,63.99999999999998,2
Marathahalli,1469.0,3.0,88.99999999999999,3
Whitefield,1216.0,2.0,69.00000000000001,2
Electronic City Phase II,1065.0,2.0,56.130000000000024,2
Thanisandra,1411.0,3.0,93.15,3
Pai Layout,1400.0,2.0,57.5,2
Hoskote,1250.0,3.0,29.000000000000004,3
Haralur Road,1245.0,2.0,62.00000000000001,2
Choodasandra,1115.0,2.0,49.99999999999999,2
Vidyaranyapura,1000.0,2.0,34.99999999999999,2
Panathur,1580.0,3.0,71.89000000000001,3
Subramanyapura,1800.0,3.0,90.0,3
other,1500.0,2.0,129.99999999999997,2
Chandapura,645.0,1.0,16.450000000000003,1
Kothannur,1275.0,3.0,43.99999999999999,3
Kasavanhalli,1494.0,3.0,82.00000000000001,3
Bhoganhalli,1949.0,3.0,128.99999999999997,3
BTM Layout,1020.0,2.0,46.49999999999999,2
Mysore Road,883.0,2.0,44.99999999999999,2
other,2010.0,3.0,125.00000000000004,3
Yeshwanthpur,1240.0,2.0,79.99999999999997,2
6th Phase JP Nagar,1213.0,2.0,62.99999999999999,2
Hegde Nagar,1835.0,3.0,88.00000000000003,3
Gottigere,945.0,2.0,44.99999999999999,2
other,1504.0,2.0,100.00000000000004,3
Harlur,1755.0,3.0,129.99999999999997,3
Vijayanagar,1760.0,3.0,139.99999999999994,3
Hoodi,1240.0,2.0,43.940000000000005,2
Electronics City Phase 1,1450.0,3.0,72.53999999999999,3
5th Phase JP Nagar,1000.0,2.0,48.00000000000001,2
Thyagaraja Nagar,2000.0,4.0,144.99999999999997,5
Choodasandra,1215.0,2.0,59.000000000000014,2
Yelachenahalli,1330.0,3.0,73.49999999999997,3
Raja Rajeshwari Nagar,1178.0,2.0,74.99999999999997,2
other,2040.0,2.0,59.000000000000014,2
Bellandur,2000.0,3.0,85.00000000000001,3
Parappana Agrahara,1194.0,2.0,46.0,2
Dasarahalli,2400.0,2.0,152.0,3
Sarjapur  Road,1700.0,3.0,108.00000000000003,3
Jigani,1200.0,3.0,64.99999999999999,3
other,1500.0,3.0,72.0,3
Kanakpura Road,1737.0,3.0,85.00000000000001,3
TC Palaya,900.0,2.0,55.000000000000014,2
other,1280.0,2.0,48.00000000000001,3
CV Raman Nagar,1560.0,2.0,85.00000000000001,2
Kambipura,883.0,2.0,43.99999999999999,2
Kengeri Satellite Town,750.0,2.0,33.0,2
Brookefield,2400.0,3.0,139.99999999999994,4
other,900.0,2.0,44.99999999999999,2
Hormavu,1030.0,2.0,49.35,2
7th Phase JP Nagar,1850.0,3.0,155.00000000000003,3
Hennur Road,1831.0,3.0,110.00000000000004,3
other,1095.0,2.0,38.33,2
Electronic City Phase II,1320.0,2.0,38.13,3
Sarjapur  Road,1272.5,2.0,40.72,3
7th Phase JP Nagar,1000.0,2.0,61.00000000000001,2
Budigere,1820.0,3.0,85.4,3
Bisuvanahalli,1075.0,2.0,41.00000000000001,3
TC Palaya,1500.0,3.0,83.00000000000003,3
Electronics City Phase 1,360.0,1.0,16.899999999999995,1
Kadugodi,925.0,1.0,40.70000000000001,1
Electronic City,1140.0,2.0,70.93,2
other,1145.0,2.0,58.39999999999999,2
other,1862.0,3.0,119.99999999999997,3
Devarachikkanahalli,947.0,2.0,43.0,2
Kalena Agrahara,1120.0,2.0,40.0,2
Kaggadasapura,1805.0,2.0,74.99999999999997,3
Basavangudi,1100.0,2.0,93.00000000000003,2
other,1677.0,3.0,98.00000000000004,3
other,2500.0,8.0,95.0,8
Uttarahalli,1560.0,3.0,74.00000000000003,3
Arekere,2060.0,3.0,149.99999999999997,3
Koramangala,1716.0,2.0,115.00000000000001,3
Harlur,1864.0,3.0,139.99999999999994,3
Electronics City Phase 1,638.0,1.0,32.0,1
Chandapura,937.0,2.0,30.000000000000004,2
other,1490.0,2.0,115.00000000000001,3
Whitefield,1100.0,2.0,36.99999999999999,2
Thigalarapalya,1000.0,2.0,48.53000000000001,2
Horamavu Agara,1060.0,2.0,36.99999999999999,2
Kundalahalli,1047.0,2.0,90.99999999999997,2
Basaveshwara Nagar,1200.0,2.0,79.99999999999997,2
Akshaya Nagar,1420.0,2.0,74.99999999999997,3
Sarjapur  Road,1539.0,3.0,85.00000000000001,3
other,1550.0,3.0,59.000000000000014,3
Kasavanhalli,1555.0,3.0,82.00000000000001,3
Seegehalli,1553.0,3.0,68.00000000000001,3
Electronic City Phase II,920.0,2.0,26.000000000000004,2
other,1740.0,3.0,119.99999999999997,3
OMBR Layout,1855.0,3.0,144.99999999999997,3
Kundalahalli,1724.0,3.0,146.0,3
other,1020.0,2.0,59.999999999999986,2
Uttarahalli,1250.0,2.0,49.99999999999999,3
Sanjay nagar,1450.0,3.0,74.99999999999997,3
Thubarahalli,1200.0,2.0,79.99999999999997,2
Haralur Road,1140.0,2.0,57.999999999999986,2
other,550.0,1.0,15.999999999999998,1
Bannerghatta Road,1450.0,3.0,43.99999999999999,3
Jigani,1500.0,2.0,25.490000000000002,2
Kanakpura Road,700.0,2.0,35.07,2
Whitefield,1200.0,3.0,56.00000000000002,3
Yelahanka,1050.0,2.0,44.99999999999999,2
Somasundara Palya,1600.0,3.0,69.00000000000001,3
Bannerghatta Road,1625.0,2.0,74.99999999999997,3
other,1492.0,2.0,64.99999999999999,2
Sarjapur  Road,1489.0,2.0,82.00000000000001,3
Kanakapura,1560.0,2.0,62.37999999999998,3
Haralur Road,1140.0,2.0,42.00000000000001,2
other,1431.0,3.0,64.99999999999999,3
Lingadheeranahalli,1682.0,3.0,114.00000000000003,3
Panathur,1198.0,2.0,86.25999999999998,2
Sarjapur  Road,1550.0,2.0,69.74999999999997,3
Kodichikkanahalli,1026.0,2.0,44.99999999999999,2
Hennur,1260.0,2.0,52.00000000000001,3
other,690.0,2.0,42.00000000000001,2
Sarjapur  Road,539.0,1.0,44.99999999999999,1
Sarakki Nagar,1200.0,4.0,85.00000000000001,4
Attibele,2400.0,3.0,119.99999999999997,3
Thubarahalli,1200.0,2.0,79.54999999999997,2
Sarjapur  Road,1186.0,2.0,40.0,3
Thanisandra,1039.0,2.0,39.5,2
Gottigere,1500.0,4.0,100.00000000000004,5
Malleshwaram,2520.0,3.0,149.99999999999997,3
Brookefield,1225.0,2.0,66.49999999999999,2
Bommanahalli,1350.0,2.0,72.0,2
Whitefield,1550.0,2.0,49.60000000000001,3
Hoodi,1490.0,3.0,79.0,3
other,1520.0,3.0,110.99999999999997,3
other,1391.0,2.0,64.49999999999999,3
Rachenahalli,1200.0,2.0,49.99999999999999,2
other,1200.0,4.0,85.99999999999997,4
Yelahanka,1322.0,2.0,79.99999999999997,2
Whitefield,2173.0,3.0,127.99999999999997,3
Sarjapur  Road,1200.0,2.0,74.99999999999997,2
Thubarahalli,1200.0,2.0,46.99999999999999,2
Mysore Road,1170.0,2.0,64.99999999999999,2
NRI Layout,1125.0,2.0,45.559999999999995,2
Devanahalli,698.5,1.0,28.569999999999997,1
other,1250.0,2.0,90.0,2
Chandapura,1025.0,2.0,27.679999999999996,2
Yelahanka,1075.0,2.0,36.0,3
Whitefield,1435.0,3.0,44.99999999999999,3
Electronics City Phase 1,1175.0,2.0,64.97999999999999,2
other,1464.0,3.0,56.00000000000002,3
other,900.0,2.0,33.0,2
Electronics City Phase 1,585.0,1.0,21.0,1
Thanisandra,1220.0,2.0,42.00000000000001,2
Bannerghatta Road,960.0,2.0,57.999999999999986,2
NGR Layout,907.0,1.0,37.99999999999999,1
Old Madras Road,1210.0,2.0,74.00000000000003,2
other,1230.0,2.0,70.00000000000003,2
5th Phase JP Nagar,1350.0,2.0,74.99999999999997,3
Kenchenahalli,1150.0,2.0,57.999999999999986,2
Sarjapur,1404.0,2.0,53.34999999999999,3
OMBR Layout,1050.0,2.0,48.00000000000001,2
Yelahanka,1285.0,2.0,56.00000000000002,2
Hormavu,1018.0,2.0,50.8,2
Hoskote,1200.0,3.0,57.00000000000001,3
Sarjapur  Road,1115.0,2.0,49.99999999999999,2
other,1600.0,3.0,95.0,3
9th Phase JP Nagar,1480.0,2.0,79.99999999999997,2
Kodichikkanahalli,2500.0,7.0,125.00000000000004,5
Kaval Byrasandra,480.0,1.0,24.999999999999996,1
Akshaya Nagar,1435.0,3.0,53.00000000000001,3
other,600.0,2.0,23.0,1
CV Raman Nagar,1590.0,2.0,85.00000000000001,3
Hoskote,1730.0,2.0,28.54500000000001,2
Nagavara,936.0,2.0,40.20000000000001,2
Banashankari,1181.0,2.0,74.99999999999997,2
Kengeri,1741.0,3.0,79.99999999999997,3
JP Nagar,1750.0,3.0,122.99999999999994,3
Varthur Road,1050.0,2.0,42.7,2
Tumkur Road,1027.0,2.0,59.999999999999986,2
Sector 2 HSR Layout,1600.0,3.0,70.00000000000003,3
Sahakara Nagar,1000.0,2.0,59.999999999999986,2
Varthur,1120.0,2.0,44.24,2
other,1200.0,2.0,85.00000000000001,2
other,1200.0,2.0,34.99999999999999,2
Kasturi Nagar,1570.0,3.0,110.00000000000004,3
Koramangala,1500.0,3.0,135.00000000000003,3
Electronic City Phase II,1140.0,2.0,33.84000000000001,2
Banashankari,1105.0,2.0,90.0,2
Electronic City,1200.0,2.0,34.650000000000006,2
Whitefield,905.0,1.0,62.00000000000001,1
Kudlu Gate,1185.0,2.0,49.99999999999999,2
Koramangala,1083.0,2.0,100.00000000000004,2
Rayasandra,1458.0,3.0,59.999999999999986,3
Hormavu,1555.0,3.0,74.99999999999997,3
other,1200.0,2.0,44.99999999999999,2
Sarjapur  Road,1308.0,2.0,58.86000000000002,2
Kudlu,1024.0,2.0,43.99999999999999,2
Parappana Agrahara,1194.0,2.0,46.99999999999999,2
Kanakapura,1450.0,3.0,74.99999999999997,3
Seegehalli,1639.0,3.0,119.99999999999997,3
Whitefield,1870.0,3.0,138.00000000000006,3
Hennur Road,1232.0,2.0,87.0,2
Chandapura,975.0,2.0,24.86,2
other,2000.0,4.0,129.99999999999997,3
Jakkur,1230.0,2.0,79.0,2
KR Puram,1076.0,2.0,66.99999999999997,2
Kumaraswami Layout,2400.0,7.0,125.00000000000004,7
other,995.0,2.0,34.82,3
Electronic City,1096.0,2.0,40.55,2
Horamavu Agara,1107.83,2.0,41.510000000000005,2
Sarjapur  Road,1320.0,2.0,115.00000000000001,2
8th Phase JP Nagar,1431.5,3.0,72.02000000000001,3
Whitefield,1320.0,2.0,99.25999999999998,2
GM Palaya,1315.0,2.0,64.99999999999999,3
other,1000.0,2.0,43.99999999999999,2
Hosakerehalli,1596.0,3.0,79.80000000000001,3
Bannerghatta Road,1750.0,3.0,129.99999999999997,3
Old Madras Road,1350.0,3.0,47.25,3
other,1175.0,2.0,79.0,2
Talaghattapura,921.0,2.0,29.469999999999995,2
Sultan Palaya,1713.0,3.0,125.00000000000004,3
other,1200.0,2.0,43.0,2
8th Phase JP Nagar,1900.0,4.0,90.0,3
Kudlu Gate,1664.0,3.0,68.00000000000001,3
Binny Pete,1795.0,3.0,138.99999999999997,3
Kereguddadahalli,600.0,1.0,19.499999999999996,1
Hoodi,1240.0,2.0,64.99999999999999,2
Hegde Nagar,1965.0,4.0,131.99999999999997,3
Electronics City Phase 1,1200.0,2.0,59.75999999999999,2
other,1112.0,2.0,68.00000000000001,2
Mahadevpura,1136.0,2.0,64.49999999999999,2
Jigani,914.0,2.0,55.000000000000014,2
Poorna Pragna Layout,1270.0,2.0,50.79,3
Rachenahalli,1050.0,2.0,47.25,2
Marathahalli,1385.0,2.0,68.5,3
other,990.0,2.0,34.99999999999999,2
Yelahanka,845.0,2.0,43.0,2
Whitefield,1485.0,2.0,96.50999999999999,2
Kanakapura,1460.0,2.0,43.790000000000006,3
Thanisandra,1450.0,2.0,57.00000000000001,2
HSR Layout,1360.0,2.0,53.00000000000001,3
Singasandra,1375.0,2.0,57.999999999999986,2
Uttarahalli,1125.0,2.0,48.00000000000001,2
Banashankari,720.0,1.0,59.999999999999986,1
7th Phase JP Nagar,1460.0,2.0,100.00000000000004,3
other,1107.0,2.0,40.0,2
other,1158.0,2.0,74.99999999999997,2
Yelachenahalli,800.0,1.0,30.000000000000004,2
Bhoganhalli,1760.0,3.0,127.99999999999997,3
TC Palaya,1350.0,3.0,59.999999999999986,3
other,1125.0,2.0,32.49000000000001,2
Frazer Town,1706.0,3.0,154.00000000000006,3
BTM Layout,1600.0,3.0,111.99999999999996,3
other,1200.0,2.0,90.0,2
Whitefield,1755.0,3.0,101.00000000000003,3
Hulimavu,1200.0,2.0,49.99999999999999,2
BEML Layout,1200.0,2.0,66.99999999999997,2
other,1266.67,2.0,69.00000000000001,2
other,1800.0,3.0,90.0,3
2nd Phase Judicial Layout,1300.0,3.0,63.99999999999998,3
Mysore Road,1029.5,2.0,50.855000000000004,2
Raja Rajeshwari Nagar,1128.0,2.0,40.0,2
other,2000.0,2.0,159.99999999999994,2
Panathur,1210.0,2.0,79.99999999999997,2
Raja Rajeshwari Nagar,1151.0,2.0,38.99999999999999,2
other,1464.0,3.0,56.00000000000002,3
Electronic City,1017.0,2.0,27.0,2
Sarjapur  Road,920.0,2.0,40.0,2
Munnekollal,1750.0,3.0,86.50000000000003,3
Dasanapura,1163.0,2.0,64.99999999999999,2
7th Phase JP Nagar,1650.0,3.0,110.00000000000004,3
other,1800.0,3.0,95.0,3
CV Raman Nagar,1100.0,2.0,57.999999999999986,2
R.T. Nagar,1200.0,2.0,59.999999999999986,2
other,1410.0,3.0,64.99999999999999,3
Begur Road,1933.0,3.0,98.00000000000004,3
Begur Road,1200.0,2.0,45.60000000000001,2
Whitefield,1608.0,2.0,62.99999999999999,3
Horamavu Banaswadi,1156.0,2.0,46.9,2
other,1230.0,2.0,74.99999999999997,2
Kasavanhalli,770.0,1.0,43.82,1
Ardendale,1777.26,3.0,104.99999999999997,3
Kanakpura Road,1339.0,2.0,85.00000000000001,2
other,1080.0,2.0,44.8,2
other,2400.0,2.0,135.00000000000003,2
Hulimavu,1450.0,3.0,72.0,3
Kothanur,1075.0,2.0,53.00000000000001,2
Sarjapur  Road,1163.0,2.0,62.00000000000001,3
TC Palaya,1200.0,2.0,64.99999999999999,2
Hebbal,1299.0,2.0,100.00000000000004,2
Electronic City,1130.0,2.0,32.63,2
HRBR Layout,1170.0,2.0,74.99999999999997,2
JP Nagar,2195.0,2.0,152.0,3
KR Puram,1140.0,2.0,43.32000000000001,2
Kanakpura Road,1900.0,3.0,125.00000000000004,3
Bommasandra Industrial Area,1090.0,2.0,31.480000000000004,2
Electronic City,1110.0,2.0,39.95,2
Nagavarapalya,705.0,1.0,57.00000000000001,1
HBR Layout,1089.0,2.0,59.999999999999986,2
other,880.0,2.0,48.00000000000001,2
Kereguddadahalli,1080.0,2.0,32.0,2
Thanisandra,1093.0,2.0,68.10000000000002,2
Banashankari Stage III,1480.0,3.0,75.48000000000003,3
Hegde Nagar,1703.0,3.0,125.00000000000004,3
Hebbal,1200.0,2.0,59.999999999999986,2
Marathahalli,1690.0,3.0,115.99999999999999,3
Yelahanka,1305.0,2.0,78.0,2
Talaghattapura,1257.0,2.0,40.21999999999999,3
other,1150.0,2.0,44.99999999999999,2
other,1194.0,2.0,55.000000000000014,2
other,2000.0,3.0,90.0,3
Anekal,1500.0,4.0,98.99999999999999,3
other,1025.0,2.0,42.50000000000001,2
Horamavu Agara,980.0,2.0,38.18999999999999,2
Hosakerehalli,1200.0,2.0,100.00000000000004,3
Whitefield,2225.0,3.0,149.0,3
other,1022.0,2.0,57.00000000000001,2
Narayanapura,1153.0,2.0,44.99999999999999,2
Pai Layout,1175.0,2.0,59.999999999999986,2
Vidyaranyapura,1560.0,3.0,68.00000000000001,3
Yelahanka New Town,650.0,1.0,17.0,1
Billekahalli,1350.0,3.0,55.000000000000014,2
other,1200.0,2.0,76.0,2
other,1200.0,1.0,54.00000000000001,2
Chandapura,800.0,2.0,24.999999999999996,2
Electronic City,2093.0,4.0,103.99999999999999,4
Uttarahalli,1320.0,2.0,55.43999999999999,3
Bannerghatta Road,1275.0,2.0,72.99999999999999,2
Begur Road,1215.0,2.0,43.13,2
Kanakapura,1130.0,2.0,45.20000000000001,2
Begur Road,1444.0,2.0,71.49999999999997,3
other,950.0,2.0,37.99999999999999,2
Padmanabhanagar,1000.0,1.0,90.0,2
Banashankari Stage II,1240.0,2.0,59.520000000000024,3
Hennur,1231.0,2.0,49.99999999999999,2
Benson Town,1300.0,2.0,119.99999999999997,2
Yeshwanthpur,1713.0,3.0,110.00000000000004,3
Kogilu,1200.0,2.0,53.32999999999999,2
Sonnenahalli,1310.0,2.0,46.0,3
Jalahalli,790.0,2.0,49.500000000000014,2
other,1605.0,3.0,100.00000000000004,3
Whitefield,1250.0,2.0,82.00000000000001,2
Subramanyapura,1260.0,2.0,76.0,3
Yelahanka,1180.0,2.0,56.00000000000002,2
Uttarahalli,1255.0,2.0,50.19,3
Electronic City,1025.0,2.0,53.899999999999984,2
Sarjapur  Road,1877.0,4.0,149.99999999999997,3
Lakshminarayana Pura,1649.0,3.0,149.99999999999997,3
Hennur,2500.0,5.0,125.00000000000004,5
other,1542.0,3.0,98.00000000000004,3
Thigalarapalya,1418.0,2.0,104.99999999999997,2
other,1012.0,2.0,42.00000000000001,2
Chandapura,1200.0,2.0,64.99999999999999,2
Sarjapur  Road,1115.0,2.0,43.0,2
Green Glen Layout,1680.0,4.0,95.0,3
Old Madras Road,1171.0,2.0,72.0,2
Tumkur Road,1027.0,2.0,68.62000000000002,2
Shampura,1700.0,3.0,74.99999999999997,3
Kanakapura,1090.0,2.0,38.15,2
Hennur Road,1232.0,2.0,74.00000000000003,2
Anekal,766.0,2.0,27.999999999999996,2
Kanakpura Road,525.0,1.0,27.0,1
Hosa Road,1276.0,3.0,108.99999999999997,3
JP Nagar,1452.0,2.0,41.00000000000001,3
Choodasandra,1254.0,2.0,64.99999999999999,3
Kanakpura Road,1593.0,3.0,118.00000000000004,3
other,1333.0,2.0,77.27000000000002,2
Raja Rajeshwari Nagar,1375.0,2.0,54.98999999999998,3
Ardendale,1650.0,3.0,82.00000000000001,3
Thanisandra,1430.0,2.0,51.480000000000004,3
Electronic City,940.0,2.0,54.00000000000001,2
Electronic City,435.0,1.0,21.0,1
Begur Road,1160.0,2.0,36.540000000000006,2
Electronic City,1500.0,2.0,77.5,3
Koramangala,1890.0,2.0,100.00000000000004,3
other,1050.0,2.0,70.00000000000003,2
Haralur Road,1027.0,2.0,43.0,2
Whitefield,1495.0,2.0,61.27999999999997,3
Tumkur Road,1459.0,2.0,95.0,3
Yelahanka,1711.0,3.0,85.60999999999997,3
Hoodi,1250.0,2.0,98.00000000000004,2
Chandapura,645.0,1.0,16.450000000000003,1
Anandapura,875.0,2.0,57.00000000000001,2
Ramamurthy Nagar,1334.0,2.0,66.99999999999997,2
other,1140.0,2.0,32.92,2
Sarjapur  Road,1115.0,2.0,49.99999999999999,2
Thigalarapalya,2072.0,4.0,159.99999999999994,3
Kengeri Satellite Town,920.0,2.0,38.99999999999999,2
Chandapura,778.0,2.0,25.289999999999996,2
Nagasandra,1310.0,3.0,95.0,4
Electronic City,1631.0,3.0,79.99999999999997,3
Kanakpura Road,525.0,1.0,27.500000000000004,1
Jalahalli,1395.0,3.0,82.00000000000001,3
other,2000.0,3.0,104.99999999999997,3
Hennur Road,1232.0,2.0,65.99999999999997,2
other,1075.0,2.0,55.000000000000014,2
Gubbalala,1205.0,2.0,70.00000000000003,2
Rajiv Nagar,2340.0,5.0,128.99999999999997,4
Rayasandra,1179.0,2.0,55.000000000000014,3
Kodigehaali,1013.0,2.0,51.0,2
Uttarahalli,1160.0,2.0,40.60000000000001,2
7th Phase JP Nagar,1200.0,2.0,62.50000000000002,2
Uttarahalli,1255.0,2.0,50.19,3
other,1069.0,2.0,55.000000000000014,2
other,1200.0,3.0,98.99999999999999,3
Marathahalli,1065.0,2.0,55.000000000000014,2
Lakshminarayana Pura,1395.0,2.0,74.99999999999997,2
other,1007.0,2.0,43.0,2
Kengeri,1436.0,2.0,55.000000000000014,3
Hebbal,1645.0,3.0,117.00000000000003,3
Kengeri,1200.0,2.0,57.999999999999986,2
Mysore Road,940.0,2.0,43.61000000000001,2
Haralur Road,1194.0,2.0,46.99999999999999,2
Dodda Nekkundi,1829.0,3.0,125.00000000000004,3
other,1000.0,2.0,59.999999999999986,2
other,675.0,1.0,15.0,2
Hebbal,1390.0,2.0,95.0,2
Lakshminarayana Pura,1500.0,3.0,103.99999999999999,3
Vijayanagar,2047.0,3.0,136.00000000000006,3
Jakkur,1202.0,2.0,79.0,2
other,1012.0,2.0,59.000000000000014,2
Gunjur,2132.0,3.0,79.99999999999997,3
Whitefield,605.0,1.0,40.0,1
Harlur,1331.0,2.0,88.00000000000003,2
Margondanahalli,1200.0,2.0,69.00000000000001,2
other,1280.0,2.0,48.99999999999999,3
Balagere,1007.0,2.0,62.00000000000001,2
Thanisandra,1370.0,2.0,61.00000000000001,3
other,925.0,2.0,34.99999999999999,2
TC Palaya,1500.0,2.0,74.99999999999997,2
Attibele,450.0,1.0,12.500000000000002,1
Hennur Road,1341.0,2.0,95.0,2
2nd Phase Judicial Layout,1350.0,2.0,47.25,3
Tumkur Road,992.0,2.0,59.999999999999986,2
Uttarahalli,1163.0,2.0,68.00000000000001,2
Sarjapur  Road,1229.0,2.0,70.00000000000003,2
other,600.0,2.0,38.99999999999999,2
Electronic City Phase II,1219.0,2.0,61.259999999999984,2
Raja Rajeshwari Nagar,1525.0,2.0,99.13000000000001,3
Kasavanhalli,1147.0,2.0,59.999999999999986,2
Akshaya Nagar,1412.0,2.0,88.00000000000003,3
Sarjapur  Road,1044.0,2.0,34.77000000000001,2
Nagarbhavi,1190.0,2.0,62.99999999999999,2
other,1240.0,2.0,64.99999999999999,3
Jigani,1352.0,3.0,64.99999999999999,3
other,1100.0,2.0,55.000000000000014,2
Uttarahalli,1330.0,2.0,39.9,3
other,1700.0,3.0,110.99999999999997,3
Electronic City,1355.0,2.0,66.99999999999997,2
Ramamurthy Nagar,1200.0,2.0,46.0,2
Kengeri,400.0,2.0,24.999999999999996,1
Sarjapur  Road,1342.0,2.0,70.00000000000003,2
Begur Road,1615.0,3.0,50.870000000000005,3
other,1340.0,2.0,64.99999999999999,2
other,1200.0,2.0,54.00000000000001,2
Devanahalli,1080.0,2.0,52.00000000000001,2
other,1600.0,2.0,31.0,2
Electronic City,1200.0,2.0,34.00000000000001,2
other,1780.0,3.0,110.00000000000004,3
Amruthahalli,1605.0,3.0,64.99999999999999,3
Kammanahalli,1200.0,2.0,79.99999999999997,2
Margondanahalli,900.0,2.0,48.99999999999999,2
Sarjapur,1830.0,3.0,88.00000000000003,3
other,1800.0,4.0,68.00000000000001,5
Chandapura,1230.0,2.0,31.37,3
Uttarahalli,1065.0,2.0,42.589999999999996,2
other,900.0,2.0,64.99999999999999,3
other,946.0,2.0,44.99999999999999,2
Laggere,1500.0,1.0,59.999999999999986,1
Sarjapur  Road,1711.0,3.0,110.00000000000004,3
Chandapura,950.0,2.0,25.65,2
Kudlu Gate,1656.0,3.0,79.99999999999997,3
Uttarahalli,1075.0,2.0,46.75999999999999,2
Harlur,1752.12,3.0,133.0,3
other,1540.0,3.0,85.00000000000001,3
LB Shastri Nagar,665.0,1.0,32.0,1
Sector 2 HSR Layout,1665.0,3.0,110.00000000000004,3
Electronics City Phase 1,1145.0,2.0,54.00000000000001,2
Whitefield,1185.0,2.0,41.00000000000001,2
Marathahalli,1693.0,3.0,125.00000000000004,3
Uttarahalli,1155.0,2.0,40.60000000000001,2
other,1610.0,2.0,64.4,3
Whitefield,1200.0,3.0,56.580000000000005,3
EPIP Zone,1709.0,3.0,79.99999999999997,3
Gottigere,1400.0,2.0,49.99999999999999,3
KR Puram,1200.0,2.0,42.00000000000001,2
other,1439.0,3.0,57.22999999999999,3
Kasavanhalli,1375.0,2.0,72.0,2
Vijayanagar,1200.0,2.0,74.99999999999997,3
Yelahanka,1315.0,2.0,74.99999999999997,2
Dommasandra,1500.0,2.0,40.0,2
Vijayanagar,1178.0,2.0,82.00000000000001,2
Bannerghatta Road,1430.0,3.0,59.000000000000014,3
Mahadevpura,1400.0,2.0,65.8,3
Thanisandra,1093.0,2.0,72.0,2
Horamavu Banaswadi,1200.0,2.0,44.99999999999999,2
Whitefield,2210.0,3.0,156.0,3
Uttarahalli,1150.0,2.0,70.00000000000003,2
other,1435.0,2.0,59.999999999999986,3
Whitefield,1173.0,2.0,78.19999999999999,2
Thanisandra,1140.0,2.0,38.99999999999999,2
other,1717.0,3.0,119.99999999999997,3
Mallasandra,1325.0,2.0,64.99999999999999,2
Hoodi,1370.0,3.0,66.99999999999997,3
Electronics City Phase 1,1025.0,2.0,90.0,2
other,1409.0,2.0,62.00000000000001,3
Bellandur,1200.0,2.0,52.00000000000001,2
Thanisandra,1200.0,2.0,53.5,2
Whitefield,1740.0,4.0,129.99999999999997,3
Hennur Road,1232.0,2.0,88.00000000000003,2
Chandapura,1200.0,2.0,36.0,2
other,1250.0,2.0,49.99999999999999,2
Bommanahalli,2100.0,4.0,85.00000000000001,4
5th Phase JP Nagar,552.0,1.0,23.500000000000004,1
Uttarahalli,1065.0,2.0,42.589999999999996,3
other,1225.0,2.0,64.99999999999999,2
other,650.0,1.0,15.999999999999998,1
Padmanabhanagar,1067.0,2.0,52.00000000000001,2
Sarjapur,1364.0,2.0,56.00000000000002,3
other,1750.0,3.0,74.99999999999997,3
Bannerghatta Road,1240.0,2.0,71.0,2
Hulimavu,1200.0,2.0,74.99999999999997,2
Kaggadasapura,1540.0,3.0,74.99999999999997,3
other,1504.0,2.0,101.99999999999996,3
other,1116.0,2.0,49.800000000000004,2
Sarjapura - Attibele Road,1308.0,2.0,36.99999999999999,2
Vijayanagar,864.0,2.0,44.99999999999999,2
Hoskote,1069.0,2.0,37.99999999999999,3
Hebbal,1333.0,2.0,100.00000000000004,2
other,1800.0,4.0,144.99999999999997,4
Thanisandra,1698.0,3.0,106.99999999999996,3
JP Nagar,1275.0,2.0,43.60000000000001,3
Raja Rajeshwari Nagar,1060.0,2.0,48.00000000000001,2
Hennur,1160.0,2.0,48.99999999999999,2
Sarjapur  Road,1484.0,2.0,64.99999999999999,3
Hennur Road,1310.0,2.0,65.99999999999997,2
Varthur,2145.0,3.0,164.99999999999994,3
Marathahalli,1693.0,3.0,125.00000000000004,3
Jigani,1230.0,3.0,59.999999999999986,3
Bommasandra Industrial Area,1310.0,2.0,37.83,3
other,1150.0,2.0,59.999999999999986,2
Munnekollal,1385.0,2.0,66.49999999999999,3
Tumkur Road,1066.0,2.0,52.5,2
Thanisandra,2293.0,3.0,80.26000000000003,3
other,1625.0,3.0,92.00000000000001,3
Vittasandra,1246.0,2.0,67.39999999999998,2
7th Phase JP Nagar,1000.0,2.0,70.64999999999999,2
Nagavarapalya,907.0,2.0,37.99999999999999,2
Varthur,1395.0,2.0,79.0,3
other,1180.0,2.0,49.99999999999999,2
Banaswadi,1903.0,6.0,139.99999999999994,5
Electronic City,1175.0,2.0,46.99999999999999,2
other,1272.0,2.0,51.5,2
other,1490.0,2.0,92.00000000000001,3
Yeshwanthpur,1144.0,2.0,66.99999999999997,2
other,2400.0,5.0,139.99999999999994,4
Hormavu,1143.0,2.0,53.00000000000001,2
Whitefield,1216.0,2.0,74.99999999999997,2
other,1044.0,2.0,59.999999999999986,2
Prithvi Layout,1352.0,3.0,93.00000000000003,2
Hennur Road,1552.0,3.0,74.99999999999997,3
Bellandur,1785.0,3.0,119.99999999999997,3
Pai Layout,810.0,2.0,34.50000000000001,2
Banashankari Stage V,1650.0,3.0,51.98,3
other,1595.0,3.0,70.38999999999997,3
Whitefield,1060.0,2.0,34.99999999999999,2
Babusapalaya,1410.0,2.0,64.99999999999999,3
Nagarbhavi,1523.0,2.0,56.00000000000002,3
Kanakpura Road,1591.0,3.0,122.00000000000003,3
other,1640.0,3.0,83.99999999999999,3
Yelahanka New Town,450.0,1.0,15.999999999999998,1
Bannerghatta Road,1305.0,2.0,59.999999999999986,3
Yelahanka,1590.0,3.0,54.00000000000001,3
Kaggadasapura,1240.0,2.0,44.99999999999999,2
other,1200.0,2.0,54.00000000000001,2
Dodda Nekkundi,1100.0,2.0,41.160000000000004,2
Sarjapur  Road,1115.0,2.0,49.99999999999999,2
Bisuvanahalli,845.0,2.0,33.0,2
Channasandra,1310.0,2.0,44.99999999999999,3
other,959.0,2.0,42.50000000000001,2
Kambipura,883.0,2.0,36.99999999999999,2
Rachenahalli,1050.0,2.0,55.499999999999986,2
Yelahanka,1390.0,2.0,70.21000000000001,2
Hulimavu,1276.0,2.0,46.0,2
Kenchenahalli,1280.0,2.0,69.00000000000001,3
Yelahanka,1614.0,3.0,95.0,3
Kasturi Nagar,1000.0,2.0,57.999999999999986,2
Marathahalli,1196.0,2.0,57.900000000000006,2
Sarjapur  Road,1220.0,3.0,57.00000000000001,3
Ambalipura,950.0,2.0,31.949999999999996,2
other,1141.0,2.0,55.000000000000014,2
5th Phase JP Nagar,1200.0,2.0,51.0,2
Kasavanhalli,1380.0,2.0,55.000000000000014,3
Doddathoguru,855.0,2.0,32.0,2
Chandapura,645.0,1.0,16.450000000000003,1
Chandapura,922.0,2.0,36.0,2
other,1200.0,2.0,43.20000000000001,2
other,1240.0,2.0,64.99999999999999,3
7th Phase JP Nagar,1070.0,2.0,42.00000000000001,2
other,1293.0,2.0,74.99999999999997,2
R.T. Nagar,1380.0,2.0,49.99999999999999,3
Yelahanka New Town,1599.0,3.0,79.99999999999997,3
Nehru Nagar,967.0,2.0,41.10000000000001,2
other,1885.0,3.0,90.0,3
other,860.0,2.0,65.50000000000003,2
Yelahanka,1075.0,1.0,19.499999999999996,1
Sarjapur  Road,1050.0,2.0,63.49999999999999,2
Marathahalli,1595.0,3.0,88.00000000000003,3
Sarjapur  Road,1350.0,2.0,101.99999999999996,2
Hebbal,1204.0,2.0,44.99999999999999,2
Sarjapur  Road,1035.0,2.0,48.99999999999999,2
ITPL,1000.0,2.0,29.950000000000003,2
Sarjapur  Road,1457.0,3.0,85.00000000000001,3
Haralur Road,1194.0,2.0,46.99999999999999,2
Bannerghatta,1100.0,2.0,65.99999999999997,2
Whitefield,1655.0,3.0,119.99999999999997,3
Kanakpura Road,1691.2,3.0,115.00000000000001,3
Ramagondanahalli,1215.0,2.0,46.099999999999994,2
Kanakpura Road,1155.0,2.0,50.12499999999999,2
Hoodi,1639.0,3.0,128.99999999999997,3
Sarjapur  Road,1685.0,3.0,135.00000000000003,3
Hormavu,1100.0,2.0,37.99999999999999,2
Marathahalli,2122.0,3.0,125.00000000000004,3
Vasanthapura,1050.0,2.0,46.99999999999999,2
Kengeri,1230.0,2.0,44.99999999999999,2
5th Phase JP Nagar,1240.0,3.0,59.999999999999986,3
Electronic City Phase II,1252.0,2.0,64.99999999999999,3
other,1374.0,2.0,88.00000000000003,3
8th Phase JP Nagar,500.0,1.0,30.000000000000004,1
Hebbal,1355.0,3.0,83.86999999999999,3
Banashankari,1040.0,2.0,44.99999999999999,2
Sarjapur  Road,1350.0,2.0,68.00000000000001,2
Hennur,2400.0,3.0,135.00000000000003,3
Haralur Road,1560.0,3.0,90.0,3
Anandapura,1151.0,2.0,43.160000000000004,2
Uttarahalli,1360.0,2.0,47.589999999999996,3
other,1250.0,2.0,59.999999999999986,2
Chandapura,1110.0,2.0,29.969999999999995,3
Hennur Road,1015.0,2.0,49.99999999999999,2
Kadugodi,1351.0,2.0,78.0,3
Yelahanka New Town,960.0,2.0,49.99999999999999,2
other,1110.0,2.0,52.00000000000001,2
R.T. Nagar,1680.0,3.0,72.0,3
other,1350.0,3.0,48.60000000000001,3
Horamavu Banaswadi,1254.0,2.0,46.99999999999999,2
Haralur Road,1255.0,3.0,115.00000000000001,3
CV Raman Nagar,1051.0,2.0,61.00000000000001,2
Uttarahalli,1099.0,2.0,64.99999999999999,2
other,2000.0,2.0,159.99999999999994,4
Yeshwanthpur,1541.0,2.0,129.99999999999997,2
Sarjapur  Road,1200.0,3.0,70.00000000000003,3
Whitefield,1125.0,2.0,44.99999999999999,2
Vittasandra,1650.0,3.0,85.00000000000001,3
other,834.0,1.0,62.00000000000001,1
Gollarapalya Hosahalli,1320.0,3.0,59.999999999999986,3
Mysore Road,1500.0,3.0,74.00000000000003,3
other,600.0,1.0,52.00000000000001,1
Whitefield,1180.0,2.0,70.00000000000003,2
Kadugodi,1010.0,2.0,49.99999999999999,2
Channasandra,1070.0,2.0,37.99999999999999,2
Choodasandra,1580.0,3.0,104.99999999999997,3
Green Glen Layout,2000.0,3.0,164.99999999999994,3
Iblur Village,1920.0,3.0,129.99999999999997,3
Sanjay nagar,1200.0,2.0,76.0,3
Kalena Agrahara,1040.0,2.0,44.99999999999999,2
Hulimavu,1430.0,2.0,90.0,3
Uttarahalli,1215.0,2.0,52.850000000000016,3
Thanisandra,1564.0,3.0,104.99999999999997,3
Hormavu,750.0,2.0,57.999999999999986,2
Kasavanhalli,1200.0,2.0,59.999999999999986,2
Raja Rajeshwari Nagar,1128.0,2.0,48.79,2
Begur Road,1200.0,2.0,44.400000000000006,2
other,2000.0,4.0,135.00000000000003,4
Yelahanka,1650.0,3.0,104.99999999999997,3
Yelahanka,1200.0,2.0,55.000000000000014,2
Kengeri Satellite Town,985.0,2.0,42.00000000000001,2
Ramagondanahalli,1475.0,2.0,62.99999999999999,3
Sarjapur  Road,1157.0,2.0,53.99,3
other,900.0,2.0,34.99999999999999,2
Gottigere,2500.0,3.0,119.99999999999997,4
GM Palaya,1030.0,2.0,59.999999999999986,2
other,1000.0,2.0,46.0,2
Kudlu,1570.0,2.0,65.93999999999998,3
Kanakapura,1283.0,2.0,68.00000000000001,2
other,1200.0,2.0,52.00000000000001,2
Kathriguppe,1250.0,2.0,68.75000000000001,3
Yelahanka,990.0,2.0,37.61999999999999,2
Panathur,1199.0,2.0,85.00000000000001,2
other,1280.0,2.0,90.0,2
other,1190.0,2.0,55.000000000000014,2
Yelachenahalli,1100.0,2.0,59.999999999999986,2
Harlur,1133.0,2.0,55.000000000000014,2
Somasundara Palya,2400.0,3.0,139.99999999999994,4
Whitefield,1280.0,2.0,69.00000000000001,2
Horamavu Agara,1250.0,3.0,64.99999999999999,3
Begur Road,1565.0,2.0,49.3,3
other,1900.0,3.0,64.99999999999999,3
Munnekollal,1080.0,2.0,44.99999999999999,2
Battarahalli,600.0,1.0,46.99999999999999,1
HRBR Layout,1335.0,2.0,87.0,3
Vittasandra,1246.0,2.0,67.29999999999998,2
Sarjapur  Road,1385.0,3.0,55.000000000000014,3
other,1578.0,3.0,73.90000000000002,3
HSR Layout,1140.0,2.0,46.0,2
Sarjapur  Road,1700.0,3.0,79.89999999999998,3
Vidyaranyapura,1120.0,2.0,70.00000000000003,2
Electronic City,435.0,1.0,22.000000000000004,1
Magadi Road,1116.0,2.0,51.88999999999999,2
Old Madras Road,1480.0,3.0,95.0,3
Hormavu,1000.0,2.0,49.99999999999999,2
HSR Layout,1145.0,2.0,46.0,2
Bommasandra,800.0,1.0,32.0,2
Thanisandra,1265.0,2.0,83.00000000000003,2
Devanahalli,1700.0,3.0,88.19999999999999,3
other,1475.0,2.0,70.00000000000003,2
BTM 2nd Stage,1265.0,2.0,55.000000000000014,2
Anandapura,1200.0,2.0,57.999999999999986,2
Brookefield,1080.0,2.0,49.99999999999999,2
Whitefield,2023.0,4.0,129.99999999999997,3
other,2400.0,2.0,125.00000000000004,2
Kadubeesanahalli,1545.0,2.0,65.99999999999997,3
Kalena Agrahara,1804.0,3.0,166.00000000000006,3
6th Phase JP Nagar,1350.0,2.0,57.999999999999986,3
Hoodi,1108.0,2.0,74.23000000000002,2
Marathahalli,1730.0,3.0,115.00000000000001,3
other,1427.0,2.0,70.00000000000003,3
Yelahanka,935.0,2.0,35.53,2
Sarjapura - Attibele Road,1073.0,2.0,31.77,2
Ananth Nagar,960.0,2.0,36.99999999999999,2
Thigalarapalya,2215.0,4.0,149.99999999999997,3
Electronic City Phase II,1125.0,2.0,32.49000000000001,2
Brookefield,1230.0,2.0,55.000000000000014,2
Mahadevpura,1438.0,2.0,88.99999999999999,2
7th Phase JP Nagar,1080.0,2.0,74.99999999999997,2
Marathahalli,1200.0,1.0,103.00000000000001,2
Uttarahalli,1590.0,3.0,57.999999999999986,3
other,1350.0,3.0,68.00000000000001,3
Raja Rajeshwari Nagar,1400.0,2.0,48.00000000000001,3
Kaggadasapura,1560.0,2.0,72.0,3
Mallasandra,1810.0,3.0,57.00000000000001,4
other,2274.24,4.0,159.99999999999994,3
Sonnenahalli,1484.0,3.0,74.18000000000004,3
other,1455.0,2.0,55.000000000000014,3
Bharathi Nagar,1351.0,2.0,74.00000000000003,2
Kanakpura Road,1223.0,2.0,42.809999999999995,3
KR Puram,1430.0,2.0,61.00000000000001,3
Electronic City Phase II,1310.0,2.0,37.83,3
Sarjapur  Road,984.0,2.0,55.000000000000014,2
Jalahalli,1770.0,3.0,100.00000000000004,3
Bhoganhalli,1447.0,2.0,75.97000000000001,2
Margondanahalli,1140.0,2.0,59.999999999999986,2
Bommanahalli,1170.0,2.0,34.00000000000001,2
Poorna Pragna Layout,1160.0,2.0,46.39000000000001,2
Kanakpura Road,1296.0,2.0,88.99999999999999,2
other,1570.0,3.0,79.99999999999997,3
other,1495.0,2.0,64.99999999999999,3
Hoodi,1530.0,2.0,66.99999999999997,3
Gunjur,1800.0,3.0,70.00000000000003,3
Bellandur,1088.0,2.0,48.00000000000001,2
Hosa Road,1533.0,3.0,98.18,3
Rachenahalli,1100.0,2.0,68.00000000000001,2
Thubarahalli,1540.0,3.0,90.0,3
Hebbal,1244.0,3.0,48.00000000000001,2
Hosa Road,1040.0,2.0,68.58999999999999,2
Begur Road,1260.0,2.0,39.68999999999999,2
Uttarahalli,1180.0,2.0,41.29999999999999,2
Thigalarapalya,1245.0,2.0,100.00000000000004,2
other,1350.0,3.0,74.99999999999997,3
other,1464.0,3.0,56.00000000000002,3
other,470.0,2.0,10.000000000000002,1
Vijayanagar,920.0,2.0,59.999999999999986,2
other,2300.0,7.0,159.99999999999994,6
Sarjapur,1124.0,2.0,30.35000000000001,2
Yelahanka New Town,2095.0,3.0,108.99999999999997,4
Begur Road,1100.0,2.0,71.42000000000003,2
Vijayanagar,1019.0,2.0,57.999999999999986,2
Harlur,1756.0,3.0,127.99999999999997,3
Bommasandra,1280.0,3.0,49.99999999999999,3
Indira Nagar,1700.0,3.0,149.99999999999997,3
Whitefield,2134.0,4.0,118.00000000000004,3
Hosa Road,1369.1,2.0,98.00000000000004,2
other,2515.0,4.0,155.00000000000003,3
Thigalarapalya,2215.0,4.0,154.00000000000006,3
other,1440.0,3.0,72.0,3
Hennur Road,1186.0,2.0,55.329999999999984,3
Uttarahalli,1350.0,2.0,47.24,3
Hebbal,1800.0,3.0,139.99999999999994,3
Kudlu,1600.0,3.0,79.0,3
GM Palaya,1000.0,2.0,34.99999999999999,2
Banashankari Stage III,1305.0,2.0,59.000000000000014,3
Binny Pete,1740.0,3.0,149.99999999999997,3
Benson Town,1567.0,3.0,139.99999999999994,2
Kambipura,1082.0,2.0,45.5,3
Nagarbhavi,1050.0,2.0,79.99999999999997,2
other,1200.0,2.0,56.00000000000002,2
Dasarahalli,1220.0,2.0,52.00000000000001,2
Binny Pete,1970.0,3.0,164.00000000000006,3
Kanakapura,2130.0,4.0,119.99999999999997,4
Harlur,1749.0,3.0,119.99999999999997,3
Subramanyapura,1260.0,2.0,108.00000000000003,2
Doddaballapur,1276.0,2.0,48.00000000000001,3
other,1670.0,3.0,74.99999999999997,3
Hennur Road,2264.0,3.0,167.99999999999997,3
Begur,1100.0,2.0,55.000000000000014,2
Chandapura,674.0,1.0,19.900000000000002,2
Electronics City Phase 1,1125.0,2.0,64.99999999999999,2
Nagavara,1125.0,2.0,44.50000000000001,2
other,700.0,2.0,29.000000000000004,2
BTM Layout,1300.0,2.0,74.99999999999997,3
JP Nagar,1600.0,3.0,83.00000000000003,3
Magadi Road,1052.0,2.0,59.999999999999986,3
Devarachikkanahalli,1130.0,2.0,36.0,2
Electronic City,1500.0,2.0,62.99999999999999,3
Old Madras Road,1350.0,3.0,47.25,3
Gottigere,1230.0,2.0,52.00000000000001,3
Haralur Road,1520.0,2.0,85.00000000000001,3
Kanakpura Road,525.0,1.0,26.25,1
Hosa Road,1040.0,2.0,61.00000000000001,2
other,1300.0,2.0,66.99999999999997,3
Domlur,780.0,1.0,70.00000000000003,1
Panathur,1140.0,2.0,51.20000000000001,2
Chandapura,1225.0,3.0,33.08,3
Nagavarapalya,646.0,1.0,25.840000000000003,1
Cox Town,1600.0,3.0,149.99999999999997,3
Kadugodi,1890.0,4.0,125.00000000000004,3
Kadugodi,1050.0,2.0,34.00000000000001,2
Whitefield,1458.0,2.0,62.00000000000001,3
Green Glen Layout,1970.0,3.0,159.99999999999994,3
Whitefield,1808.0,4.0,79.99999999999997,3
Balagere,1007.0,2.0,66.99999999999997,2
Doddathoguru,1105.0,2.0,49.99999999999999,2
Lakshminarayana Pura,1700.0,3.0,149.99999999999997,3
Raja Rajeshwari Nagar,1170.0,2.0,49.99999999999999,2
Chandapura,1080.0,2.0,44.99999999999999,2
Kaggalipura,1150.0,2.0,62.00000000000001,3
Ramamurthy Nagar,1200.0,2.0,57.900000000000006,2
other,1200.0,2.0,54.00000000000001,2
Kudlu Gate,1656.0,3.0,74.99999999999997,3
KR Puram,1040.0,2.0,49.99999999999999,2
Hosur Road,1085.0,2.0,33.7,2
other,1215.0,2.0,49.75000000000001,3
NRI Layout,2150.0,4.0,115.00000000000001,4
Panathur,1210.0,2.0,77.00000000000001,2
other,1050.0,2.0,55.000000000000014,2
Iblur Village,1920.0,3.0,149.99999999999997,3
Uttarahalli,1250.0,2.0,49.99999999999999,3
Mysore Road,947.55,2.0,79.99999999999997,2
Malleshpalya,1421.0,2.0,90.0,2
Old Madras Road,1425.0,2.0,74.31000000000003,3
Budigere,1162.0,2.0,57.999999999999986,2
Whitefield,905.0,1.0,59.999999999999986,1
Sarjapur  Road,914.0,2.0,32.0,2
other,1258.0,2.0,57.999999999999986,2
Whitefield,1537.0,2.0,70.00000000000003,3
Chikkalasandra,1230.0,2.0,53.50999999999999,3
Hosur Road,2000.0,4.0,69.00000000000001,4
Anjanapura,950.0,2.0,32.0,2
Yelahanka,1282.0,2.0,48.72,3
Banashankari Stage III,1304.0,2.0,110.99999999999997,2
Jakkur,1220.0,2.0,48.99999999999999,3
Budigere,1636.0,3.0,85.00000000000001,3
7th Phase JP Nagar,1415.0,3.0,64.99999999999999,3
Green Glen Layout,1728.0,3.0,125.00000000000004,3
7th Phase JP Nagar,1680.0,3.0,125.00000000000004,3
Kasavanhalli,1495.0,2.0,83.00000000000003,2
Yeshwanthpur,2501.0,3.0,138.00000000000006,3
Kanakpura Road,381.0,1.0,27.999999999999996,1
Hennur Road,2002.0,3.0,119.99999999999997,3
Banjara Layout,1200.0,2.0,70.00000000000003,2
Bommasandra,1942.0,3.0,90.0,3
Electronics City Phase 1,1522.5,2.0,60.74999999999998,3
other,1450.0,3.0,90.0,3
Electronic City,1039.0,2.0,49.99999999999999,2
Old Madras Road,1210.0,2.0,79.99999999999997,2
Attibele,995.0,1.0,24.880000000000003,2
Yelahanka,1620.0,3.0,90.0,3
Marathahalli,1314.0,2.0,55.000000000000014,2
Bisuvanahalli,945.0,2.0,33.0,2
Nehru Nagar,1374.0,3.0,72.0,3
Kanakpura Road,1603.0,3.0,113.00000000000003,3
Kengeri,1230.0,2.0,52.00000000000001,3
Basavangudi,670.0,1.0,49.99999999999999,1
Sarjapur  Road,1864.0,3.0,104.99999999999997,4
Hosa Road,2500.0,3.0,100.00000000000004,3
Raja Rajeshwari Nagar,1625.0,2.0,54.00000000000001,3
Whitefield,1186.0,2.0,55.000000000000014,2
Electronic City,770.0,1.0,39.9,2
Varthur,1085.0,2.0,44.99999999999999,2
other,1893.0,3.0,115.00000000000001,3
Kundalahalli,1496.0,2.0,78.0,3
Chandapura,1305.0,3.0,33.279999999999994,3
Electronics City Phase 1,1550.0,2.0,82.00000000000001,3
Marathahalli,1200.0,2.0,58.17,3
Badavala Nagar,1494.0,2.0,94.54999999999998,3
Electronic City Phase II,1286.0,2.0,69.00000000000001,2
Hebbal,1860.0,3.0,95.0,3
Haralur Road,1243.0,2.0,44.99999999999999,2
Brookefield,1200.0,2.0,74.99999999999997,2
Sarjapur,1044.0,2.0,32.0,2
7th Phase JP Nagar,1040.0,2.0,41.59,2
8th Phase JP Nagar,1125.0,2.0,36.94,2
Subramanyapura,1278.0,2.0,59.000000000000014,3
other,2400.0,6.0,98.00000000000004,6
other,1250.0,2.0,43.0,2
Vijayanagar,2400.0,6.0,125.00000000000004,5
Lakshminarayana Pura,1210.0,2.0,74.99999999999997,2
8th Phase JP Nagar,1200.0,3.0,110.00000000000004,4
Sarjapur  Road,1157.0,2.0,57.839999999999996,3
Raja Rajeshwari Nagar,1185.0,2.0,51.150000000000006,2
Kalena Agrahara,1450.0,3.0,100.00000000000004,3
Old Madras Road,1859.0,3.0,121.00000000000003,3
Attibele,900.0,1.0,24.999999999999996,2
Ramamurthy Nagar,1305.0,3.0,59.999999999999986,3
other,1200.0,2.0,100.00000000000004,3
Thanisandra,784.0,1.0,35.285,1
Sarjapur  Road,1150.0,2.0,36.800000000000004,2
Whitefield,1806.0,3.0,85.00000000000001,3
Kudlu,1027.0,2.0,42.00000000000001,2
Uttarahalli,1002.0,2.0,40.08,2
Electronic City Phase II,1220.0,2.0,36.21,3
Whitefield,1109.0,2.0,35.21999999999999,2
Uttarahalli,1002.0,2.0,40.08,2
Narayanapura,1308.0,2.0,89.03999999999999,2
Hennur Road,1232.0,2.0,69.60000000000001,2
Haralur Road,1027.0,2.0,43.99999999999999,2
Kalyan nagar,1250.0,2.0,64.99999999999999,2
Raja Rajeshwari Nagar,1255.0,2.0,53.870000000000005,2
Akshaya Nagar,1434.0,3.0,83.99999999999999,3
Doddathoguru,925.0,2.0,30.000000000000004,2
Jakkur,1858.0,3.0,122.99999999999994,3
other,1205.0,2.0,70.00000000000003,2
other,1500.0,3.0,90.0,3
Mysore Road,1020.0,2.0,48.95,2
Thanisandra,965.0,2.0,56.00000000000002,2
Battarahalli,1636.0,2.0,82.89000000000001,2
Kundalahalli,1724.0,3.0,125.00000000000004,3
Whitefield,1216.0,2.0,66.99999999999997,2
Yelahanka,654.0,1.0,36.25,1
Chikkabanavar,2460.0,7.0,79.99999999999997,4
other,1190.0,2.0,41.00000000000001,2
Budigere,1636.0,3.0,92.00000000000001,3
Hennur Road,1195.0,2.0,72.99999999999999,2
other,1250.0,2.0,66.99999999999997,2
Whitefield,1452.0,3.0,90.0,3
Thanisandra,1546.0,3.0,95.0,3
other,2260.0,3.0,79.99999999999997,2
other,375.0,1.0,26.000000000000004,1
Balagere,1007.0,2.0,65.99999999999997,2
Hennur Road,1020.0,2.0,46.99999999999999,2
other,800.0,3.0,59.50000000000001,2
Marathahalli,1125.0,2.0,55.000000000000014,2
other,909.0,2.0,43.0,3
other,1400.0,2.0,85.00000000000001,2
Kadugodi,1152.0,2.0,61.00000000000001,2
Subramanyapura,958.0,2.0,34.49,2
Whitefield,1150.0,2.0,55.000000000000014,2
Bellandur,1310.0,2.0,85.00000000000001,2
Hosur Road,1590.0,2.0,126.0,3
Green Glen Layout,1645.0,3.0,110.00000000000004,3
other,1800.0,2.0,100.00000000000004,3
Thanisandra,1795.0,3.0,149.99999999999997,3
8th Phase JP Nagar,1100.0,2.0,34.99999999999999,2
Thanisandra,777.0,1.0,38.535,1
other,925.0,2.0,70.00000000000003,2
Basavangudi,1542.14,3.0,119.99999999999997,3
Thanisandra,1430.0,2.0,54.00000000000001,3
Bommanahalli,1020.0,2.0,55.000000000000014,2
Electronic City Phase II,1140.0,2.0,32.92,2
Anekal,967.0,2.0,44.99999999999999,3
other,850.0,1.0,35.5,2
other,1100.0,2.0,32.0,2
Thanisandra,1697.0,3.0,110.00000000000004,3
Varthur,1250.0,2.0,46.99999999999999,2
Gottigere,1120.0,2.0,49.99999999999999,2
NRI Layout,1200.0,4.0,95.0,4
Hebbal,1200.0,2.0,52.00000000000001,2
7th Phase JP Nagar,1100.0,2.0,43.99999999999999,2
Devarachikkanahalli,1417.0,2.0,76.0,3
Thanisandra,1492.0,3.0,88.00000000000003,3
Devanahalli,1498.0,3.0,79.14999999999998,3
Kundalahalli,1010.0,2.0,48.27000000000001,2
Hennur,1255.0,2.0,53.5,2
Channasandra,1050.0,2.0,34.99999999999999,2
Hegde Nagar,1847.0,3.0,125.00000000000004,3
other,1200.0,2.0,55.000000000000014,2
Bellandur,982.0,2.0,37.28,2
Hegde Nagar,2144.6,4.0,144.99999999999997,3
Kengeri,750.0,2.0,36.50000000000001,2
Electronic City,919.0,2.0,34.99999999999999,2
Budigere,1087.0,2.0,54.3,2
other,1480.0,3.0,74.00000000000003,3
Tindlu,1180.0,2.0,52.00000000000001,2
Jigani,1221.0,3.0,64.99999999999999,3
Haralur Road,1194.0,2.0,46.0,2
Thanisandra,2072.0,3.0,122.00000000000003,3
Whitefield,1600.0,3.0,69.00000000000001,3
Sahakara Nagar,2200.0,3.0,98.00000000000004,3
Kaikondrahalli,1253.0,2.0,81.49999999999999,2
Hennur Road,1061.0,2.0,54.91999999999998,2
Marathahalli,1950.0,3.0,115.00000000000001,3
Marathahalli,1250.0,2.0,68.00000000000001,2
Hennur Road,1585.0,2.0,79.99999999999997,3
Kanakpura Road,1452.0,3.0,60.980000000000025,3
Kammasandra,1015.0,2.0,36.99999999999999,2
Begur Road,2464.5,6.0,118.00000000000004,4
Marathahalli,1125.0,2.0,56.800000000000004,2
Electronic City Phase II,1116.0,2.0,40.0,2
other,400.0,1.0,34.99999999999999,1
Old Madras Road,1300.0,2.0,100.00000000000004,2
Raja Rajeshwari Nagar,1419.0,2.0,60.42000000000002,2
other,1310.0,2.0,55.000000000000014,3
Thigalarapalya,2072.0,4.0,152.0,3
Kaggadasapura,1240.0,2.0,58.57999999999998,2
Chamrajpet,1565.0,3.0,98.91,3
Budigere,1820.0,3.0,88.99999999999999,3
Gubbalala,2500.0,3.0,88.00000000000003,3
Hosa Road,1245.0,2.0,62.00000000000001,2
GM Palaya,1315.0,3.0,64.99999999999999,3
Kenchenahalli,1410.0,2.0,72.99999999999999,3
Dasarahalli,1375.0,2.0,59.999999999999986,2
Old Madras Road,1299.0,2.0,95.0,2
other,993.0,2.0,45.5,2
Bommasandra Industrial Area,1200.0,3.0,44.99999999999999,2
Hebbal,1255.0,2.0,95.0,3
Hoodi,1655.0,3.0,130.99999999999994,3
other,825.0,2.0,40.0,1
Begur Road,1634.0,3.0,110.99999999999997,3
Banaswadi,1222.0,2.0,79.99999999999997,2
Gottigere,1500.0,3.0,62.99999999999999,3
Akshaya Nagar,1890.0,4.0,100.00000000000004,3
Hulimavu,850.0,1.0,39.5,2
Whitefield,1295.0,2.0,78.50000000000003,2
Sarjapur  Road,1320.0,2.0,100.00000000000004,2
Harlur,1197.0,2.0,82.00000000000001,2
other,1320.0,2.0,59.999999999999986,3
Whitefield,840.0,1.0,57.6,1
Whitefield,640.0,1.0,19.83,1
Raja Rajeshwari Nagar,1693.0,3.0,71.37999999999997,3
Kodihalli,1000.0,2.0,62.00000000000001,2
Babusapalaya,1305.0,2.0,70.00000000000003,2
Kodichikkanahalli,450.0,1.0,17.999999999999996,1
CV Raman Nagar,705.0,1.0,57.00000000000001,1
Whitefield,1991.0,3.0,103.99999999999999,3
Battarahalli,1779.0,3.0,90.0,3
Banaswadi,870.0,2.0,37.99999999999999,2
Thanisandra,1595.0,3.0,119.99999999999997,3
Kanakpura Road,525.0,1.0,26.000000000000004,1
Iblur Village,2000.0,4.0,138.00000000000006,3
Yelahanka,1614.0,3.0,93.00000000000003,3
Gottigere,1200.0,2.0,40.0,2
Electronic City Phase II,1150.0,3.0,46.0,3
Sonnenahalli,1610.0,3.0,80.47999999999999,3
Whitefield,1190.0,2.0,41.00000000000001,2
other,1050.0,2.0,49.99999999999999,2
7th Phase JP Nagar,1460.0,2.0,97.0,3
other,600.0,1.0,33.0,1
other,1569.0,3.0,70.00000000000003,3
Electronics City Phase 1,645.0,1.0,42.50000000000001,1
Marathahalli,1350.0,2.0,90.0,2
other,1410.0,2.0,45.120000000000005,3
Whitefield,1109.0,2.0,35.47,2
other,800.0,1.0,72.0,1
Bannerghatta Road,1215.0,2.0,68.00000000000001,2
Varthur Road,1255.0,2.0,52.760000000000005,2
other,1020.0,2.0,48.99999999999999,2
other,1225.0,2.0,82.00000000000001,3
Singasandra,1120.0,2.0,59.999999999999986,2
Kasavanhalli,1225.0,2.0,69.00000000000001,3
Sarjapur  Road,1984.0,4.0,144.99999999999997,3
ITPL,1200.0,3.0,56.11999999999999,3
Bommasandra,1127.0,2.0,44.99999999999999,2
Whitefield,1655.0,3.0,97.0,3
Ananth Nagar,500.0,1.0,13.999999999999996,1
Varthur,1200.0,3.0,68.38000000000002,3
Kaggadasapura,1000.0,2.0,43.0,2
CV Raman Nagar,1225.0,2.0,47.879999999999995,2
Hormavu,1350.0,2.0,44.99999999999999,2
Sahakara Nagar,1175.0,2.0,48.99999999999999,2
other,655.0,1.0,27.0,1
Hosa Road,1311.0,2.0,84.86000000000003,3
CV Raman Nagar,1000.0,2.0,38.50000000000001,2
other,1196.0,2.0,95.99999999999999,2
Kanakpura Road,1050.0,2.0,59.000000000000014,3
Somasundara Palya,1275.0,2.0,52.00000000000001,3
other,927.0,2.0,49.99999999999999,2
Varthur,1520.0,2.0,61.00000000000001,3
Hebbal,1333.0,2.0,103.99999999999999,2
other,600.0,1.0,17.999999999999996,1
Abbigere,1326.0,2.0,34.8,3
Sarjapur  Road,1773.5,2.0,85.12500000000003,3
Koramangala,1370.0,2.0,125.00000000000004,2
Koramangala,1100.0,2.0,85.00000000000001,2
Haralur Road,1650.0,3.0,100.00000000000004,3
Kasavanhalli,1917.0,3.0,131.99999999999997,3
Billekahalli,950.0,2.0,58.11000000000002,2
other,1175.0,2.0,48.72,2
8th Phase JP Nagar,1089.0,2.0,43.54999999999999,2
Hoodi,1257.0,2.0,68.5,2
Sarjapur,650.0,1.0,19.869999999999997,1
Whitefield,1850.0,3.0,149.99999999999997,3
Vidyaranyapura,945.0,2.0,40.0,2
Koramangala,1161.0,2.0,63.84999999999999,2
Banashankari Stage V,1630.0,3.0,51.35000000000001,3
Jalahalli,1310.0,2.0,59.999999999999986,3
other,750.0,2.0,27.999999999999996,2
Whitefield,1200.0,3.0,67.77000000000001,3
other,1000.0,2.0,44.99999999999999,2
Nagavara,1315.0,2.0,70.00000000000003,2
Sahakara Nagar,1370.0,2.0,90.0,3
Bellandur,1465.0,3.0,90.0,2
Electronic City,1128.0,2.0,63.99999999999998,2
Padmanabhanagar,1250.0,2.0,70.00000000000003,3
Hebbal,1645.0,3.0,117.00000000000003,3
Horamavu Agara,1284.0,2.0,74.99999999999997,3
Kodigehalli,1820.0,3.0,149.99999999999997,3
Haralur Road,1580.0,3.0,72.99999999999999,3
Bannerghatta Road,1215.0,2.0,68.00000000000001,2
Uttarahalli,1075.0,2.0,40.0,2
R.T. Nagar,1400.0,2.0,78.0,3
Subramanyapura,1400.0,2.0,55.000000000000014,3
Bisuvanahalli,845.0,2.0,30.000000000000004,2
Panathur,1199.0,2.0,85.00000000000001,2
Gunjur,1175.0,2.0,43.48,2
Bellandur,1767.0,3.0,108.99999999999997,3
Sarjapur  Road,1800.0,3.0,90.0,4
Talaghattapura,1856.0,3.0,135.00000000000003,3
Rajaji Nagar,1613.0,3.0,149.99999999999997,3
Whitefield,1290.0,2.0,90.0,2
Kasavanhalli,1375.0,2.0,78.0,2
other,985.0,2.0,57.00000000000001,2
Singasandra,1099.0,2.0,37.5,2
Electronic City,605.0,1.0,13.309999999999999,1
Marathahalli,1200.0,2.0,53.00000000000001,2
Hulimavu,1000.0,2.0,44.99999999999999,2
Electronic City,1159.0,2.0,37.99999999999999,3
BTM Layout,1540.0,2.0,78.0,3
other,1503.0,2.0,93.00000000000003,3
Ambedkar Nagar,1850.0,4.0,119.99999999999997,3
Uttarahalli,1580.0,3.0,59.999999999999986,3
Mico Layout,1190.0,2.0,39.24999999999999,2
other,1200.0,2.0,61.00000000000001,2
Jakkur,850.0,1.0,19.900000000000002,2
other,2500.0,2.0,59.999999999999986,3
ITPL,1200.0,3.0,56.11999999999999,3
other,1500.0,2.0,52.00000000000001,3
Thanisandra,1880.0,3.0,119.99999999999997,3
Padmanabhanagar,1150.0,2.0,44.99999999999999,2
Bellandur,924.0,2.0,35.11,2
other,1765.0,3.0,77.27000000000002,3
Attibele,1174.0,2.0,29.35,2
Bannerghatta Road,1894.0,3.0,115.00000000000001,3
Sector 7 HSR Layout,1760.0,3.0,142.00000000000003,3
other,1768.0,3.0,95.0,3
Kothanur,1790.0,3.0,97.0,3
Whitefield,1200.0,2.0,44.99999999999999,2
Kengeri,2540.0,4.0,159.99999999999994,4
Mahadevpura,1137.0,2.0,53.4,2
Mysore Road,1568.0,2.0,100.00000000000004,3
AECS Layout,1308.0,2.0,59.999999999999986,2
Bisuvanahalli,1200.0,2.0,41.00000000000001,3
other,800.0,1.0,32.0,1
Electronic City,530.0,1.0,13.5,1
Subramanyapura,958.0,2.0,33.529999999999994,2
Thigalarapalya,2072.0,4.0,159.99999999999994,3
Talaghattapura,2273.0,3.0,159.0,3
Thanisandra,760.0,1.0,49.99999999999999,1
Dommasandra,1090.0,2.0,43.49999999999999,2
Thigalarapalya,2072.0,4.0,155.00000000000003,3
Sarjapur  Road,1550.0,2.0,88.99999999999999,3
Ramagondanahalli,1251.0,2.0,49.99999999999999,2
Electronic City,1070.0,2.0,53.00000000000001,2
Kalena Agrahara,1200.0,2.0,44.99999999999999,2
CV Raman Nagar,1435.0,2.0,59.999999999999986,3
Bommasandra,1400.0,2.0,44.99999999999999,3
Judicial Layout,2330.0,3.0,94.71000000000002,4
Thanisandra,1200.0,2.0,59.999999999999986,2
Panathur,1000.0,2.0,40.0,2
Bannerghatta Road,1655.0,2.0,62.890000000000015,3
other,600.0,1.0,34.99999999999999,1
Electronics City Phase 1,1175.0,2.0,49.99999999999999,2
Uttarahalli,1155.0,2.0,40.42999999999999,2
Magadi Road,1200.0,3.0,98.00000000000004,3
Budigere,1149.0,2.0,64.99999999999999,2
Jakkur,1745.0,2.0,98.48500000000001,3
other,1010.0,2.0,55.000000000000014,2
Hegde Nagar,1718.0,3.0,119.00000000000003,3
other,650.0,1.0,19.999999999999996,2
Banashankari,1330.0,2.0,77.00000000000001,2
Hormavu,1200.0,2.0,68.00000000000001,2
Bannerghatta Road,1693.0,3.0,88.99999999999999,3
Thanisandra,1800.0,4.0,125.00000000000004,3
Margondanahalli,900.0,2.0,55.000000000000014,2
NGR Layout,1020.0,2.0,46.0,2
Amruthahalli,1700.0,3.0,77.00000000000001,3
Panathur,661.0,1.0,40.0,1
Bannerghatta Road,1280.0,2.0,60.160000000000004,2
Hosur Road,1170.0,2.0,48.00000000000001,2
Thanisandra,933.0,2.0,57.999999999999986,1
Sarjapur  Road,1150.0,2.0,43.99999999999999,2
Banjara Layout,1050.0,2.0,64.79999999999997,2
other,1080.0,2.0,37.800000000000004,2
Harlur,1303.0,2.0,90.0,2
Raja Rajeshwari Nagar,1196.0,2.0,40.54,2
Bommanahalli,1250.0,3.0,41.00000000000001,3
Akshaya Nagar,1419.0,2.0,87.0,3
Banashankari,1200.0,2.0,48.99999999999999,2
7th Phase JP Nagar,1120.0,2.0,64.99999999999999,2
Electronics City Phase 1,762.5,1.0,45.400000000000006,1
Electronics City Phase 1,1245.0,2.0,74.99999999999997,2
Channasandra,1093.0,2.0,34.00000000000001,2
Electronic City,1025.0,1.0,26.63,2
Hebbal,1345.0,2.0,97.0,2
other,1500.0,2.0,44.99999999999999,2
Vijayanagar,1180.0,2.0,85.99999999999997,2
NGR Layout,1020.0,2.0,48.449999999999996,2
other,1800.0,3.0,85.00000000000001,3
other,2008.0,3.0,170.00000000000006,3
Kothannur,1240.0,2.0,39.849999999999994,3
CV Raman Nagar,1020.0,2.0,55.000000000000014,2
other,2095.0,3.0,142.00000000000003,3
Gunjur,1362.0,3.0,62.629999999999974,3
Yelahanka,694.0,1.0,30.839999999999996,1
Vittasandra,1404.0,2.0,70.00000000000003,2
Electronic City Phase II,1192.0,2.0,46.99999999999999,3
Vittasandra,1259.0,2.0,67.47999999999998,2
Kengeri,1000.0,2.0,34.00000000000001,2
Rachenahalli,985.0,2.0,49.97,2
Indira Nagar,850.0,1.0,59.999999999999986,1
Uttarahalli,1650.0,2.0,49.99999999999999,3
Ambedkar Nagar,1367.0,2.0,85.99999999999997,2
Rajaji Nagar,1210.0,2.0,81.00000000000003,3
other,1190.0,2.0,48.60000000000001,2
Sarjapur,1175.0,2.0,42.00000000000001,2
Whitefield,1140.0,2.0,40.0,2
Hoskote,1095.0,2.0,33.60000000000001,2
Attibele,782.0,1.0,19.550000000000004,1
Gubbalala,1435.0,2.0,79.99999999999997,3
Choodasandra,725.0,2.0,36.0,2
other,1600.0,2.0,88.00000000000003,3
Nehru Nagar,1674.0,3.0,90.0,3
Haralur Road,1243.0,2.0,46.0,2
Kanakpura Road,1703.0,3.0,129.99999999999997,3
Padmanabhanagar,1350.0,3.0,71.55000000000003,3
Horamavu Agara,1145.0,2.0,41.21000000000001,2
Whitefield,1216.0,2.0,74.99999999999997,2
7th Phase JP Nagar,1100.0,3.0,59.999999999999986,2
Raja Rajeshwari Nagar,1196.0,2.0,40.54,2
Kanakpura Road,1600.0,3.0,90.0,3
Banashankari Stage V,1510.0,3.0,47.57000000000001,3
Pai Layout,780.0,2.0,72.0,2
Haralur Road,1194.0,2.0,46.99999999999999,2
Banashankari Stage II,1250.0,2.0,110.00000000000004,2
Horamavu Agara,1250.0,4.0,100.00000000000004,4
Laggere,620.0,2.0,48.00000000000001,1
Raja Rajeshwari Nagar,1630.0,3.0,60.64999999999999,3
Hennur Road,1020.0,2.0,44.99999999999999,2
Hosakerehalli,1410.0,2.0,53.580000000000005,3
Bhoganhalli,1181.7,2.0,100.00000000000004,2
Sarjapur  Road,1691.0,3.0,113.00000000000003,3
KR Puram,1200.0,4.0,83.00000000000003,4
Banaswadi,1200.0,2.0,59.999999999999986,2
Old Airport Road,1050.0,2.0,49.99999999999999,2
Kathriguppe,1300.0,3.0,77.98999999999997,3
Whitefield,1356.0,2.0,94.84000000000002,2
Whitefield,1338.0,2.0,103.00000000000001,2
other,500.0,1.0,19.999999999999996,1
other,1280.0,2.0,100.00000000000004,3
Raja Rajeshwari Nagar,1531.0,3.0,51.769999999999996,3
Anekal,620.0,1.0,23.500000000000004,2
8th Phase JP Nagar,1605.0,2.0,64.99999999999999,3
Thanisandra,1917.0,3.0,110.00000000000004,3
Sarjapur  Road,1400.0,3.0,55.000000000000014,3
Sahakara Nagar,1100.0,2.0,55.000000000000014,2
Hennur Road,2041.0,3.0,127.99999999999997,3
Sarjapur  Road,2070.0,4.0,159.99999999999994,3
Hebbal,1110.0,3.0,59.000000000000014,3
other,1650.0,3.0,110.00000000000004,3
Varthur Road,1033.0,2.0,30.470000000000006,3
HSR Layout,1142.0,2.0,64.99999999999999,2
other,1500.0,2.0,74.99999999999997,3
Electronic City Phase II,1502.0,3.0,49.99999999999999,3
other,1176.0,2.0,44.99999999999999,3
Hosa Road,1063.0,2.0,32.79999999999999,2
Kammanahalli,1100.0,2.0,59.999999999999986,2
other,1044.0,2.0,85.00000000000001,2
6th Phase JP Nagar,1216.0,2.0,59.999999999999986,2
other,1425.0,3.0,55.000000000000014,3
Hosur Road,1345.0,2.0,108.00000000000003,2
Uttarahalli,1025.0,2.0,35.88,2
Kadubeesanahalli,1424.0,2.0,74.99999999999997,3
other,1285.0,2.0,44.99999999999999,2
Babusapalaya,1450.0,2.0,55.990000000000016,2
Raja Rajeshwari Nagar,1160.0,2.0,70.00000000000003,2
other,2000.0,2.0,95.0,3
Uttarahalli,1125.0,2.0,47.64999999999999,2
Raja Rajeshwari Nagar,1133.0,2.0,38.370000000000005,2
Arekere,1240.0,2.0,59.999999999999986,2
Devanahalli,1466.0,3.0,77.59,3
Ramagondanahalli,1610.0,2.0,115.00000000000001,3
Sarjapur  Road,1220.0,3.0,56.00000000000002,3
Kaggadasapura,1225.0,2.0,48.00000000000001,2
Akshaya Nagar,1300.0,2.0,54.00000000000001,2
Thanisandra,1996.0,4.0,122.99999999999994,3
other,1320.0,2.0,55.000000000000014,3
Sarjapur  Road,1435.0,3.0,90.0,3
Rayasandra,1601.0,3.0,70.00000000000003,3
Kadubeesanahalli,1257.0,2.0,93.00000000000003,2
Kasavanhalli,1309.0,2.0,95.0,2
Yeshwanthpur,1362.0,2.0,100.00000000000004,2
Whitefield,1115.0,2.0,55.000000000000014,2
Whitefield,1870.0,3.0,90.0,3
other,1322.0,2.0,61.99000000000001,2
other,1450.0,2.0,64.99999999999999,3
Banashankari,1185.0,2.0,66.99999999999997,2
7th Phase JP Nagar,1790.0,3.0,119.99999999999997,3
Rachenahalli,1050.0,2.0,52.5,2
Budigere,693.0,1.0,27.374999999999996,1
Devanahalli,775.0,1.0,38.99999999999999,1
Hoodi,1000.0,2.0,48.00000000000001,2
Thanisandra,1183.0,2.0,77.25000000000001,2
other,425.0,1.0,15.0,1
other,820.0,2.0,30.000000000000004,2
Hebbal,1200.0,2.0,52.00000000000001,2
Ramagondanahalli,1151.0,2.0,43.60000000000001,2
Hulimavu,1320.0,2.0,59.000000000000014,3
other,1450.0,3.0,68.00000000000001,3
Poorna Pragna Layout,1270.0,2.0,50.79,3
Hegde Nagar,1847.0,3.0,122.99999999999994,3
Devanahalli,1020.0,2.0,49.870000000000005,1
Somasundara Palya,1650.0,3.0,95.0,3
Electronic City,2400.0,2.0,78.0,3
Begur Road,1160.0,2.0,43.99999999999999,2
Mysore Road,1360.0,3.0,47.60000000000001,3
Brookefield,1089.0,2.0,48.99999999999999,2
Yelahanka,1115.0,2.0,59.999999999999986,2
Kudlu Gate,1215.0,2.0,44.99999999999999,2
Sarjapur  Road,1194.0,2.0,51.0,2
Kannamangala,1536.0,3.0,103.99999999999999,3
Hennur,1255.0,2.0,55.499999999999986,2
Electronic City,1571.0,3.0,83.00000000000003,3
other,900.0,1.0,70.00000000000003,2
other,1517.0,2.0,125.00000000000004,2
Budigere,664.0,1.0,35.4,1
Devarachikkanahalli,1230.0,2.0,57.999999999999986,2
Hegde Nagar,1340.0,2.0,72.0,2
Attibele,1175.0,2.0,29.379999999999995,2
Sarjapur,1240.0,2.0,43.099999999999994,2
Electronic City,1470.0,2.0,44.099999999999994,3
Kanakpura Road,525.0,2.0,29.25,1
7th Phase JP Nagar,1680.0,3.0,117.00000000000003,3
other,1000.0,2.0,34.99999999999999,2
Gunjur,1071.0,2.0,51.0,2
Sector 2 HSR Layout,1512.0,3.0,79.99999999999997,3
Kalyan nagar,1190.0,2.0,59.999999999999986,2
Pattandur Agrahara,1550.0,2.0,79.99999999999997,3
Kanakpura Road,1283.0,2.0,63.22,2
Mallasandra,1325.0,2.0,72.99999999999999,2
Whitefield,1105.0,2.0,35.36,2
Banaswadi,1600.0,3.0,74.5,3
Kanakpura Road,800.0,2.0,41.144999999999996,2
Hennur,1100.0,2.0,44.54999999999999,2
Talaghattapura,2099.0,3.0,146.99999999999997,3
Yelachenahalli,1365.0,2.0,72.0,3
Hebbal Kempapura,1485.0,3.0,131.99999999999997,2
Hosur Road,1250.0,2.0,55.000000000000014,2
Chikkalasandra,1290.0,2.0,56.11999999999999,3
Bellandur,1170.0,2.0,46.790000000000006,2
Kanakpura Road,1328.0,2.0,91.05999999999999,2
Hennur Road,1232.0,2.0,87.0,2
1st Phase JP Nagar,1180.0,2.0,88.49999999999996,2
Electronic City,1350.0,3.0,65.99999999999997,3
Nagasandra,2400.0,4.0,144.99999999999997,4
Electronic City Phase II,1020.0,2.0,32.0,2
Begur Road,1410.0,2.0,49.34,3
other,2159.0,3.0,119.99999999999997,3
Anekal,1453.0,2.0,16.5,2
TC Palaya,1200.0,2.0,65.99999999999997,3
Hennur,1255.0,2.0,57.5,2
Whitefield,1074.0,2.0,42.790000000000006,2
other,1200.0,3.0,72.0,3
Sarjapur,1170.0,2.0,35.40999999999999,3
Tumkur Road,728.5,1.0,31.315,1
Bommanahalli,1660.0,2.0,100.00000000000004,3
other,510.0,1.0,34.00000000000001,1
Mahadevpura,1601.0,3.0,95.0,3
Begur Road,952.0,2.0,42.00000000000001,2
other,1166.0,2.0,64.99999999999999,2
Electronic City Phase II,1900.0,3.0,97.0,4
Haralur Road,1520.0,2.0,95.99999999999999,3
other,2100.0,6.0,100.00000000000004,4
Yelenahalli,1175.0,2.0,49.99999999999999,2
Bharathi Nagar,1432.0,2.0,68.00000000000001,2
Bommasandra Industrial Area,1005.0,2.0,39.77,2
Rajiv Nagar,1309.0,2.0,79.99999999999997,2
7th Phase JP Nagar,1050.0,2.0,77.00000000000001,2
Kanakpura Road,1100.0,3.0,53.00000000000001,3
Begur Road,1565.0,2.0,56.34,3
other,940.0,2.0,56.00000000000002,2
other,1015.0,2.0,40.099999999999994,2
Electronic City,1652.0,3.0,110.00000000000004,3
Whitefield,1100.0,2.0,52.00000000000001,2
Rajiv Nagar,2340.0,4.0,144.99999999999997,4
Kammanahalli,1200.0,1.0,81.00000000000003,2
other,1400.0,3.0,69.00000000000001,3
Electronic City Phase II,1020.0,2.0,27.430000000000003,2
Whitefield,1267.0,2.0,90.33,2
other,1645.0,3.0,95.0,3
Sahakara Nagar,1100.0,2.0,74.99999999999997,3
Electronic City,1320.0,2.0,38.12,3
Ananth Nagar,1000.0,2.0,29.7,2
KR Puram,2500.0,6.0,57.999999999999986,6
Kengeri Satellite Town,2480.0,2.0,159.99999999999994,2
Kalyan nagar,1086.0,2.0,44.50000000000001,2
Kengeri,416.0,1.0,17.999999999999996,1
Hennur Road,1066.0,2.0,52.22999999999999,2
OMBR Layout,1730.0,3.0,93.00000000000003,3
Balagere,1205.0,2.0,63.859999999999985,2
Subramanyapura,960.0,2.0,55.000000000000014,2
Haralur Road,1510.0,3.0,83.04999999999998,3
other,1600.0,4.0,90.0,4
Old Madras Road,2300.0,3.0,142.00000000000003,3
other,1000.0,2.0,62.99999999999999,2
Poorna Pragna Layout,1160.0,2.0,46.39000000000001,2
Hormavu,1553.0,2.0,58.22999999999998,3
Seegehalli,1134.0,2.0,44.99999999999999,2
Horamavu Agara,2400.0,3.0,79.99999999999997,5
Whitefield,2400.0,4.0,142.99999999999994,4
other,1350.0,2.0,64.99999999999999,2
Sarjapur,1032.0,2.0,42.00000000000001,2
other,1998.0,3.0,117.00000000000003,3
Murugeshpalya,1225.0,2.0,48.00000000000001,2
Sarjapur  Road,1262.0,2.0,66.99999999999997,2
Badavala Nagar,1842.0,3.0,115.00000000000001,3
other,1300.0,2.0,59.999999999999986,2
Kothannur,1070.0,2.0,38.599999999999994,2
other,950.0,2.0,33.0,2
Balagere,1012.0,2.0,53.580000000000005,2
TC Palaya,1000.0,2.0,70.00000000000003,2
Kadugodi,1394.0,2.0,56.00000000000002,2
Amruthahalli,1450.0,2.0,85.00000000000001,3
Banaswadi,527.0,1.0,34.99999999999999,1
Sarjapur  Road,1693.0,3.0,125.00000000000004,3
Horamavu Agara,1000.0,2.0,46.0,2
Kogilu,952.0,2.0,48.99999999999999,2
Kengeri,1200.0,1.0,13.999999999999996,1
Mysore Road,1410.0,2.0,63.99999999999998,3
Hebbal Kempapura,1400.0,2.0,108.00000000000003,2
Sarjapur  Road,1826.0,3.0,125.00000000000004,3
Hosur Road,1689.0,3.0,103.00000000000001,3
Bisuvanahalli,1075.0,2.0,31.0,3
Hennur,960.0,2.0,48.00000000000001,2
Channasandra,808.0,2.0,40.0,2
Kodichikkanahalli,907.0,2.0,38.50000000000001,2
Uttarahalli,1300.0,2.0,55.000000000000014,2
other,1804.0,3.0,149.99999999999997,3
other,1350.0,3.0,81.00000000000003,3
Whitefield,1836.0,3.0,125.00000000000004,3
other,826.0,2.0,36.0,2
Hormavu,1200.0,2.0,68.00000000000001,2
6th Phase JP Nagar,1460.0,2.0,79.99999999999997,2
BTM 2nd Stage,965.0,2.0,56.00000000000002,2
Kothannur,2000.0,4.0,95.0,4
Bhoganhalli,1395.0,2.0,70.00000000000003,3
Sarjapur  Road,1660.0,3.0,115.99999999999999,3
other,935.0,2.0,34.99999999999999,2
other,1180.0,2.0,38.99999999999999,2
Electronic City,1090.0,2.0,31.480000000000004,2
Kanakpura Road,1204.0,2.0,82.00000000000001,2
Thigalarapalya,2072.0,4.0,152.99999999999997,3
Haralur Road,1056.0,2.0,64.99999999999999,2
Hebbal,985.0,2.0,62.00000000000001,2
Banashankari Stage V,1315.0,2.0,48.99999999999999,3
KR Puram,734.0,2.0,22.000000000000004,2
Yelahanka,2317.0,4.0,139.99999999999994,3
Singasandra,600.0,1.0,44.99999999999999,1
other,2200.0,3.0,115.00000000000001,4
Attibele,656.0,2.0,24.999999999999996,2
Attibele,400.0,1.0,11.499999999999998,1
Yeshwanthpur,666.0,1.0,36.800000000000004,1
7th Phase JP Nagar,1174.0,2.0,46.99999999999999,2
Budigere,1153.0,2.0,56.70000000000002,2
Narayanapura,2400.0,5.0,85.00000000000001,5
Marathahalli,957.0,2.0,46.99999999999999,2
Sarjapur  Road,1060.0,2.0,49.99999999999999,2
Banashankari,1000.0,2.0,49.99999999999999,2
Kanakpura Road,1843.0,3.0,88.00000000000003,3
Kanakpura Road,1150.0,2.0,40.25,3
Chandapura,1230.0,2.0,31.37,3
Kanakpura Road,1703.0,3.0,129.99999999999997,3
Kaval Byrasandra,1125.0,2.0,41.49999999999999,2
Battarahalli,1516.0,3.0,64.99999999999999,3
Brookefield,1130.0,2.0,56.00000000000002,2
Hosa Road,1512.0,3.0,103.00000000000001,3
Thanisandra,1491.0,3.0,88.00000000000003,3
Cox Town,1250.0,2.0,95.0,2
Banashankari,1650.0,3.0,90.75000000000003,3
Raja Rajeshwari Nagar,1140.0,2.0,48.7,2
other,1200.0,4.0,110.00000000000004,4
Thanisandra,1881.0,3.0,95.0,3
Kanakpura Road,1100.0,3.0,56.56999999999999,3
other,1500.0,2.0,49.99999999999999,2
Whitefield,1197.0,2.0,49.99999999999999,2
other,2400.0,4.0,170.00000000000006,6
Gollarapalya Hosahalli,1345.0,3.0,59.999999999999986,3
KR Puram,1200.0,4.0,100.00000000000004,4
Banashankari Stage II,1260.0,2.0,95.0,3
9th Phase JP Nagar,1200.0,2.0,79.99999999999997,2
other,1650.0,3.0,52.00000000000001,3
other,600.0,1.0,44.99999999999999,1
Uttarahalli,1025.0,2.0,35.88,2
Sarjapur,2302.5,2.0,80.59000000000002,4
Hennur Road,973.0,2.0,56.00000000000002,2
Balagere,1007.0,2.0,74.99999999999997,2
Hosa Road,800.0,1.0,39.989999999999995,1
Sarjapur  Road,1830.0,3.0,119.00000000000003,3
Nagavara,1077.0,2.0,49.99999999999999,2
other,672.0,1.0,27.0,1
other,1280.0,3.0,87.0,3
Electronics City Phase 1,865.0,2.0,40.0,2
Kalena Agrahara,1000.0,2.0,33.0,2
CV Raman Nagar,1285.0,2.0,64.99999999999999,2
Thanisandra,662.0,1.0,29.000000000000004,1
other,1850.0,3.0,95.0,3
Harlur,1754.0,3.0,131.99999999999997,3
other,1567.0,3.0,100.00000000000004,3
Hoskote,1695.0,3.0,49.99999999999999,3
Bellandur,1150.0,2.0,69.44000000000001,2
Akshaya Nagar,1690.0,3.0,85.00000000000001,3
Karuna Nagar,1057.0,2.0,64.99999999999999,2
Hebbal,1320.0,2.0,90.99999999999997,2
Bhoganhalli,2119.0,4.0,110.99999999999997,4
other,1125.0,2.0,48.00000000000001,2
Kanakpura Road,2254.0,3.0,170.00000000000006,3
Balagere,645.0,1.0,34.17999999999999,1
Rachenahalli,1050.0,2.0,52.07999999999999,2
Panathur,1040.0,2.0,41.60000000000001,2
1st Block Jayanagar,1760.0,3.0,115.00000000000001,3
Sarjapur  Road,984.0,2.0,45.910000000000004,2
Raja Rajeshwari Nagar,1140.0,2.0,38.650000000000006,2
other,1365.0,3.0,54.00000000000001,3
other,560.0,1.0,18.999999999999996,1
Vittasandra,1404.0,2.0,74.99999999999997,2
Bellandur,1540.0,4.0,44.99999999999999,4
Electronic City,1050.0,2.0,38.99999999999999,3
Rachenahalli,1550.0,3.0,72.49999999999999,3
Yelahanka,1653.0,3.0,93.00000000000003,3
Parappana Agrahara,1194.0,2.0,46.99999999999999,2
other,1471.0,2.0,74.99999999999997,3
Kanakpura Road,700.0,2.0,34.99999999999999,2
Kudlu Gate,812.0,2.0,38.25,2
8th Phase JP Nagar,1504.0,2.0,83.00000000000003,3
Mahadevpura,1450.0,3.0,74.99999999999997,3
Kannamangala,957.0,2.0,54.50000000000001,2
Attibele,460.0,1.0,13.0,1
7th Phase JP Nagar,1050.0,2.0,74.99999999999997,2
Budigere,1820.0,3.0,85.00000000000001,3
Varthur Road,1033.0,2.0,32.0,2
other,520.0,2.0,29.000000000000004,1
OMBR Layout,1165.0,2.0,88.49999999999996,2
Gottigere,1280.0,2.0,61.00000000000001,2
Kanakpura Road,1550.0,3.0,65.10000000000002,3
Nagavarapalya,1392.0,2.0,129.99999999999997,2
Jigani,1221.0,3.0,74.99999999999997,3
other,1000.0,1.0,18.999999999999996,1
other,1300.0,2.0,59.999999999999986,2
Hoskote,1065.0,2.0,31.499999999999993,2
Yelahanka New Town,1209.0,2.0,64.99999999999999,3
Sarjapur  Road,1929.0,4.0,101.00000000000003,3
Hennur Road,1255.0,2.0,83.99999999999999,2
Jalahalli,1035.0,2.0,31.050000000000004,2
Banashankari,1650.0,3.0,101.00000000000003,3
Whitefield,1275.0,2.0,64.99999999999999,3
Electronic City,1128.0,2.0,65.58000000000003,2
Raja Rajeshwari Nagar,1140.0,2.0,38.55,2
Thanisandra,1183.0,2.0,58.560000000000024,2
Whitefield,1155.0,2.0,38.99999999999999,2
Kengeri,1245.0,2.0,43.57000000000001,3
Akshaya Nagar,1000.0,2.0,37.99999999999999,2
7th Phase JP Nagar,1040.0,2.0,74.99999999999997,2
Ardendale,2062.0,3.0,139.99999999999994,4
other,1477.0,2.0,74.99999999999997,3
Sarjapur  Road,1525.0,2.0,64.99999999999999,3
other,2000.0,2.0,119.99999999999997,2
other,1220.0,2.0,64.99999999999999,2
Electronic City,1355.0,2.0,97.60000000000002,2
Whitefield,1141.0,2.0,62.00000000000001,2
Vijayanagar,1046.0,2.0,49.059999999999995,2
Bannerghatta Road,630.0,1.0,34.99999999999999,1
Pattandur Agrahara,1247.0,2.0,62.34999999999999,2
other,850.0,2.0,32.5,2
KR Puram,1120.0,2.0,36.0,2
Jakkur,1798.0,3.0,110.00000000000004,3
Bisuvanahalli,1180.0,2.0,44.99999999999999,3
Kereguddadahalli,1000.0,2.0,34.00000000000001,2
Whitefield,1216.0,2.0,82.00000000000001,2
Margondanahalli,900.0,2.0,64.99999999999999,2
TC Palaya,1100.0,2.0,64.99999999999999,2
Badavala Nagar,1842.0,3.0,115.00000000000001,3
Bisuvanahalli,1075.0,2.0,43.0,3
Whitefield,1495.0,3.0,88.00000000000003,2
Kanakpura Road,1700.0,3.0,119.99999999999997,3
Whitefield,1564.0,3.0,103.00000000000001,3
other,1256.0,2.0,64.99999999999999,2
Kundalahalli,1047.0,2.0,88.99999999999999,2
Bhoganhalli,1458.0,3.0,78.45000000000003,3
Hoodi,1063.0,2.0,61.17000000000002,2
Garudachar Palya,1150.0,2.0,52.5,2
Chandapura,450.0,1.0,9.000000000000002,1
Ramamurthy Nagar,1360.0,2.0,44.99999999999999,2
Marathahalli,1605.0,3.0,76.0,3
Haralur Road,1810.0,3.0,100.00000000000004,3
LB Shastri Nagar,1250.0,2.0,48.49999999999999,2
Poorna Pragna Layout,1475.0,2.0,58.98999999999999,3
Dommasandra,850.0,2.0,25.399999999999995,2
Electronic City Phase II,1025.0,2.0,26.649999999999995,2
Uttarahalli,980.0,2.0,44.99999999999999,2
other,1428.0,2.0,70.00000000000003,3
other,1130.0,2.0,74.00000000000003,2
Kanakpura Road,1592.0,3.0,125.00000000000004,3
JP Nagar,2050.0,3.0,82.00000000000001,3
other,1407.0,2.0,83.86999999999999,2
Whitefield,1585.0,3.0,83.99999999999999,3
Jakkur,1785.0,3.0,129.99999999999997,3
other,900.0,2.0,44.99999999999999,2
Kanakpura Road,1843.0,3.0,96.19999999999997,3
other,1200.0,2.0,66.99999999999997,2
Akshaya Nagar,1113.0,2.0,52.00000000000001,2
Uttarahalli,1125.0,2.0,46.99999999999999,2
Whitefield,1200.0,3.0,56.00000000000002,3
Anekal,1150.0,3.0,44.99999999999999,3
Yeshwanthpur,770.0,1.0,70.00000000000003,2
Kodichikkanahalli,1181.0,2.0,57.00000000000001,2
Kanakpura Road,1550.0,3.0,64.7,3
1st Phase JP Nagar,1200.0,2.0,85.99999999999997,2
Raja Rajeshwari Nagar,1295.0,2.0,55.46999999999999,2
Lingadheeranahalli,1506.0,3.0,95.0,3
other,1872.0,3.0,152.0,3
Abbigere,1326.0,2.0,34.99999999999999,3
Talaghattapura,1040.0,2.0,33.279999999999994,2
Hennur,1020.0,2.0,48.00000000000001,2
other,1400.0,3.0,90.0,3
other,812.0,1.0,26.000000000000004,1
Vidyaranyapura,1100.0,2.0,54.00000000000001,2
other,829.0,2.0,22.8,2
Kanakpura Road,1500.0,3.0,72.98999999999997,3
Ananth Nagar,850.0,2.0,25.989999999999995,2
Kaval Byrasandra,1180.0,2.0,59.999999999999986,2
Thigalarapalya,2215.0,4.0,149.99999999999997,3
Channasandra,1010.0,2.0,36.0,2
Marathahalli,1350.0,2.0,59.999999999999986,2
Talaghattapura,1100.0,2.0,49.99999999999999,2
Kanakpura Road,1450.0,2.0,62.93000000000002,3
Raja Rajeshwari Nagar,1133.0,2.0,40.0,2
Thanisandra,1564.0,3.0,100.00000000000004,3
Doddaballapur,640.0,1.0,10.5,2
Thigalarapalya,2072.0,4.0,156.99999999999994,3
Kanakapura,1460.0,2.0,51.10000000000001,3
other,600.0,2.0,34.99999999999999,1
Rachenahalli,1050.0,2.0,52.07000000000001,2
other,700.0,2.0,34.99999999999999,2
TC Palaya,1200.0,3.0,65.99999999999997,3
Yelahanka,654.0,1.0,37.99999999999999,1
other,1105.0,2.0,49.99999999999999,2
Hebbal Kempapura,1800.0,3.0,149.99999999999997,3
Kogilu,700.0,1.0,30.839999999999996,1
other,1000.0,2.0,51.0,2
other,1240.0,2.0,62.99999999999999,3
Bellandur,1200.0,2.0,44.99999999999999,2
Yelahanka New Town,1400.0,2.0,79.99999999999997,3
other,1393.0,3.0,54.00000000000001,3
Whitefield,1140.0,2.0,49.99999999999999,2
other,1640.0,3.0,70.00000000000003,3
other,1200.0,2.0,62.00000000000001,2
Rajaji Nagar,720.0,2.0,64.99999999999999,2
Yelenahalli,1650.0,3.0,68.00000000000001,3
Nagavara,2496.0,4.0,125.00000000000004,4
9th Phase JP Nagar,905.0,2.0,32.0,2
HAL 2nd Stage,1600.0,3.0,125.00000000000004,3
Chikkalasandra,1070.0,2.0,45.48,2
Koramangala,1200.0,2.0,100.00000000000004,2
Old Airport Road,1145.0,2.0,74.99999999999997,2
other,1495.0,3.0,55.000000000000014,3
other,1400.0,3.0,53.00000000000001,3
Whitefield,1558.0,3.0,90.0,3
Balagere,1007.0,2.0,53.00000000000001,2
Ananth Nagar,902.0,2.0,25.26,2
other,1054.0,2.0,53.00000000000001,2
Uttarahalli,1135.0,2.0,39.73,3
Gollarapalya Hosahalli,996.0,2.0,48.99999999999999,2
other,1275.0,2.0,46.99999999999999,2
NRI Layout,1250.0,2.0,74.99999999999997,2
Hennur,2502.0,4.0,170.00000000000006,4
other,1394.0,2.0,52.00000000000001,2
Haralur Road,1243.0,2.0,46.0,2
Whitefield,1216.0,2.0,74.99999999999997,2
other,1075.0,2.0,57.00000000000001,2
Mysore Road,1800.0,2.0,42.29999999999999,2
Indira Nagar,1500.0,3.0,119.99999999999997,3
Rayasandra,1708.0,3.0,76.0,4
other,1800.0,4.0,115.00000000000001,3
Harlur,1532.0,2.0,64.99999999999999,2
Hosa Road,1726.0,3.0,81.99000000000001,3
other,1220.0,2.0,54.889999999999986,2
Chikkalasandra,1100.0,2.0,49.99999999999999,2
Electronics City Phase 1,1530.0,3.0,40.0,3
Hosa Road,840.0,2.0,27.999999999999996,2
Bommanahalli,1250.0,4.0,38.99999999999999,3
CV Raman Nagar,1030.0,2.0,34.99999999999999,2
other,1499.0,3.0,88.99999999999999,3
other,1280.0,2.0,55.000000000000014,3
Munnekollal,1170.0,2.0,59.000000000000014,2
other,1161.0,2.0,36.69,2
Yelahanka,1633.0,2.0,72.0,2
other,1050.0,2.0,64.99999999999999,2
Varthur Road,552.5,1.0,13.260000000000002,1
Attibele,418.0,2.0,11.499999999999998,1
other,905.0,2.0,49.99999999999999,2
Raja Rajeshwari Nagar,1510.0,2.0,55.000000000000014,3
Chikkalasandra,1390.0,2.0,60.47,3
Kasturi Nagar,1101.0,2.0,65.99999999999997,2
EPIP Zone,2350.0,4.0,163.0,3
other,1056.0,2.0,55.000000000000014,2
Kanakpura Road,1425.0,2.0,49.88000000000001,3
Electronics City Phase 1,1450.0,3.0,70.00000000000003,3
Pai Layout,1000.0,2.0,34.00000000000001,2
Haralur Road,575.0,1.0,37.99999999999999,1
Uttarahalli,1350.0,2.0,47.24,3
other,1770.0,3.0,90.0,3
Anandapura,616.0,3.0,44.99999999999999,2
JP Nagar,745.0,1.0,34.27,1
Kudlu Gate,1547.0,2.0,103.00000000000001,2
Panathur,1713.0,3.0,119.99999999999997,3
other,1152.0,2.0,57.00000000000001,2
Dodda Nekkundi,1100.0,2.0,46.75,2
Narayanapura,2357.0,3.0,135.00000000000003,3
Akshaya Nagar,1820.0,4.0,95.0,3
Kannamangala,1865.0,3.0,138.99999999999997,3
Kanakpura Road,1240.0,2.0,64.99999999999999,2
Padmanabhanagar,1360.0,3.0,74.99999999999997,3
Electronics City Phase 1,1450.0,2.0,63.51000000000002,3
Budigere,1139.0,2.0,72.0,2
Begur Road,1565.0,2.0,56.00000000000002,3
other,1200.0,2.0,38.99999999999999,2
Yeshwanthpur,1855.0,3.0,139.99999999999994,3
Margondanahalli,1100.0,2.0,55.000000000000014,2
other,1350.0,2.0,64.99999999999999,3
Hosur Road,660.0,1.0,23.0,1
Kambipura,1083.0,2.0,48.00000000000001,3
Hennur Road,1232.0,2.0,83.00000000000003,2
Raja Rajeshwari Nagar,1550.0,3.0,86.80000000000001,3
Whitefield,1227.0,2.0,70.00000000000003,2
Sarjapur  Road,1059.0,2.0,68.00000000000001,2
Mahadevpura,1152.0,2.0,54.00000000000001,2
Kenchenahalli,870.0,1.0,44.99999999999999,2
Panathur,1210.0,2.0,78.0,2
Thanisandra,663.0,1.0,46.099999999999994,1
other,1464.0,2.0,135.00000000000003,3
Kadubeesanahalli,1365.0,3.0,79.99999999999997,3
Whitefield,1704.0,3.0,119.99999999999997,3
Whitefield,1495.0,2.0,60.55000000000001,3
Whitefield,1256.0,2.0,72.99999999999999,2
Kengeri,883.0,2.0,48.99999999999999,2
Bisuvanahalli,1080.0,2.0,44.99999999999999,3
9th Phase JP Nagar,1073.0,2.0,52.36000000000001,2
other,1300.0,2.0,32.0,2
Thanisandra,662.0,1.0,44.99999999999999,1
other,1200.0,2.0,74.99999999999997,2
5th Phase JP Nagar,1550.0,3.0,74.99999999999997,3
Banashankari,1310.0,2.0,80.42999999999998,2
Sarjapur  Road,1577.0,3.0,64.99999999999999,3
Kodigehaali,1324.0,3.0,64.99999999999999,3
Kothanur,1786.0,2.0,105.99999999999997,3
Harlur,1174.0,2.0,74.99999999999997,2
other,565.0,1.0,33.0,1
7th Phase JP Nagar,1400.0,2.0,95.0,3
Electronic City,635.0,1.0,27.999999999999996,1
8th Phase JP Nagar,1368.0,2.0,54.70999999999999,3
Kanakpura Road,1450.0,3.0,55.000000000000014,3
Devanahalli,1045.0,2.0,48.00000000000001,2
Electronic City,1128.0,2.0,65.39999999999999,2
Bhoganhalli,1125.0,2.0,54.00000000000001,2
Whitefield,1195.0,2.0,62.37999999999998,2
Kaggadasapura,1350.0,2.0,104.99999999999997,3
Domlur,1740.0,3.0,119.99999999999997,3
Bommasandra,877.0,2.0,29.000000000000004,2
Whitefield,1770.0,4.0,68.00000000000001,3
Yelahanka New Town,450.0,1.0,15.0,1
other,1000.0,2.0,55.000000000000014,2
Whitefield,1300.0,2.0,78.0,2
Doddathoguru,1300.0,2.0,42.00000000000001,3
Abbigere,985.0,2.0,40.39,2
other,1045.0,2.0,42.00000000000001,2
other,1250.0,2.0,62.4,2
other,2400.0,4.0,129.99999999999997,3
Haralur Road,1194.0,2.0,46.0,2
Kanakpura Road,1420.0,3.0,68.00000000000001,3
other,1720.0,3.0,83.00000000000003,3
Rachenahalli,1530.0,2.0,74.40000000000003,3
Anandapura,1200.0,2.0,65.99999999999997,3
Whitefield,1570.0,3.0,88.00000000000003,3
Sarjapur  Road,1157.0,2.0,74.00000000000003,3
Kanakapura,1120.0,2.0,39.199999999999996,2
Kenchenahalli,1150.0,2.0,59.999999999999986,2
Bannerghatta Road,1215.0,2.0,68.00000000000001,2
Bhoganhalli,1444.0,2.0,75.97000000000001,2
other,1100.0,2.0,70.00000000000003,2
Kodichikkanahalli,900.0,2.0,42.00000000000001,2
Talaghattapura,1372.0,2.0,43.9,3
Bisuvanahalli,1180.0,2.0,55.499999999999986,3
Electronic City,1096.0,2.0,38.99999999999999,2
Yeshwanthpur,2504.0,3.0,138.00000000000006,3
2nd Phase Judicial Layout,1350.0,2.0,47.25,3
other,420.0,1.0,23.500000000000004,1
Hennur Road,1832.0,3.0,115.99999999999999,3
Vasanthapura,940.0,2.0,40.0,2
Electronic City Phase II,1020.0,2.0,29.45,2
Abbigere,2500.0,6.0,81.00000000000003,6
Raja Rajeshwari Nagar,1400.0,2.0,44.99999999999999,2
other,1675.0,3.0,64.99999999999999,3
Tumkur Road,708.0,2.0,32.0,2
Channasandra,1123.0,2.0,36.0,2
Talaghattapura,1100.0,2.0,49.49,2
other,1225.0,2.0,71.04999999999998,2
Lingadheeranahalli,1683.0,3.0,139.99999999999994,3
Kengeri Satellite Town,410.0,1.0,15.0,1
other,1350.0,4.0,90.0,4
Gubbalala,1475.0,2.0,79.99999999999997,2
Kengeri Satellite Town,1120.0,2.0,48.99999999999999,2
KR Puram,1150.0,2.0,42.00000000000001,2
Yeshwanthpur,1165.0,2.0,85.00000000000001,2
Harlur,1756.0,3.0,133.99999999999997,3
Ambedkar Nagar,1409.0,2.0,95.0,2
Mahadevpura,1212.0,2.0,56.899999999999984,2
Doddathoguru,1140.0,2.0,26.490000000000002,2
Hegde Nagar,2087.01,3.0,115.00000000000001,3
Jalahalli East,775.0,1.0,34.099999999999994,1
Sarjapur  Road,1700.0,3.0,118.00000000000004,3
other,1732.5,3.0,91.85499999999999,3
Raja Rajeshwari Nagar,1110.0,2.0,52.00000000000001,2
Electronic City Phase II,1000.0,2.0,28.879999999999995,2
Hormavu,1600.0,5.0,139.99999999999994,5
Bhoganhalli,1205.0,2.0,64.46999999999998,2
Thigalarapalya,1418.0,2.0,104.99999999999997,2
Ardendale,1650.0,3.0,82.00000000000001,3
Electronic City,1150.0,2.0,37.99999999999999,2
Dasanapura,2400.0,5.0,100.00000000000004,4
other,850.0,2.0,34.00000000000001,2
Raja Rajeshwari Nagar,1580.0,3.0,83.74000000000002,3
Whitefield,1216.0,2.0,84.03000000000002,2
Kanakpura Road,381.0,1.0,27.999999999999996,1
Hebbal,1040.0,2.0,55.000000000000014,2
other,1260.0,2.0,48.99999999999999,3
Kanakpura Road,1498.0,3.0,74.90000000000003,3
Vidyaranyapura,1200.0,2.0,64.99999999999999,3
Electronic City,1355.0,2.0,72.89999999999999,2
other,1450.0,3.0,64.99999999999999,3
Yeshwanthpur,1860.0,3.0,167.99999999999997,3
Whitefield,1240.0,2.0,70.00000000000003,2
Kanakpura Road,1300.0,2.0,55.000000000000014,3
Ambedkar Nagar,1950.0,4.0,119.99999999999997,3
Ambalipura,1625.0,2.0,144.99999999999997,3
Electronic City,1200.0,2.0,30.000000000000004,2
OMBR Layout,1101.0,2.0,65.99999999999997,2
Whitefield,1216.0,2.0,72.49999999999999,2
Uttarahalli,1250.0,2.0,49.99999999999999,3
other,2100.0,3.0,70.00000000000003,3
Ananth Nagar,1470.0,3.0,54.00000000000001,3
Bannerghatta Road,1365.0,3.0,76.18000000000004,3
Hosa Road,1364.0,2.0,64.79000000000002,2
Banashankari Stage VI,1180.0,2.0,59.47,2
7th Phase JP Nagar,1800.0,3.0,129.99999999999997,3
Kothannur,1350.0,2.0,42.00000000000001,2
Thanisandra,1573.0,3.0,98.00000000000004,3
other,1620.0,3.0,95.0,3
Doddakallasandra,1072.0,2.0,42.87,2
other,560.0,1.0,21.0,1
other,1156.0,2.0,46.0,2
Kudlu Gate,1336.0,2.0,85.99999999999997,2
Electronic City,1200.0,2.0,19.999999999999996,2
Raja Rajeshwari Nagar,1608.0,3.0,54.50999999999999,3
Whitefield,1215.0,2.0,40.0,2
Green Glen Layout,1517.0,3.0,100.00000000000004,3
Mallasandra,1565.0,2.0,69.00000000000001,2
Whitefield,2025.0,4.0,115.00000000000001,3
Jalahalli,1057.0,2.0,34.71000000000001,2
Sarjapur,1044.0,2.0,34.00000000000001,2
Domlur,1695.0,3.0,125.00000000000004,3
Ramagondanahalli,1635.0,3.0,61.00000000000001,3
other,1140.0,2.0,56.00000000000002,2
Electronic City,1150.0,2.0,34.99999999999999,2
Yeshwanthpur,1163.0,2.0,64.08000000000001,2
Thubarahalli,1418.0,2.0,64.99999999999999,3
Varthur,1155.0,2.0,59.999999999999986,2
Bannerghatta Road,1115.0,2.0,78.0,2
NGR Layout,1020.0,2.0,48.449999999999996,2
other,1485.0,3.0,78.0,3
other,1350.0,2.0,44.99999999999999,1
other,1209.0,2.0,100.00000000000004,2
8th Phase JP Nagar,1089.0,2.0,43.54999999999999,2
Yelahanka,1445.0,2.0,82.00000000000001,2
Uttarahalli,1250.0,2.0,49.99999999999999,3
other,1500.0,3.0,95.0,3
Devarachikkanahalli,1705.0,3.0,74.99999999999997,3
Indira Nagar,2200.0,3.0,159.99999999999994,3
Bellandur,1830.0,3.0,90.0,3
Electronics City Phase 1,1450.0,3.0,57.999999999999986,3
Choodasandra,1220.0,3.0,56.00000000000002,3
Hoodi,1259.0,2.0,69.45,2
Subramanyapura,1260.0,2.0,72.99999999999999,3
Kaggadasapura,2500.0,5.0,119.99999999999997,3
Kudlu Gate,1919.0,3.0,121.00000000000003,3
Hennur Road,2050.0,3.0,119.99999999999997,3
other,1000.0,2.0,59.999999999999986,2
Raja Rajeshwari Nagar,1640.0,3.0,86.80000000000001,3
other,1488.0,2.0,64.99999999999999,3
Chikkalasandra,1265.0,2.0,53.12,3
Hennur,1640.0,3.0,119.99999999999997,3
9th Phase JP Nagar,1719.3,2.0,88.00000000000003,3
Kaggadasapura,1180.0,2.0,70.00000000000003,2
HBR Layout,1700.0,3.0,110.00000000000004,3
Kudlu Gate,1464.0,3.0,56.00000000000002,2
JP Nagar,1800.0,6.0,68.00000000000001,6
Yelahanka,1225.0,2.0,62.00000000000001,2
7th Phase JP Nagar,1050.0,2.0,68.00000000000001,2
Sarjapur  Road,1691.0,3.0,119.99999999999997,3
other,1190.0,2.0,42.24999999999999,2
Haralur Road,1243.0,2.0,46.0,2
Hormavu,765.0,2.0,37.49,2
Chamrajpet,730.0,1.0,52.00000000000001,2
Old Madras Road,1350.0,3.0,45.9,3
Yelahanka New Town,500.0,1.0,17.999999999999996,1
Amruthahalli,1200.0,2.0,55.000000000000014,2
Electronic City,1165.0,2.0,33.64,2
7th Phase JP Nagar,1400.0,2.0,57.00000000000001,3
Hormavu,1668.0,2.0,119.99999999999997,3
Kenchenahalli,700.0,1.0,34.99999999999999,1
5th Phase JP Nagar,1485.0,2.0,65.99999999999997,3
Kanakpura Road,700.0,2.0,41.00000000000001,2
Whitefield,1346.0,2.0,100.00000000000004,3
Bisuvanahalli,1075.0,2.0,46.99999999999999,3
other,1050.0,2.0,43.49999999999999,2
other,1800.0,3.0,53.00000000000001,3
Electronic City,1609.0,3.0,115.00000000000001,3
Electronic City,770.0,1.0,34.99999999999999,2
Kudlu,1076.0,2.0,49.99999999999999,2
Kengeri,1052.0,2.0,51.0,2
Channasandra,1000.0,2.0,34.99999999999999,2
Bommasandra Industrial Area,1000.0,2.0,28.879999999999995,2
Thanisandra,1262.0,2.0,83.00000000000003,3
other,500.0,1.0,15.999999999999998,1
Ramagondanahalli,1251.0,2.0,53.00000000000001,2
other,1140.0,2.0,48.99999999999999,2
Old Madras Road,1157.0,2.0,47.31999999999999,2
other,648.0,1.0,34.00000000000001,1
Harlur,1197.0,2.0,78.0,2
Raja Rajeshwari Nagar,1500.0,3.0,51.040000000000006,3
Raja Rajeshwari Nagar,1185.0,2.0,51.150000000000006,2
Kumaraswami Layout,2400.0,2.0,125.00000000000004,3
Kundalahalli,1397.0,3.0,104.99999999999997,3
Uttarahalli,1175.0,2.0,46.99999999999999,2
Basaveshwara Nagar,900.0,2.0,59.999999999999986,2
other,1720.0,2.0,126.0,3
Yelahanka,602.0,1.0,37.99999999999999,1
Raja Rajeshwari Nagar,1295.0,2.0,43.9,2
Rachenahalli,1200.0,2.0,46.49999999999999,2
other,1100.0,2.0,44.99999999999999,2
Haralur Road,1194.0,2.0,46.0,2
Kasavanhalli,1476.0,3.0,104.99999999999997,3
Thanisandra,1056.0,2.0,64.99999999999999,2
other,825.0,2.0,34.99999999999999,2
EPIP Zone,1860.0,3.0,129.99999999999997,3
Gunjur,1063.0,2.0,40.0,2
Yelahanka,697.0,1.0,34.99999999999999,1
Anekal,1200.0,1.0,36.0,2
CV Raman Nagar,1835.0,3.0,159.99999999999994,3
Bannerghatta Road,1532.5,3.0,79.46499999999999,3
BTM 2nd Stage,1147.0,2.0,74.99999999999997,2
Uttarahalli,1360.0,2.0,47.589999999999996,3
other,1080.0,2.0,63.99999999999998,2
Doddakallasandra,1010.0,2.0,40.400000000000006,2
Brookefield,1270.0,2.0,95.0,2
other,1100.0,2.0,61.00000000000001,2
Bellandur,1410.0,3.0,92.00000000000001,2
Yelahanka,1065.0,2.0,41.38000000000001,2
Anekal,1200.0,1.0,36.0,2
Hebbal,1315.0,3.0,64.99999999999999,3
Haralur Road,1140.0,2.0,43.0,2
Kaggadasapura,960.0,2.0,44.99999999999999,2
other,800.0,1.0,29.000000000000004,2
other,1225.0,2.0,46.99999999999999,2
Whitefield,1020.0,2.0,44.99999999999999,2
Magadi Road,750.0,2.0,27.0,2
other,535.0,1.0,34.99999999999999,1
Varthur,1035.0,2.0,59.999999999999986,2
Bommasandra Industrial Area,1020.0,2.0,29.45,2
GM Palaya,1315.0,3.0,63.99999999999998,3
Bisuvanahalli,1075.0,2.0,48.00000000000001,3
Kengeri Satellite Town,1450.0,2.0,49.99999999999999,3
Gottigere,1806.0,1.0,149.99999999999997,1
Marathahalli,1350.0,2.0,98.99999999999999,2
Sarjapur  Road,1929.0,3.0,103.00000000000001,3
Varthur,1100.0,2.0,72.0,2
Kundalahalli,1800.0,3.0,110.00000000000004,3
Gubbalala,1223.0,2.0,42.809999999999995,2
Bharathi Nagar,1664.0,3.0,69.89,3
Uttarahalli,1360.0,2.0,47.589999999999996,3
Kasavanhalli,1158.0,2.0,66.99999999999997,2
Hormavu,1420.0,3.0,57.999999999999986,3
Sarjapur  Road,1308.0,2.0,74.99999999999997,2
other,1067.0,2.0,33.99,2
Hulimavu,2000.0,4.0,100.00000000000004,4
other,1152.0,2.0,42.00000000000001,2
Uttarahalli,1525.0,2.0,62.82000000000001,3
Whitefield,935.0,2.0,32.71999999999999,2
other,1465.0,2.0,88.00000000000003,3
HBR Layout,1198.0,2.0,64.99999999999999,2
other,1145.0,2.0,62.99999999999999,2
Attibele,1000.0,2.0,42.00000000000001,2
Anekal,400.0,1.0,11.499999999999998,1
Marathahalli,1310.0,3.0,63.22,3
Panathur,1861.0,3.0,92.00000000000001,3
Uttarahalli,1265.0,2.0,64.99999999999999,3
other,1280.0,2.0,74.99999999999997,2
Raja Rajeshwari Nagar,1279.0,2.0,53.75999999999999,3
TC Palaya,1200.0,2.0,65.99999999999997,3
other,680.0,3.0,59.999999999999986,2
Uttarahalli,1590.0,3.0,57.00000000000001,3
Hoodi,1837.0,3.0,142.00000000000003,3
Hegde Nagar,1703.0,3.0,129.99999999999997,3
Kudlu,1293.0,2.0,79.99999999999997,3
Kanakpura Road,700.0,2.0,34.99999999999999,2
other,1450.0,3.0,74.99999999999997,3
5th Phase JP Nagar,1030.0,2.0,57.00000000000001,2
Kanakpura Road,1570.0,3.0,65.93000000000002,3
7th Phase JP Nagar,1000.0,2.0,59.999999999999986,2
Bisuvanahalli,1075.0,2.0,36.99999999999999,3
Varthur,1091.0,2.0,33.82000000000001,2
EPIP Zone,2210.0,3.0,164.99999999999994,3
other,1738.0,3.0,110.00000000000004,3
Gottigere,1205.0,2.0,56.580000000000005,2
Kengeri,1009.0,2.0,30.269999999999996,2
Mysore Road,1560.0,2.0,83.30000000000001,3
Rajaji Nagar,1600.0,3.0,139.99999999999994,4
Sanjay nagar,960.0,2.0,55.000000000000014,2
Uttarahalli,1330.0,2.0,46.54999999999999,3
Whitefield,1024.0,2.0,32.0,2
Raja Rajeshwari Nagar,1196.0,2.0,40.54,2
Mico Layout,800.0,1.0,29.500000000000004,1
Jakkur,1080.0,2.0,59.999999999999986,2
Hebbal,1150.0,2.0,55.000000000000014,2
Dasanapura,1286.0,2.0,68.00000000000001,3
JP Nagar,1150.0,2.0,90.0,2
Cooke Town,1310.0,2.0,110.99999999999997,2
Prithvi Layout,1352.0,2.0,72.0,2
Bommanahalli,1307.0,2.0,49.99999999999999,2
Channasandra,1500.0,4.0,89.45000000000002,4
other,1500.0,3.0,90.0,3
Thanisandra,1131.0,2.0,55.97500000000002,2
Whitefield,1600.0,3.0,69.10000000000001,3
Yelahanka,682.0,1.0,36.22999999999999,1
Vittasandra,1650.0,3.0,85.50000000000003,3
Haralur Road,1850.0,3.0,119.99999999999997,3
Gubbalala,2000.0,4.0,85.00000000000001,4
other,982.0,2.0,24.999999999999996,2
Thanisandra,1702.0,3.0,115.00000000000001,3
Amruthahalli,1250.0,2.0,79.0,2
Raja Rajeshwari Nagar,1240.0,2.0,40.54,2
Yelahanka,1023.0,2.0,52.59000000000001,2
other,1275.0,2.0,104.99999999999997,2
Jakkur,1260.0,2.0,71.195,2
Sarjapur  Road,1580.0,3.0,125.00000000000004,3
Thanisandra,1343.0,2.0,74.99999999999997,2
Bommasandra,1365.0,3.0,52.81000000000001,3
Kundalahalli,1047.0,2.0,72.0,2
Shampura,1187.0,2.0,42.00000000000001,2
Choodasandra,1075.0,2.0,44.99999999999999,2
Raja Rajeshwari Nagar,1090.0,2.0,57.00000000000001,2
other,1119.0,2.0,48.49999999999999,3
other,1355.0,2.0,58.25000000000002,3
Hennur Road,1445.0,2.0,86.68999999999998,3
Yeshwanthpur,1165.0,2.0,64.08000000000001,2
Hormavu,1081.5,2.0,38.665000000000006,2
Kothanur,1787.0,3.0,106.99999999999996,3
Electronic City,1020.0,2.0,29.45,2
Sarjapur  Road,1797.0,4.0,95.0,3
Whitefield,1205.0,2.0,57.999999999999986,2
other,1095.0,2.0,55.849999999999994,2
Yelahanka,1560.0,2.0,98.00000000000004,3
5th Phase JP Nagar,1200.0,2.0,68.00000000000001,2
Kanakpura Road,1450.0,3.0,64.99999999999999,3
Thanisandra,1935.0,4.0,122.00000000000003,3
Hosa Road,1016.0,2.0,44.99999999999999,2
Jakkur,1816.0,3.0,119.00000000000003,3
7th Phase JP Nagar,1680.0,3.0,125.00000000000004,3
Hoodi,2065.5,4.0,91.91499999999998,4
Kengeri,1220.0,2.0,62.99999999999999,2
7th Phase JP Nagar,980.0,2.0,85.99999999999997,2
Hormavu,1250.0,2.0,59.999999999999986,2
Jakkur,1424.0,2.0,79.99999999999997,2
Hennur Road,1297.0,2.0,49.9,2
Harlur,1290.0,2.0,89.90000000000003,2
Koramangala,1720.0,2.0,129.99999999999997,3
other,2320.0,2.0,159.99999999999994,3
other,1237.0,3.0,78.0,3
Whitefield,1720.0,3.0,98.97000000000004,3
Chikkalasandra,1224.0,2.0,44.99999999999999,2
Yelahanka,1780.0,3.0,106.99999999999996,3
Electronics City Phase 1,1800.0,3.0,93.00000000000003,3
Budigere,1139.0,2.0,56.50000000000001,2
2nd Phase Judicial Layout,700.0,2.0,34.99999999999999,2
Kengeri,1150.0,1.0,52.00000000000001,1
Channasandra,1330.0,2.0,51.82999999999999,3
Kodigehaali,965.0,2.0,37.99999999999999,2
Whitefield,1600.0,3.0,95.0,3
other,1464.0,2.0,56.00000000000002,2
Bisuvanahalli,1075.0,2.0,44.99999999999999,3
other,1840.0,1.0,95.0,2
Gubbalala,1223.0,3.0,39.14,3
Ramamurthy Nagar,1170.0,2.0,43.99999999999999,2
Bellandur,950.0,2.0,34.99999999999999,2
Electronic City,865.0,2.0,40.0,2
other,2400.0,4.0,88.99999999999999,4
Lakshminarayana Pura,1169.0,2.0,74.99999999999997,2
Hormavu,1206.0,2.0,40.0,2
Lingadheeranahalli,1683.0,3.0,110.00000000000004,3
Mico Layout,1250.0,2.0,43.99999999999999,3
Bhoganhalli,1234.6,3.0,103.99999999999999,3
Vijayanagar,492.0,1.0,40.0,1
Banashankari,600.0,1.0,27.0,2
Kalena Agrahara,1902.0,3.0,88.99999999999999,3
other,1639.0,3.0,77.88999999999999,3
Kasavanhalli,1214.0,2.0,66.99999999999997,2
Harlur,1386.0,2.0,85.00000000000001,2
Bannerghatta Road,1535.0,3.0,59.999999999999986,3
7th Phase JP Nagar,1370.0,2.0,54.78999999999998,3
Bannerghatta Road,1655.0,3.0,90.0,3
Vidyaranyapura,1200.0,2.0,52.00000000000001,2
Horamavu Banaswadi,1610.0,3.0,68.00000000000001,3
Ramamurthy Nagar,2200.0,4.0,129.99999999999997,4
TC Palaya,1200.0,2.0,65.99999999999997,3
Mahalakshmi Layout,1105.0,2.0,79.99999999999997,2
Banjara Layout,753.0,3.0,59.50000000000001,2
Whitefield,1655.0,3.0,108.00000000000003,3
Vishwapriya Layout,770.0,2.0,30.000000000000004,2
Balagere,1210.0,2.0,69.00000000000001,2
Hormavu,965.0,2.0,37.150000000000006,2
Kanakpura Road,700.0,1.0,41.00000000000001,2
Whitefield,1740.0,3.0,95.0,3
Electronic City Phase II,1310.0,2.0,37.839999999999996,3
Sarjapur  Road,1763.25,3.0,98.00000000000004,3
Basaveshwara Nagar,1900.0,3.0,149.99999999999997,3
JP Nagar,1450.0,2.0,55.000000000000014,3
CV Raman Nagar,1836.0,3.0,147.99999999999994,3
other,1160.0,2.0,74.99999999999997,2
Hennur Road,1153.0,2.0,43.0,2
Marathahalli,1285.0,2.0,55.000000000000014,2
Haralur Road,1194.0,2.0,46.99999999999999,2
Kadubeesanahalli,1257.0,2.0,104.99999999999997,2
Whitefield,1200.0,3.0,56.719999999999985,3
Hormavu,583.0,1.0,28.275000000000002,1
Tumkur Road,1240.0,2.0,79.0,3
other,1294.0,2.0,52.00000000000001,3
other,1095.0,2.0,44.99999999999999,2
HSR Layout,1145.0,2.0,46.0,2
Sarjapur  Road,1826.0,3.0,129.99999999999997,3
Electronics City Phase 1,1314.0,2.0,59.999999999999986,2
Koramangala,1900.0,2.0,119.99999999999997,3
other,1040.0,2.0,36.84,2
Jakkur,1290.0,2.0,85.00000000000001,2
other,1325.0,2.0,46.99999999999999,3
Hormavu,1129.0,2.0,43.99999999999999,2
Balagere,790.5,1.0,42.295,1
Hebbal,1075.0,2.0,52.00000000000001,2
other,1108.0,2.0,48.00000000000001,2
Ananth Nagar,810.0,2.0,25.499999999999996,2
other,1155.0,2.0,64.99999999999999,2
Sarjapur  Road,1550.0,2.0,98.00000000000004,3
Babusapalaya,1100.0,2.0,37.99999999999999,2
Kanakpura Road,1452.0,3.0,54.2,3
Kothanur,1141.0,2.0,54.00000000000001,2
other,1464.0,3.0,56.00000000000002,3
other,1500.0,3.0,67.49,3
Anekal,456.0,1.0,15.0,1
Horamavu Agara,760.0,2.0,37.49,2
Electronic City,800.0,2.0,32.0,2
Choodasandra,1180.0,2.0,71.22000000000001,2
Kaggadasapura,775.0,2.0,29.500000000000004,2
Sarjapur  Road,1145.0,2.0,49.500000000000014,2
other,1060.0,2.0,42.50000000000001,2
Yelahanka New Town,1420.0,2.0,74.99999999999997,3
Hoodi,1111.0,2.0,49.42999999999999,2
Begur Road,1200.0,2.0,42.00000000000001,2
Bannerghatta Road,1247.0,2.0,47.39000000000001,2
7th Phase JP Nagar,1050.0,2.0,77.46999999999997,2
Devanahalli,1550.0,3.0,85.00000000000001,3
7th Phase JP Nagar,1270.0,2.0,79.99999999999997,2
Balagere,1012.0,2.0,64.99999999999999,2
Electronic City,970.0,2.0,34.00000000000001,2
Thanisandra,933.0,2.0,55.000000000000014,2
Sarjapur,1200.0,3.0,76.12999999999997,3
other,1148.0,2.0,69.00000000000001,2
7th Phase JP Nagar,1463.0,2.0,61.45000000000001,3
other,1719.0,3.0,110.00000000000004,3
Whitefield,1350.0,2.0,88.00000000000003,2
Kaggadasapura,1250.0,2.0,46.99999999999999,3
Lakshminarayana Pura,1200.0,2.0,74.99999999999997,2
Whitefield,1030.0,2.0,43.99999999999999,2
other,1420.0,3.0,70.00000000000003,3
Kanakpura Road,1703.0,3.0,126.0,3
Old Madras Road,1210.0,2.0,79.99999999999997,2
Horamavu Banaswadi,1210.0,2.0,49.99999999999999,2
other,1398.0,3.0,51.0,3
Nagavarapalya,1335.0,2.0,110.00000000000004,2
Hennur,1255.0,2.0,52.32,2
Babusapalaya,1213.0,2.0,36.36999999999999,3
Raja Rajeshwari Nagar,1240.0,2.0,42.04,2
Yelahanka,1076.0,2.0,78.0,2
other,1320.0,2.0,90.0,2
Whitefield,1216.0,2.0,79.99999999999997,2
Thanisandra,1100.0,2.0,42.00000000000001,2
Thanisandra,1183.0,2.0,77.30000000000001,2
Balagere,656.0,1.0,38.77,1
Sarjapur  Road,534.0,1.0,19.650000000000002,1
other,1285.0,2.0,44.99999999999999,3
Hegde Nagar,2087.01,4.0,135.00000000000003,3
other,1161.0,2.0,59.000000000000014,2
Begur,1306.0,2.0,64.99999999999999,2
other,1504.0,3.0,66.99999999999997,3
Balagere,645.0,1.0,38.99999999999999,1
other,1230.0,2.0,68.00000000000001,2
Hebbal,1100.0,2.0,42.00000000000001,2
Yelahanka,1000.0,1.0,13.999999999999996,1
other,1260.0,2.0,62.00000000000001,2
Ambalipura,1817.0,3.0,101.99999999999996,3
KR Puram,1050.0,2.0,55.000000000000014,2
Kasavanhalli,2110.0,4.0,119.99999999999997,3
Mysore Road,500.0,1.0,17.500000000000004,1
Murugeshpalya,1930.0,3.0,74.99999999999997,3
Mahadevpura,1505.0,3.0,63.99999999999998,3
Ananth Nagar,890.0,2.0,27.0,2
Anekal,1200.0,1.0,36.0,2
other,849.0,2.0,25.399999999999995,2
Chikka Tirupathi,1555.0,3.0,100.00000000000004,3
KR Puram,1057.0,2.0,30.000000000000004,2
7th Phase JP Nagar,1680.0,3.0,122.00000000000003,3
other,799.0,2.0,34.99999999999999,2
Sarjapur  Road,1450.0,2.0,74.99999999999997,3
Sarjapur  Road,1819.0,3.0,100.00000000000004,3
Kanakpura Road,1135.0,2.0,56.73999999999998,2
HSR Layout,2020.0,3.0,159.99999999999994,3
Hosa Road,1730.0,3.0,72.59999999999997,3
Dasarahalli,1950.0,3.0,125.00000000000004,3
other,1077.0,2.0,34.46,2
Brookefield,1706.0,3.0,115.00000000000001,3
Channasandra,1093.0,2.0,36.99999999999999,2
Whitefield,1340.0,2.0,101.00000000000003,2
Sarjapur  Road,984.0,2.0,59.000000000000014,2
AECS Layout,1135.0,2.0,68.00000000000001,2
Varthur,1155.0,2.0,38.99999999999999,2
Kaggalipura,700.0,1.0,34.99999999999999,1
Horamavu Agara,1150.0,2.0,42.00000000000001,2
Hormavu,1385.0,2.0,69.24999999999999,3
Kathriguppe,1335.0,2.0,73.42999999999998,3
Bellandur,1015.0,2.0,59.999999999999986,2
Electronic City,1108.0,2.0,62.99999999999999,2
Frazer Town,1180.0,2.0,104.99999999999997,2
Hennur Road,1445.0,2.0,83.00000000000003,3
Vasanthapura,1500.0,2.0,64.99999999999999,2
Ramamurthy Nagar,1276.0,1.0,48.00000000000001,1
KR Puram,1085.0,2.0,46.49999999999999,2
Rachenahalli,1050.0,2.0,52.07999999999999,2
Sarjapura - Attibele Road,1330.0,2.0,48.99999999999999,3
Ramagondanahalli,845.0,2.0,45.82000000000001,2
Kadugodi,1762.0,3.0,111.99999999999996,3
Ambalipura,1303.0,2.0,79.99999999999997,2
other,1560.0,2.0,125.00000000000004,3
Chandapura,1110.0,2.0,29.969999999999995,3
other,1290.0,3.0,45.330000000000005,3
Bannerghatta Road,1237.5,2.0,49.49,2
9th Phase JP Nagar,1780.0,3.0,88.00000000000003,3
Budigere,1636.0,3.0,83.00000000000003,3
Hennur,2557.0,2.0,170.00000000000006,4
Sector 2 HSR Layout,1332.0,2.0,101.00000000000003,2
other,1012.0,2.0,59.000000000000014,2
Kengeri,1192.0,2.0,53.5,2
Abbigere,795.0,2.0,32.540000000000006,2
Uttarahalli,1213.0,2.0,48.00000000000001,2
Sarjapur  Road,1489.0,3.0,88.00000000000003,3
Sarjapur,1200.0,2.0,62.00000000000001,2
Electronic City Phase II,1140.0,2.0,28.5,2
Devanahalli,1200.0,2.0,55.08000000000001,3
Ananth Nagar,1200.0,2.0,36.0,2
Bannerghatta Road,1650.0,3.0,94.0,3
Ardendale,1224.0,2.0,66.99999999999997,2
Gunjur,1235.0,2.0,52.760000000000005,2
Yelenahalli,1200.0,2.0,45.60000000000001,2
Yelahanka,1342.0,2.0,74.99999999999997,3
TC Palaya,1800.0,2.0,79.99999999999997,2
Abbigere,1130.0,2.0,46.33,2
Somasundara Palya,1186.0,2.0,72.0,2
Hennur,1295.0,2.0,63.99999999999998,2
Kudlu Gate,1535.0,3.0,85.00000000000001,3
Bannerghatta Road,905.0,2.0,64.99999999999999,2
Bhoganhalli,1447.0,2.0,75.97000000000001,2
Hormavu,1165.0,2.0,40.0,2
Kanakpura Road,1328.0,2.0,106.99999999999996,2
other,1485.0,2.0,110.00000000000004,3
Uttarahalli,1475.0,2.0,59.000000000000014,3
Vidyaranyapura,1175.0,2.0,34.99999999999999,2
Thigalarapalya,1245.0,2.0,100.00000000000004,2
Rachenahalli,985.0,2.0,49.97,2
Hoskote,1395.0,2.0,62.99999999999999,3
Hoodi,711.0,1.0,42.64999999999999,1
Electronic City,630.0,1.0,40.49999999999999,1
other,2400.0,4.0,88.00000000000003,4
Gottigere,1170.0,2.0,40.0,2
Gubbalala,1100.0,2.0,49.500000000000014,2
Margondanahalli,900.0,2.0,55.000000000000014,2
Bommasandra Industrial Area,1160.0,2.0,33.510000000000005,2
Varthur,1180.0,2.0,55.000000000000014,2
Tumkur Road,1441.0,2.0,95.0,3
other,1115.0,2.0,49.99999999999999,2
Yeshwanthpur,1825.0,3.0,144.99999999999997,3
other,1489.0,2.0,101.00000000000003,2
Subramanyapura,1278.0,3.0,62.70999999999999,3
Subramanyapura,1223.0,2.0,42.809999999999995,3
Hormavu,1065.0,2.0,50.92,2
Whitefield,1190.0,2.0,63.99999999999998,2
Koramangala,1130.0,2.0,62.99999999999999,2
Banashankari,1430.0,2.0,87.8,2
HRBR Layout,1900.0,3.0,90.0,4
Sarjapur  Road,1104.0,2.0,34.22,2
Begur Road,1240.0,2.0,45.88,2
Choodasandra,1140.0,2.0,62.00000000000001,2
Haralur Road,1194.0,2.0,46.99999999999999,2
other,1464.0,3.0,56.00000000000002,3
KR Puram,1700.0,3.0,104.99999999999997,3
other,1600.0,2.0,90.0,3
other,1508.0,3.0,74.99999999999997,3
Balagere,645.0,1.0,41.00000000000001,1
Hormavu,1046.0,2.0,59.999999999999986,2
Hosa Road,1079.0,2.0,32.36999999999999,2
Thubarahalli,975.0,2.0,49.99999999999999,2
ISRO Layout,1050.0,2.0,51.0,2
other,1903.0,3.0,164.99999999999994,3
other,1200.0,2.0,37.99999999999999,2
Parappana Agrahara,1092.0,2.0,43.0,2
Hormavu,1400.0,2.0,74.99999999999997,2
Bommanahalli,1416.0,2.0,85.00000000000001,3
other,1602.0,2.0,74.99999999999997,3
Electronic City,1100.0,2.0,41.00000000000001,2
Kothanur,1760.0,3.0,110.00000000000004,3
Vasanthapura,1037.0,2.0,36.28000000000001,2
Yeshwanthpur,1384.0,2.0,76.18000000000004,3
other,551.0,1.0,30.000000000000004,1
Sarjapur,900.0,2.0,27.980000000000004,2
Anandapura,1415.0,2.0,74.00000000000003,3
other,1400.0,2.0,44.8,2
Kudlu,1030.0,2.0,74.99999999999997,2
Kambipura,883.0,2.0,38.99999999999999,2
other,550.0,1.0,15.999999999999998,1
Anjanapura,1800.0,4.0,55.000000000000014,4
Old Madras Road,1210.0,2.0,77.00000000000001,2
Vishveshwarya Layout,2000.0,3.0,90.0,4
Kanakpura Road,1100.0,3.0,57.999999999999986,3
other,1780.0,3.0,100.00000000000004,3
Panathur,1050.0,2.0,59.999999999999986,2
Hosur Road,1370.0,3.0,38.36,3
Bellandur,2500.0,4.0,111.99999999999996,3
other,1050.0,2.0,49.500000000000014,2
Anjanapura,1843.0,3.0,87.54000000000003,3
Somasundara Palya,1186.0,2.0,76.0,2
Haralur Road,560.0,1.0,44.99999999999999,1
Narayanapura,2357.0,3.0,135.00000000000003,3
Yelahanka,1823.0,3.0,103.00000000000001,3
other,1310.0,3.0,90.0,3
Varthur,1520.0,2.0,59.999999999999986,3
Bhoganhalli,1610.0,3.0,74.02999999999999,3
Whitefield,1500.0,3.0,78.57,3
LB Shastri Nagar,1400.0,2.0,79.99999999999997,3
HRBR Layout,1625.0,3.0,119.99999999999997,3
other,900.0,2.0,24.000000000000004,2
Talaghattapura,1100.0,2.0,32.0,2
Bannerghatta Road,1000.0,2.0,49.99999999999999,2
Yeshwanthpur,994.0,2.0,54.669999999999995,1
Kaggadasapura,1455.0,3.0,74.99999999999997,3
Lakshminarayana Pura,1172.0,2.0,74.99999999999997,2
Hennur,1935.0,3.0,101.99999999999996,3
Rachenahalli,1856.0,3.0,105.99999999999997,3
Uttarahalli,900.0,2.0,34.99999999999999,2
Raja Rajeshwari Nagar,1757.0,3.0,98.00000000000004,3
Kudlu,1027.0,2.0,43.99999999999999,2
Whitefield,1626.0,3.0,85.00000000000001,3
other,1200.0,2.0,54.00000000000001,2
Hoodi,1559.0,3.0,81.55000000000003,3
Amruthahalli,1190.0,2.0,49.99999999999999,2
KR Puram,1200.0,2.0,72.0,2
Harlur,1174.0,2.0,74.00000000000003,2
Kanakpura Road,1140.0,2.0,64.99999999999999,2
other,1603.0,2.0,125.00000000000004,3
Subramanyapura,1278.0,3.0,70.00000000000003,3
Banashankari Stage III,1085.0,2.0,49.99999999999999,2
Whitefield,1195.0,2.0,61.35999999999998,2
other,450.0,1.0,30.000000000000004,1
Attibele,550.0,1.0,11.499999999999998,1
Kenchenahalli,1165.0,2.0,44.99999999999999,2
Kanakpura Road,1452.0,3.0,59.999999999999986,3
Sarjapur  Road,702.0,1.0,52.00000000000001,1
Banashankari,1020.0,2.0,42.82999999999999,2
Devanahalli,1340.0,2.0,64.99999999999999,2
Marathahalli,1125.0,2.0,54.800000000000004,2
other,1160.0,2.0,40.53,2
Vidyaranyapura,1050.0,2.0,49.99999999999999,2
JP Nagar,1960.0,3.0,138.00000000000006,3
other,1200.0,3.0,52.00000000000001,2
Electronic City,975.0,2.0,32.0,2
Kudlu,1700.0,3.0,125.00000000000004,3
other,1275.0,2.0,69.00000000000001,2
Yeshwanthpur,650.0,1.0,40.0,1
Kasavanhalli,1495.0,2.0,110.00000000000004,2
Hebbal,1200.0,2.0,48.00000000000001,2
Hennur Road,1679.0,3.0,94.86000000000004,3
Kaval Byrasandra,1450.0,3.0,74.99999999999997,3
Balagere,1210.0,2.0,82.00000000000001,2
other,1300.0,2.0,51.0,3
Judicial Layout,1165.0,2.0,49.61,2
Channasandra,1115.0,2.0,35.79999999999999,2
BTM Layout,450.0,1.0,19.999999999999996,1
Electronics City Phase 1,1170.0,2.0,62.00000000000001,2
Marathahalli,1700.0,3.0,126.0,3
Malleshpalya,1245.0,2.0,55.000000000000014,2
Kanakapura,1017.0,2.0,65.99999999999997,2
Sarjapur  Road,1242.0,2.0,74.99999999999997,2
Yelahanka,1792.0,3.0,103.99999999999999,3
other,1275.0,3.0,55.000000000000014,3
Electronic City,605.0,1.0,22.000000000000004,1
Electronics City Phase 1,1450.0,3.0,79.0,3
Bommenahalli,1232.0,3.0,95.99999999999999,3
Laggere,1800.0,5.0,70.00000000000003,5
other,900.0,1.0,52.300000000000004,1
Kaggadasapura,1200.0,2.0,40.0,2
Uttarahalli,1065.0,2.0,42.60000000000001,2
other,1075.0,2.0,48.38,2
other,780.0,2.0,31.0,2
7th Phase JP Nagar,1070.0,2.0,42.790000000000006,2
Haralur Road,1464.0,3.0,56.00000000000002,3
Ramagondanahalli,1910.0,3.0,149.99999999999997,3
Cox Town,1280.0,2.0,119.99999999999997,2
Raja Rajeshwari Nagar,1530.0,3.0,63.99999999999998,3
Bhoganhalli,2439.0,5.0,170.00000000000006,4
other,1088.0,2.0,43.49999999999999,2
Harlur,1174.0,2.0,78.0,2
Raja Rajeshwari Nagar,1587.0,3.0,73.79999999999998,3
Kaggadasapura,1045.0,2.0,55.000000000000014,2
Yelahanka,1304.0,2.0,69.96999999999997,2
Whitefield,1100.0,2.0,64.99999999999999,2
Hennur Road,1482.0,2.0,68.89999999999999,3
Devanahalli,2125.0,3.0,106.99999999999996,3
Parappana Agrahara,1194.0,2.0,44.99999999999999,2
Kengeri,1200.0,2.0,42.00000000000001,2
other,1070.0,2.0,32.99,2
Whitefield,1100.0,2.0,46.49999999999999,2
Whitefield,1270.0,2.0,64.99999999999999,3
other,1000.0,2.0,31.0,2
Vittasandra,1246.0,2.0,69.00000000000001,2
Raja Rajeshwari Nagar,1529.0,3.0,51.769999999999996,3
Thanisandra,1185.0,2.0,42.00000000000001,2
Gubbalala,1060.0,2.0,46.0,2
Ananth Nagar,1319.0,3.0,37.74999999999999,3
Kaikondrahalli,991.0,2.0,63.99999999999998,2
Thanisandra,662.0,1.0,37.99999999999999,1
other,1200.0,2.0,110.00000000000004,2
other,1400.0,2.0,78.0,3
Talaghattapura,1575.0,3.0,79.99999999999997,3
Ananth Nagar,1319.0,3.0,42.00000000000001,3
Electronics City Phase 1,940.0,2.0,48.00000000000001,2
Singasandra,600.0,1.0,44.99999999999999,1
Chandapura,985.0,2.0,25.12,2
Bharathi Nagar,1349.0,2.0,56.70000000000002,2
HSR Layout,1844.0,3.0,95.0,3
Thigalarapalya,1830.0,4.0,149.99999999999997,3
Varthur Road,1140.0,2.0,49.10999999999999,2
Banjara Layout,900.0,3.0,79.0,3
Banashankari,1372.0,2.0,48.02000000000001,3
other,1455.0,2.0,44.99999999999999,3
Hebbal,1100.0,2.0,37.99999999999999,2
Raja Rajeshwari Nagar,1295.0,2.0,55.46999999999999,2
other,1475.0,3.0,79.99999999999997,3
Nagavarapalya,1788.0,3.0,164.00000000000006,3
Haralur Road,1243.0,2.0,46.0,2
Yeshwanthpur,1855.0,3.0,139.99999999999994,3
Kudlu Gate,1850.0,3.0,119.99999999999997,3
Marathahalli,1315.0,2.0,59.999999999999986,3
Whitefield,1216.0,2.0,72.99999999999999,2
other,1721.0,3.0,93.00000000000003,3
Sonnenahalli,1059.0,2.0,62.00000000000001,2
Kadubeesanahalli,1184.0,2.0,55.000000000000014,2
other,1480.0,3.0,74.99999999999997,3
Kodigehalli,635.0,1.0,27.999999999999996,2
JP Nagar,1500.0,2.0,87.0,4
Hosa Road,1143.0,2.0,34.20000000000001,2
Kothannur,1485.0,2.0,59.400000000000006,3
Hennur,1655.0,2.0,70.5,3
2nd Phase Judicial Layout,900.0,2.0,41.00000000000001,2
Somasundara Palya,1600.0,3.0,69.00000000000001,3
other,1163.0,2.0,68.00000000000001,2
Yelahanka New Town,1276.0,2.0,17.999999999999996,1
Hennur Road,1654.0,3.0,97.80000000000001,3
other,801.0,1.0,33.644999999999996,1
Bellandur,1685.0,3.0,101.00000000000003,3
Banashankari,1540.0,3.0,79.99999999999997,3
Thanisandra,1265.0,2.0,72.0,2
Kasavanhalli,1200.0,2.0,38.39999999999999,3
other,1300.0,2.0,79.99999999999997,3
Sultan Palaya,1009.0,2.0,64.99999999999999,2
other,1540.0,3.0,64.99999999999999,3
Bellandur,1735.0,3.0,104.99999999999997,3
Electronic City,1142.0,2.0,34.99999999999999,2
other,1215.0,2.0,46.800000000000004,3
Electronic City,1070.0,2.0,48.00000000000001,2
Electronic City Phase II,1125.0,2.0,32.49000000000001,2
Bommasandra Industrial Area,1125.0,2.0,32.49000000000001,2
Kasavanhalli,1575.0,2.0,85.00000000000001,2
Hosa Road,1360.0,2.0,77.61000000000001,2
Haralur Road,1710.0,3.0,85.00000000000001,3
Electronic City Phase II,1200.0,2.0,34.650000000000006,2
Bannerghatta Road,2185.0,3.0,119.99999999999997,4
other,2400.0,4.0,135.00000000000003,4
Banashankari,1195.0,2.0,35.84,2
Vittasandra,1246.0,2.0,66.99999999999997,2
Bannerghatta Road,1012.0,2.0,44.99999999999999,2
other,998.0,2.0,64.99999999999999,2
7th Phase JP Nagar,1130.0,2.0,85.00000000000001,2
Karuna Nagar,1354.0,2.0,98.00000000000004,3
Brookefield,1389.0,2.0,94.0,2
Lakshminarayana Pura,1172.0,2.0,74.99999999999997,2
Kaggadasapura,1495.0,3.0,59.999999999999986,3
Varthur,1738.0,2.0,57.35,2
Dodda Nekkundi,1315.0,2.0,49.99999999999999,2
Marathahalli,1270.0,2.0,72.99999999999999,2
Electronic City Phase II,1160.0,2.0,52.20000000000001,2
Raja Rajeshwari Nagar,1450.0,2.0,66.99999999999997,3
Rayasandra,470.0,1.0,21.0,1
other,1040.0,2.0,78.0,2
Sarjapur,1205.0,2.0,29.000000000000004,2
other,1215.0,2.0,49.99999999999999,3
Whitefield,1135.0,2.0,57.999999999999986,2
8th Phase JP Nagar,1224.0,2.0,48.95,3
Budigere,664.0,1.0,34.00000000000001,1
Electronic City,1160.0,2.0,42.00000000000001,3
Babusapalaya,1200.0,2.0,104.99999999999997,2
Bommasandra Industrial Area,1220.0,2.0,35.199999999999996,3
Bharathi Nagar,1328.0,2.0,69.00000000000001,2
other,975.0,2.0,44.99999999999999,2
Malleshwaram,900.0,2.0,72.0,2
other,1330.0,2.0,79.99999999999997,2
Munnekollal,1222.0,3.0,95.0,3
Sarjapur  Road,2100.0,3.0,135.00000000000003,3
other,1320.0,2.0,95.0,3
Uttarahalli,1330.0,2.0,46.54999999999999,3
Hosur Road,2000.0,4.0,129.99999999999997,4
Electronic City Phase II,1244.0,2.0,55.000000000000014,2
other,1000.0,2.0,49.99999999999999,2
other,1400.0,3.0,44.99999999999999,3
other,1000.0,2.0,34.99999999999999,2
Uttarahalli,1250.0,2.0,49.99999999999999,3
other,1225.0,2.0,48.00000000000001,2
Seegehalli,1683.0,3.0,79.99999999999997,3
Yelahanka,1250.0,2.0,54.00000000000001,2
Hennur Road,1305.0,2.0,110.00000000000004,3
Kaggalipura,1150.0,2.0,57.5,3
Kaggadasapura,1654.0,3.0,70.00000000000003,3
Kadugodi,1890.0,4.0,125.00000000000004,3
Kasavanhalli,1069.0,2.0,55.000000000000014,2
Chandapura,750.0,1.0,18.499999999999996,2
7th Phase JP Nagar,1680.0,3.0,129.99999999999997,3
Sarjapur  Road,1700.0,3.0,93.50000000000001,3
other,2200.0,2.0,149.99999999999997,4
Thanisandra,1595.0,3.0,104.99999999999997,3
Hennur Road,1480.0,3.0,100.00000000000004,3
other,1092.0,3.0,95.0,3
Banashankari,1683.0,3.0,115.00000000000001,3
Banaswadi,1340.0,2.0,72.99999999999999,2
other,1100.0,3.0,53.00000000000001,3
Whitefield,1185.0,2.0,56.00000000000002,2
Chandapura,1025.0,2.0,27.679999999999996,2
Haralur Road,1730.0,3.0,95.0,3
Hennur Road,1450.0,3.0,88.6,3
Sarjapur  Road,1862.0,4.0,110.00000000000004,3
Hoodi,863.0,1.0,40.55,1
other,1170.0,2.0,49.99999999999999,2
other,1075.0,2.0,49.99999999999999,2
Kodichikkanahalli,1060.0,2.0,34.00000000000001,2
Sarjapur,850.0,2.0,32.0,2
other,935.0,2.0,45.9,2
Gollarapalya Hosahalli,1905.0,3.0,85.99999999999997,4
Uttarahalli,1125.0,2.0,46.99999999999999,2
Chikkabanavar,1500.0,4.0,104.99999999999997,4
Bannerghatta Road,1725.0,3.0,85.00000000000001,3
other,1120.0,2.0,36.0,2
Brookefield,1750.0,2.0,74.99999999999997,3
7th Phase JP Nagar,2000.0,3.0,77.00000000000001,3
Koramangala,1745.0,3.0,98.00000000000004,3
Uttarahalli,1270.0,2.0,55.25000000000002,3
Sahakara Nagar,1180.0,2.0,72.0,2
other,1130.0,2.0,74.99999999999997,2
Ardendale,1723.0,3.0,95.0,3
Mysore Road,1175.0,2.0,70.5,2
Ambalipura,1607.0,2.0,111.99999999999996,3
other,1334.0,2.0,62.00000000000001,2
Bannerghatta,1113.0,2.0,70.00000000000003,2
9th Phase JP Nagar,1300.0,2.0,57.999999999999986,3
Sahakara Nagar,1200.0,2.0,59.999999999999986,2
Panathur,1398.0,2.0,97.0,2
Margondanahalli,1152.0,1.0,65.99999999999997,2
Nagavara,1110.0,2.0,44.95000000000001,2
Devarachikkanahalli,1116.0,2.0,46.99999999999999,2
Babusapalaya,1061.0,2.0,33.84000000000001,2
7th Phase JP Nagar,1300.0,2.0,52.00000000000001,3
Yelahanka,1270.0,2.0,57.00000000000001,2
other,966.0,2.0,49.99999999999999,2
other,1200.0,4.0,110.00000000000004,4
other,1630.0,3.0,130.99999999999994,3
Amruthahalli,1202.0,2.0,64.99999999999999,2
Jakkur,1300.0,2.0,79.99999999999997,2
Electronic City,1360.0,2.0,70.00000000000003,3
Hennur Road,1155.0,2.0,69.17999999999999,2
Hulimavu,1011.0,2.0,37.99999999999999,2
HSR Layout,1203.0,2.0,72.0,2
Hebbal,1645.0,3.0,113.00000000000003,3
Horamavu Agara,1364.0,2.0,49.99999999999999,3
Anekal,1200.0,1.0,36.0,2
other,1050.0,2.0,41.00000000000001,1
Kothanur,1365.0,3.0,65.99999999999997,3
Jigani,1252.0,3.0,70.00000000000003,3
Jigani,1221.0,3.0,64.99999999999999,3
Panathur,1065.0,2.0,57.999999999999986,2
Uttarahalli,1270.0,2.0,55.25000000000002,3
Sahakara Nagar,1032.0,2.0,44.99999999999999,2
Sector 2 HSR Layout,1515.0,2.0,69.00000000000001,3
other,1427.0,2.0,52.00000000000001,2
Magadi Road,940.0,2.0,49.99999999999999,2
Bannerghatta Road,1460.0,2.0,79.99999999999997,3
9th Phase JP Nagar,1522.0,3.0,90.0,3
Thanisandra,1185.0,2.0,42.67000000000001,2
Banashankari,1800.0,3.0,125.00000000000004,3
Electronics City Phase 1,940.0,2.0,43.99999999999999,2
Marathahalli,1530.0,3.0,71.0,3
other,1050.0,2.0,48.00000000000001,2
Subramanyapura,929.0,2.0,48.99999999999999,2
Whitefield,1530.0,3.0,74.99999999999997,3
other,900.0,2.0,48.00000000000001,2
Vasanthapura,978.0,2.0,34.22,2
Ambalipura,770.0,1.0,43.82,1
Kaval Byrasandra,1066.0,2.0,55.000000000000014,2
Electronic City,635.0,1.0,27.999999999999996,1
Whitefield,1015.0,2.0,44.99999999999999,2
Hebbal,1175.0,2.0,54.05,2
Vidyaranyapura,1188.0,2.0,49.99999999999999,2
other,620.0,1.0,24.999999999999996,1
other,1210.0,2.0,74.99999999999997,2
Attibele,1000.0,3.0,90.0,3
Rajaji Nagar,1500.0,2.0,98.99999999999999,3
Thanisandra,1185.0,2.0,43.65999999999999,2
Basavangudi,1600.0,3.0,129.99999999999997,3
Gottigere,1100.0,2.0,27.999999999999996,2
Yelahanka,1300.0,2.0,69.23,2
Kasavanhalli,1100.0,2.0,68.00000000000001,2
Ambalipura,860.0,2.0,28.929999999999996,2
Panathur,1007.0,2.0,63.99999999999998,2
Akshaya Nagar,1100.0,2.0,48.00000000000001,2
Whitefield,1187.0,2.0,37.99999999999999,2
R.T. Nagar,1150.0,2.0,72.0,2
other,1180.0,2.0,41.94,2
Budigere,1820.0,3.0,85.20000000000003,3
other,1430.0,3.0,70.00000000000003,3
Kanakpura Road,700.0,2.0,40.0,2
other,1200.0,1.0,70.00000000000003,2
Old Madras Road,1165.0,2.0,40.77,2
Jalahalli,1569.0,3.0,118.00000000000004,3
other,1950.0,4.0,95.0,3
other,1200.0,3.0,70.00000000000003,2
Yelahanka New Town,2437.0,3.0,125.00000000000004,3
Marathahalli,950.0,2.0,46.699999999999996,2
Bellandur,1685.0,3.0,115.00000000000001,3
Sarjapur  Road,1314.0,2.0,110.00000000000004,2
other,1250.0,3.0,40.0,3
other,1130.0,2.0,68.00000000000001,2
Whitefield,2247.0,3.0,144.99999999999997,3
Marathahalli,1550.0,3.0,85.00000000000001,3
Hoodi,1715.0,2.0,100.00000000000004,3
Hennur Road,1053.0,2.0,53.00000000000001,2
Begur Road,1200.0,3.0,49.99999999999999,3
Chikkabanavar,2400.0,4.0,97.0,5
other,1245.0,1.0,59.999999999999986,2
Thanisandra,1241.0,2.0,64.99999999999999,3
Raja Rajeshwari Nagar,1090.0,2.0,57.00000000000001,2
other,1390.0,2.0,49.99999999999999,3
Kanakpura Road,1100.0,2.0,52.970000000000006,3
Koramangala,1350.0,2.0,103.00000000000001,2
other,800.0,2.0,55.000000000000014,2
Sarjapur  Road,1787.0,3.0,115.99999999999999,3
Sarjapur  Road,1691.0,3.0,93.01,3
Bhoganhalli,2119.0,4.0,110.99999999999997,4
Chikka Tirupathi,2325.0,3.0,95.0,3
Akshaya Nagar,1896.0,3.0,101.99999999999996,3
Banashankari Stage V,1540.0,3.0,48.510000000000005,3
other,1244.0,2.0,95.0,2
Hormavu,1365.0,2.0,64.99999999999999,3
Thanisandra,580.0,1.0,27.500000000000004,1
Hebbal,1355.0,3.0,83.86999999999999,3
8th Phase JP Nagar,1513.0,2.0,62.00000000000001,2
Banashankari,1175.0,2.0,41.13000000000001,2
Thanisandra,2087.0,4.0,138.99999999999997,3
Talaghattapura,2273.0,3.0,144.99999999999997,3
Thanisandra,2050.0,3.0,149.99999999999997,3
other,1200.0,2.0,74.99999999999997,2
Whitefield,1190.0,2.0,59.000000000000014,2
Marathahalli,1019.0,2.0,49.85999999999999,2
Thigalarapalya,1830.0,3.0,133.0,3
Sarjapur  Road,1028.0,2.0,56.00000000000002,2
Old Madras Road,1300.0,2.0,100.00000000000004,2
Whitefield,1160.0,2.0,66.99999999999997,2
Mahadevpura,1505.0,3.0,78.0,3
Kogilu,1250.0,2.0,55.550000000000004,2
Sarjapur,1175.0,2.0,41.67999999999999,2
other,1100.0,2.0,57.6,2
other,2159.0,3.0,119.99999999999997,3
Devanahalli,1230.0,2.0,56.45000000000002,2
other,1200.0,1.0,48.00000000000001,1
other,1340.0,2.0,71.0,2
Banashankari,1750.0,2.0,88.99999999999999,3
Banashankari Stage II,1400.0,2.0,100.00000000000004,2
Nagarbhavi,1350.0,3.0,59.999999999999986,3
other,1675.0,3.0,62.00000000000001,3
Thanisandra,1340.0,2.0,66.33,2
Hulimavu,1276.0,2.0,76.0,2
Ramagondanahalli,1738.0,2.0,76.0,3
other,1190.0,2.0,59.899999999999984,2
Electronic City,1128.0,2.0,65.45,2
other,1250.0,2.0,55.000000000000014,2
other,1450.0,2.0,90.0,2
Kudlu,1084.0,2.0,53.00000000000001,2
Kaggadasapura,2150.0,4.0,90.0,4
Hosur Road,1250.0,2.0,64.99999999999999,2
Begur,1304.0,3.0,64.99999999999999,3
7th Phase JP Nagar,980.0,2.0,77.44000000000003,2
other,1275.0,2.0,49.500000000000014,2
Banjara Layout,2500.0,4.0,139.99999999999994,3
Anekal,2400.0,4.0,95.0,3
Kanakpura Road,1450.0,2.0,70.18000000000004,3
Electronic City,890.0,2.0,40.0,2
Bannerghatta Road,1340.0,2.0,85.00000000000001,2
Vidyaranyapura,1100.0,2.0,74.99999999999997,3
Kengeri,750.0,2.0,40.0,2
Akshaya Nagar,1300.0,2.0,65.99999999999997,2
HRBR Layout,1301.0,2.0,119.99999999999997,2
other,1900.0,2.0,92.00000000000001,3
Kanakpura Road,1299.0,2.0,104.99999999999997,2
other,1250.0,3.0,40.0,3
other,925.0,2.0,55.000000000000014,2
Uttarahalli,1107.0,2.0,44.99999999999999,2
Electronics City Phase 1,1300.0,2.0,66.99999999999997,2
other,1715.0,3.0,95.0,3
Uttarahalli,1200.0,2.0,55.000000000000014,2
other,703.0,2.0,59.999999999999986,2
Talaghattapura,921.0,2.0,29.469999999999995,2
Marathahalli,1144.0,2.0,64.99999999999999,2
Kanakpura Road,525.0,1.0,26.009999999999998,1
other,1400.0,2.0,56.00000000000002,3
Balagere,661.0,1.0,33.0,1
Yelahanka,1705.0,3.0,90.99999999999997,3
Kadugodi,1430.0,2.0,55.000000000000014,3
Marathahalli,1240.0,2.0,55.000000000000014,2
Garudachar Palya,1325.0,2.0,60.800000000000004,3
Thanisandra,1230.0,2.0,43.99999999999999,2
Electronics City Phase 1,1000.0,2.0,27.999999999999996,2
Uttarahalli,1330.0,2.0,46.45000000000001,3
Haralur Road,1243.0,2.0,46.0,2
Banashankari Stage III,1500.0,2.0,100.00000000000004,3
Cox Town,1073.0,2.0,72.0,2
Kudlu,1300.0,2.0,56.00000000000002,2
Electronic City,1065.0,2.0,30.749999999999996,2
Whitefield,1216.0,2.0,66.88,2
Jigani,1252.0,3.0,59.000000000000014,3
Hormavu,1196.0,2.0,44.8,2
Kudlu,1027.0,2.0,43.99999999999999,2
other,1270.0,2.0,57.15000000000001,3
Mico Layout,1171.0,2.0,38.99999999999999,2
Kothannur,1215.0,2.0,48.60000000000001,3
other,600.0,1.0,19.999999999999996,1
Whitefield,1180.0,2.0,77.00000000000001,2
Electronic City Phase II,1160.0,2.0,33.510000000000005,2
Whitefield,2140.0,3.0,138.99999999999997,3
Yeshwanthpur,1500.0,3.0,100.00000000000004,3
Banaswadi,1008.0,2.0,52.00000000000001,2
Ambedkar Nagar,1921.0,4.0,128.99999999999997,3
Electronic City,1127.0,2.0,32.0,2
Rajaji Nagar,1621.0,3.0,124.00000000000003,3
other,1030.0,2.0,77.25000000000001,3
Whitefield,1314.0,2.0,83.99999999999999,2
Choodasandra,1220.0,3.0,56.00000000000002,3
JP Nagar,1590.0,2.0,85.00000000000001,3
Shivaji Nagar,703.0,2.0,49.500000000000014,2
Hosakerehalli,1795.0,3.0,64.62,3
Electronic City,825.0,2.0,34.99999999999999,2
other,1254.0,2.0,70.00000000000003,3
Ramagondanahalli,2040.0,3.0,114.00000000000003,3
Thigalarapalya,2215.0,4.0,154.00000000000006,3
Jalahalli,1478.0,2.0,125.00000000000004,2
other,1820.0,3.0,79.5,3
Horamavu Agara,1623.0,3.0,88.99999999999999,3
Haralur Road,1243.0,2.0,46.0,2
Electronic City,1200.0,2.0,40.49999999999999,2
Gottigere,1613.0,3.0,72.0,3
other,1293.0,2.0,79.99999999999997,2
Hoskote,1065.0,2.0,28.5,2
Kudlu Gate,940.0,2.0,69.56999999999998,2
Sarjapur  Road,1181.0,2.0,64.99999999999999,3
Marathahalli,1100.0,2.0,74.99999999999997,1
other,1050.0,2.0,36.0,2
Subramanyapura,1260.0,2.0,74.99999999999997,3
other,1500.0,3.0,56.00000000000002,3
other,1000.0,2.0,65.99999999999997,2
Whitefield,1530.0,3.0,72.99999999999999,3
HSR Layout,1140.0,2.0,46.0,2
other,1864.0,3.0,115.00000000000001,3
Sarjapur,1575.0,3.0,55.000000000000014,3
Attibele,1200.0,3.0,104.99999999999997,3
Raja Rajeshwari Nagar,945.0,2.0,44.99999999999999,2
Sarjapur  Road,1691.0,3.0,100.00000000000004,3
Electronic City Phase II,1220.0,3.0,35.25,3
Kengeri,600.0,1.0,34.99999999999999,1
Whitefield,1160.0,2.0,38.99999999999999,2
other,1950.0,2.0,89.49999999999999,3
Vittasandra,1650.0,3.0,85.00000000000001,3
other,2400.0,4.0,149.99999999999997,4
Abbigere,795.0,1.0,32.599999999999994,2
Kalyan nagar,2285.0,4.0,164.99999999999994,3
Haralur Road,1243.0,2.0,46.0,2
other,1263.0,2.0,51.5,2
Hennur,1345.0,2.0,69.00000000000001,3
Electronic City,1360.0,2.0,57.999999999999986,3
Sarjapur  Road,1026.0,2.0,60.55000000000001,2
other,1050.0,2.0,37.99999999999999,2
Uttarahalli,1460.0,3.0,76.0,3
other,1525.0,2.0,91.48000000000002,3
Kanakpura Road,1843.0,3.0,85.00000000000001,3
Ananth Nagar,1000.0,2.0,24.999999999999996,2
Koramangala,1642.0,2.0,115.00000000000001,3
TC Palaya,1200.0,2.0,65.99999999999997,3
other,975.0,2.0,59.999999999999986,2
Bisuvanahalli,1075.0,2.0,43.99999999999999,3
Panathur,1210.0,2.0,77.92999999999999,2
other,2000.0,3.0,100.00000000000004,3
Akshaya Nagar,1225.0,2.0,68.00000000000001,2
Jakkur,1290.0,2.0,80.03999999999998,2
other,1220.0,2.0,56.00000000000002,2
other,1500.0,2.0,85.00000000000001,1
Kaggadasapura,1361.0,2.0,79.0,2
1st Phase JP Nagar,1394.0,2.0,85.00000000000001,2
Yelahanka,870.0,2.0,27.0,2
Rajaji Nagar,1222.0,2.0,98.00000000000004,2
Hebbal,1420.0,2.0,99.38999999999999,2
Bellandur,1846.0,3.0,135.00000000000003,3
Yeshwanthpur,1167.0,2.0,64.08000000000001,2
Ananth Nagar,902.0,2.0,24.999999999999996,2
Kannamangala,2422.0,4.0,135.00000000000003,4
Rachenahalli,1050.0,2.0,52.5,2
other,1000.0,2.0,49.99999999999999,2
Kundalahalli,1260.0,2.0,57.999999999999986,2
Jigani,939.0,2.0,38.99999999999999,2
Jalahalli,600.0,1.0,36.99999999999999,1
8th Phase JP Nagar,1298.0,2.0,59.000000000000014,2
Marathahalli,1710.0,3.0,135.00000000000003,3
Subramanyapura,1000.0,2.0,44.99999999999999,2
other,1100.0,2.0,68.00000000000001,2
Jalahalli,615.0,1.0,46.0,1
Sarjapur  Road,1350.0,2.0,85.00000000000001,2
Hegde Nagar,1718.0,3.0,129.99999999999997,3
7th Phase JP Nagar,1680.0,3.0,111.99999999999996,3
Hulimavu,1500.0,2.0,90.0,2
Sarjapur  Road,1157.0,2.0,72.0,3
Akshaya Nagar,1179.0,2.0,51.0,2
Hulimavu,1315.0,2.0,60.48000000000001,2
other,1105.0,2.0,28.180000000000003,2
Jalahalli East,1010.0,2.0,52.00000000000001,2
Electronic City,630.0,1.0,46.0,1
Anekal,1200.0,2.0,36.099999999999994,2
Kaval Byrasandra,1025.0,2.0,59.999999999999986,2
Hennur Road,1195.0,2.0,59.000000000000014,2
Whitefield,1012.0,2.0,57.999999999999986,2
Hegde Nagar,1884.0,4.0,118.00000000000004,3
Sarjapura - Attibele Road,1090.0,2.0,36.99999999999999,2
Kathriguppe,1300.0,3.0,77.98999999999997,3
Harlur,1710.0,3.0,85.00000000000001,3
Uttarahalli,1500.0,3.0,68.00000000000001,3
Kodichikkanahalli,1310.0,2.0,53.00000000000001,3
Dommasandra,674.0,1.0,19.900000000000002,2
Hoodi,1350.0,3.0,70.00000000000003,3
other,1464.0,2.0,115.00000000000001,3
Electronic City,1400.0,2.0,40.45000000000001,3
Electronic City Phase II,1625.0,2.0,48.74999999999999,3
Electronic City,1065.0,2.0,30.760000000000005,2
other,1385.0,3.0,90.0,3
CV Raman Nagar,1040.0,2.0,49.99999999999999,2
Haralur Road,1817.0,3.0,110.00000000000004,3
other,1205.0,2.0,46.99999999999999,2
other,1070.0,2.0,33.43,2
other,1070.0,2.0,52.00000000000001,2
Amruthahalli,1340.0,2.0,74.99999999999997,2
Kalena Agrahara,980.0,2.0,34.99999999999999,2
8th Phase JP Nagar,1006.0,2.0,43.99999999999999,2
Thanisandra,1098.0,2.0,71.0,2
Mico Layout,1200.0,2.0,53.5,2
Sarjapur  Road,1019.0,2.0,62.00000000000001,2
Whitefield,1150.0,2.0,40.21,2
Anekal,1733.5,3.0,119.99999999999997,3
other,1415.0,2.0,119.99999999999997,2
other,1750.0,3.0,57.999999999999986,3
other,1537.0,3.0,81.00000000000003,3
other,1050.0,2.0,44.99999999999999,2
Kanakpura Road,1452.0,3.0,55.59999999999998,3
Domlur,1246.0,2.0,95.0,2
Yelahanka,1890.0,4.0,85.00000000000001,3
Electronic City Phase II,972.0,2.0,40.0,2
Electronic City,630.0,1.0,33.7,1
other,1255.0,2.0,59.999999999999986,3
Doddaballapur,2440.0,3.0,142.00000000000003,3
Kanakpura Road,1938.0,3.0,92.69,3
Bannerghatta Road,1711.0,3.0,125.00000000000004,3
CV Raman Nagar,1392.0,2.0,95.0,2
Haralur Road,1225.0,2.0,77.00000000000001,2
Green Glen Layout,1750.0,3.0,119.99999999999997,3
Subramanyapura,1260.0,2.0,79.99999999999997,3
Sarjapur  Road,691.0,1.0,31.1,1
Haralur Road,1285.0,2.0,78.0,2
Hebbal,1590.0,3.0,95.99999999999999,3
9th Phase JP Nagar,1571.0,3.0,64.99999999999999,3
Garudachar Palya,1060.0,2.0,48.65999999999999,2
Hennur,1255.0,2.0,57.999999999999986,2
Bannerghatta Road,1520.0,2.0,81.00000000000003,3
Kanakpura Road,1530.0,2.0,70.99,3
other,1170.0,2.0,45.51,2
OMBR Layout,1580.0,3.0,74.99999999999997,3
Ardendale,1777.26,3.0,88.99999999999999,3
Raja Rajeshwari Nagar,1303.0,2.0,55.77999999999998,2
Kodichikkanahalli,1680.0,2.0,59.000000000000014,2
Whitefield,1495.0,2.0,70.00000000000003,3
Yelahanka,1835.0,3.0,108.00000000000003,3
other,1080.0,2.0,37.99999999999999,2
Electronic City,1025.0,2.0,29.610000000000007,2
Haralur Road,1225.0,2.0,67.47999999999998,2
Balagere,656.0,1.0,34.77000000000001,1
Sarjapur  Road,994.0,2.0,44.99999999999999,2
other,1025.0,2.0,64.99999999999999,2
Marathahalli,1156.0,2.0,52.00000000000001,2
JP Nagar,1250.0,2.0,59.999999999999986,2
Hegde Nagar,1930.0,4.0,122.00000000000003,3
other,1020.0,2.0,70.00000000000003,2
Kumaraswami Layout,1310.0,2.0,70.00000000000003,3
Jalahalli,612.5,1.0,27.564999999999998,1
Kanakpura Road,1322.0,2.0,70.00000000000003,2
Kothanur,1160.0,2.0,57.00000000000001,2
5th Block Hbr Layout,1100.0,2.0,48.00000000000001,2
Lakshminarayana Pura,1720.0,3.0,149.99999999999997,3
Hosur Road,1689.0,3.0,103.00000000000001,3
Chikkalasandra,1090.0,2.0,47.42,2
KR Puram,2000.0,2.0,74.99999999999997,2
other,1155.0,2.0,69.00000000000001,2
JP Nagar,1125.0,2.0,39.97999999999999,2
Yelahanka,1847.0,3.0,92.00000000000001,3
7th Phase JP Nagar,1515.0,2.0,76.0,3
Yelahanka,2500.0,3.0,119.99999999999997,5
Sarjapur  Road,1130.0,2.0,55.000000000000014,2
Bellandur,1049.0,2.0,51.0,2
Varthur Road,850.0,2.0,25.399999999999995,2
Badavala Nagar,1842.0,3.0,115.00000000000001,3
Jakkur,1282.0,2.0,72.0,2
Kalena Agrahara,800.0,2.0,40.0,2
Chandapura,1190.0,2.0,30.35000000000001,3
Magadi Road,1318.0,2.0,68.00000000000001,3
Kanakpura Road,1698.0,2.0,104.99999999999997,2
Kammasandra,1276.0,2.0,31.900000000000002,3
other,1555.0,2.0,66.99999999999997,3
Sarjapur  Road,1881.0,3.0,144.99999999999997,3
Yelahanka,1890.0,3.0,108.99999999999997,3
Old Madras Road,935.0,2.0,32.0,2
Cox Town,1000.0,2.0,57.999999999999986,2
Singasandra,1510.0,3.0,74.99999999999997,3
Uttarahalli,1120.0,2.0,49.99999999999999,2
Ananth Nagar,930.0,2.0,25.989999999999995,2
Electronic City,1160.0,2.0,42.00000000000001,3
Raja Rajeshwari Nagar,1419.0,2.0,48.10000000000001,2
Talaghattapura,1175.0,2.0,62.00000000000001,2
Bellandur,1350.0,2.0,62.99999999999999,3
Attibele,996.0,2.0,24.9,2
Anjanapura,1076.0,2.0,30.130000000000003,2
other,2180.0,4.0,115.00000000000001,4
Kasavanhalli,1715.0,3.0,111.99999999999996,3
Hebbal,1072.0,2.0,44.99999999999999,2
Panathur,1230.0,2.0,79.99999999999997,2
Murugeshpalya,1600.0,2.0,64.99999999999999,3
Thanisandra,1411.0,3.0,93.25000000000001,3
Jalahalli,2404.0,3.0,138.00000000000006,3
Doddathoguru,1208.0,3.0,44.99999999999999,3
Haralur Road,1225.0,2.0,69.84000000000003,2
Hebbal,1162.0,2.0,69.00000000000001,2
Thanisandra,1262.0,2.0,64.99999999999999,3
other,1050.0,2.0,34.99999999999999,2
Electronic City Phase II,1160.0,2.0,33.510000000000005,2
Channasandra,1500.0,3.0,61.950000000000024,3
other,1610.0,3.0,85.00000000000001,3
Whitefield,1340.0,2.0,41.00000000000001,2
Budigere,1162.0,2.0,57.999999999999986,2
Hosa Road,1170.0,2.0,64.99999999999999,2
Sarjapur  Road,980.0,2.0,24.999999999999996,2
Channasandra,1800.0,3.0,59.999999999999986,3
Banashankari Stage VI,1423.0,2.0,71.73000000000003,3
Kaggadasapura,1106.0,2.0,40.0,2
Kereguddadahalli,1105.0,2.0,27.60000000000001,2
other,1255.0,2.0,56.70000000000002,2
Sarjapur  Road,1525.0,2.0,64.99999999999999,3
Babusapalaya,1061.0,2.0,38.95,2
other,600.0,2.0,29.500000000000004,2
Electronic City Phase II,1400.0,2.0,40.45000000000001,3
Domlur,2100.0,3.0,144.99999999999997,3
Electronic City,660.0,1.0,16.5,2
Kengeri,633.0,1.0,17.999999999999996,2
ITPL,907.0,2.0,55.430000000000014,2
Hennur Road,2047.0,3.0,67.55,3
Bellandur,1211.0,2.0,62.99999999999999,2
Hennur Road,1904.0,3.0,128.99999999999997,3
Balagere,1205.0,2.0,73.86999999999998,2
Yeshwanthpur,1164.0,2.0,64.08000000000001,2
other,1410.0,2.0,72.99999999999999,2
other,1150.0,2.0,42.00000000000001,2
other,1170.0,2.0,53.11000000000001,2
Hennur,1420.0,2.0,62.00000000000001,2
Panathur,1125.0,2.0,44.99999999999999,2
NRI Layout,1789.0,3.0,74.99999999999997,3
Hulimavu,1021.0,2.0,76.0,2
Ananth Nagar,1074.0,2.0,26.849999999999998,2
Kalena Agrahara,1222.0,2.0,48.00000000000001,2
Hennur Road,1981.0,3.0,133.99999999999997,3
Yelachenahalli,1103.0,2.0,55.000000000000014,2
other,1201.0,2.0,64.99999999999999,2
Sarjapur  Road,970.0,2.0,36.0,2
Sarjapur,920.0,2.0,33.0,2
Yeshwanthpur,1520.0,3.0,85.00000000000001,3
Sonnenahalli,1268.0,2.0,74.99999999999997,3
other,660.0,1.0,30.000000000000004,1
Harlur,1755.0,3.0,115.00000000000001,3
Hoskote,945.0,2.0,34.99999999999999,2
8th Phase JP Nagar,500.0,1.0,33.0,1
Bommenahalli,1632.0,3.0,139.99999999999994,4
Rachenahalli,1167.0,2.0,37.5,2
Domlur,1276.0,2.0,79.99999999999997,2
Thanisandra,1234.0,2.0,51.0,2
Lakshminarayana Pura,1180.0,2.0,74.99999999999997,2
ISRO Layout,1370.0,2.0,87.0,3
Chandapura,1015.0,2.0,25.880000000000003,2
Electronic City,1400.0,3.0,90.0,3
other,1050.0,2.0,40.0,2
Ramagondanahalli,1251.0,2.0,46.0,2
Yeshwanthpur,1677.0,3.0,92.12999999999997,3
Sarjapur  Road,1346.0,2.0,67.37999999999998,2
Electronic City Phase II,1090.0,2.0,31.480000000000004,2
Kanakapura,1290.0,2.0,51.10000000000001,3
Sarjapur  Road,1881.0,3.0,144.99999999999997,3
Garudachar Palya,1150.0,2.0,52.00000000000001,2
Kanakpura Road,1200.0,2.0,42.00000000000001,3
other,1276.0,2.0,40.0,2
other,950.0,2.0,64.99999999999999,2
Bommasandra Industrial Area,1491.0,3.0,40.49999999999999,3
Ramamurthy Nagar,1050.0,2.0,51.660000000000004,2
Hoodi,1660.0,3.0,130.99999999999994,3
Nagavarapalya,1134.0,2.0,55.000000000000014,2
Hebbal,1100.0,2.0,59.999999999999986,2
Anekal,1200.0,2.0,36.099999999999994,2
other,980.0,3.0,79.99999999999997,3
other,1080.0,2.0,37.800000000000004,2
CV Raman Nagar,705.0,2.0,49.99999999999999,1
other,1200.0,2.0,34.99999999999999,3
Anandapura,1200.0,2.0,49.99999999999999,2
Talaghattapura,1804.0,3.0,126.99999999999999,3
other,750.0,2.0,19.999999999999996,2
Battarahalli,1090.0,2.0,38.370000000000005,2
Electronic City,1287.0,3.0,55.000000000000014,3
Thigalarapalya,2215.0,4.0,156.99999999999994,3
Sarjapur  Road,1045.0,2.0,42.150000000000006,2
Hormavu,1263.0,2.0,47.36000000000001,2
Whitefield,1431.0,3.0,85.00000000000001,3
Dommasandra,999.0,2.0,32.89999999999999,2
Vittasandra,1650.0,3.0,85.50000000000003,3
other,1535.0,3.0,72.0,3
Kanakpura Road,1300.0,3.0,69.00000000000001,3
7th Phase JP Nagar,2095.0,3.0,149.99999999999997,3
Ananth Nagar,500.0,1.0,13.999999999999996,1
other,1265.0,2.0,68.00000000000001,2
Kudlu Gate,1215.0,2.0,44.96,2
Electronics City Phase 1,1028.0,2.0,51.0,2
Hegde Nagar,1835.0,2.0,92.00000000000001,3
Munnekollal,1800.0,3.0,64.99999999999999,3
Dasanapura,708.0,2.0,31.150000000000002,2
Hosakerehalli,925.0,2.0,46.24999999999999,2
Kanakpura Road,458.0,1.0,33.660000000000004,1
Amruthahalli,1450.0,2.0,90.0,3
Kasavanhalli,1100.0,2.0,64.99999999999999,2
Kadubeesanahalli,1185.0,2.0,55.000000000000014,2
9th Phase JP Nagar,1900.0,4.0,79.99999999999997,4
TC Palaya,1200.0,2.0,70.00000000000003,2
other,660.0,1.0,34.99999999999999,1
Ambedkar Nagar,1920.0,4.0,121.00000000000003,3
Bhoganhalli,1205.0,2.0,68.32000000000001,2
Haralur Road,1200.0,2.0,46.0,2
Akshaya Nagar,1421.0,2.0,72.99999999999999,3
6th Phase JP Nagar,1250.0,3.0,48.900000000000006,3
Whitefield,524.0,1.0,29.000000000000004,1
Thubarahalli,1540.0,3.0,90.0,3
Sarjapur  Road,984.0,2.0,45.910000000000004,2
Rachenahalli,985.0,2.0,50.17,2
other,1140.0,2.0,59.999999999999986,2
Begur Road,1410.0,2.0,44.42000000000001,3
Raja Rajeshwari Nagar,1700.0,2.0,85.99999999999997,3
Devanahalli,1360.0,2.0,62.425,2
Dasarahalli,1333.0,2.0,86.65000000000003,2
Electronic City,1258.0,2.0,85.50000000000003,2
other,1458.0,2.0,87.0,3
Electronic City,1386.0,2.0,85.00000000000001,2
Electronic City Phase II,1140.0,2.0,32.92,2
Electronic City,550.0,1.0,27.0,1
Lakshminarayana Pura,1200.0,2.0,83.00000000000003,2
other,1081.0,2.0,38.99999999999999,2
Whitefield,2135.0,3.0,149.0,4
Whitefield,2500.0,4.0,100.00000000000004,4
other,1178.0,2.0,79.99999999999997,2
Devarachikkanahalli,991.0,2.0,40.0,2
Gottigere,1493.0,2.0,90.0,3
Subramanyapura,2495.0,3.0,129.99999999999997,3
Kammasandra,1080.0,2.0,31.990000000000006,2
Dasanapura,814.0,2.0,53.00000000000001,2
Electronic City,1025.0,2.0,49.99999999999999,2
Bannerghatta Road,1115.0,2.0,61.00000000000001,2
Whitefield,1760.0,3.0,159.99999999999994,3
other,1175.0,2.0,52.85999999999999,2
KR Puram,1100.0,2.0,44.99999999999999,2
Banashankari,1450.0,2.0,50.75000000000001,2
6th Phase JP Nagar,1810.0,3.0,130.99999999999994,3
other,1426.0,2.0,71.0,3
Kalyan nagar,1100.0,2.0,70.00000000000003,2
Electronic City Phase II,650.0,1.0,34.99999999999999,1
Old Madras Road,1350.0,3.0,47.25,3
Kaikondrahalli,900.0,2.0,27.0,2
Billekahalli,1360.0,2.0,110.00000000000004,2
Yeshwanthpur,674.0,1.0,36.849999999999994,1
Whitefield,1655.0,3.0,110.00000000000004,3
other,1300.0,2.0,95.0,2
other,936.0,1.0,53.00000000000001,1
other,1277.0,2.0,92.00000000000001,2
other,1200.0,2.0,54.00000000000001,2
Hormavu,1015.0,2.0,39.07999999999999,2
Budigere,1153.0,2.0,59.999999999999986,2
Kengeri,1035.0,2.0,51.5,2
Uttarahalli,1150.0,2.0,46.0,2
Malleshwaram,1020.0,2.0,79.99999999999997,2
8th Phase JP Nagar,1160.0,2.0,95.0,2
Bisuvanahalli,1075.0,2.0,31.0,3
Brookefield,1225.0,2.0,72.0,2
other,1350.0,3.0,59.999999999999986,3
Kanakpura Road,1300.0,3.0,69.00000000000001,3
Channasandra,830.0,2.0,36.28000000000001,2
Hennur Road,1155.0,2.0,69.17999999999999,2
Jalahalli,905.0,2.0,55.000000000000014,2
Vijayanagar,1375.0,2.0,74.99999999999997,3
other,1575.0,2.0,31.110000000000003,2
Electronic City,1140.0,2.0,33.84000000000001,2
Hormavu,1550.0,2.0,59.999999999999986,3
Kannamangala,957.0,2.0,55.000000000000014,2
9th Phase JP Nagar,890.0,2.0,44.99999999999999,2
Electronic City,1070.0,2.0,55.000000000000014,2
other,2400.0,5.0,149.99999999999997,5
Rachenahalli,925.0,2.0,36.99999999999999,2
Kammasandra,1415.0,2.0,59.999999999999986,2
Thanisandra,1225.0,2.0,36.99999999999999,2
Hennur Road,2000.0,4.0,90.0,4
Whitefield,840.0,1.0,57.00000000000001,1
Thanisandra,1732.0,3.0,111.99999999999996,3
Parappana Agrahara,1200.0,1.0,44.99999999999999,1
Bhoganhalli,1260.0,2.0,69.89999999999998,2
other,1092.0,2.0,48.99999999999999,2
other,827.0,2.0,34.00000000000001,2
Horamavu Banaswadi,1357.0,2.0,54.00000000000001,2
Chamrajpet,650.0,1.0,40.0,2
7th Phase JP Nagar,1370.0,2.0,54.78999999999998,3
Whitefield,1725.0,3.0,105.99999999999997,3
Jalahalli,1000.0,2.0,70.00000000000003,2
TC Palaya,1350.0,1.0,55.000000000000014,1
Bellandur,1717.0,3.0,110.00000000000004,3
Kanakpura Road,700.0,2.0,34.00000000000001,2
other,800.0,2.0,32.0,2
Sonnenahalli,1415.0,2.0,64.99999999999999,3
7th Phase JP Nagar,1976.0,3.0,144.99999999999997,3
Kambipura,883.0,2.0,37.01,2
Yelahanka,700.0,1.0,37.99999999999999,1
Sarjapur,1445.0,3.0,49.99999999999999,3
Battarahalli,2082.0,3.0,103.99999999999999,3
HSR Layout,1140.0,2.0,46.0,2
Thanisandra,933.0,2.0,65.99999999999997,2
Electronic City Phase II,1155.0,2.0,57.00000000000001,2
Whitefield,1130.0,2.0,36.0,2
Bannerghatta,1200.0,2.0,73.20000000000003,2
other,1055.0,2.0,43.0,2
Rajaji Nagar,1555.0,3.0,125.00000000000004,3
Bellandur,1420.0,3.0,62.00000000000001,3
Devanahalli,658.0,1.0,26.910000000000004,1
Bhoganhalli,896.9,2.0,78.73999999999997,2
KR Puram,1035.0,2.0,40.0,2
other,1839.0,3.0,159.99999999999994,3
Begur Road,1200.0,2.0,43.99999999999999,2
Yelahanka New Town,488.0,1.0,19.999999999999996,1
other,993.0,2.0,42.00000000000001,2
Hoodi,1225.0,2.0,44.99999999999999,2
TC Palaya,900.0,2.0,55.000000000000014,2
Sompura,825.0,2.0,32.0,2
Electronic City Phase II,1800.0,3.0,92.00000000000001,3
Kanakpura Road,1167.0,2.0,62.99999999999999,2
Sarjapur,1150.0,2.0,41.00000000000001,2
other,650.0,1.0,49.99999999999999,1
Sarjapur  Road,675.0,1.0,27.0,1
other,2260.0,3.0,90.0,2
other,720.0,1.0,32.39000000000001,1
Yelahanka New Town,1100.0,2.0,57.999999999999986,2
Uttarahalli,1330.0,2.0,57.999999999999986,3
other,2400.0,5.0,74.99999999999997,6
Banashankari,1770.0,3.0,108.00000000000003,3
Prithvi Layout,2100.0,3.0,125.00000000000004,3
Pai Layout,1000.0,2.0,42.00000000000001,2
Kanakpura Road,1419.59,2.0,64.99999999999999,3
Kodihalli,1400.0,3.0,81.00000000000003,3
Horamavu Agara,750.0,2.0,37.49,2
Bannerghatta,1070.0,2.0,87.0,2
Kannamangala,1536.0,3.0,106.99999999999996,3
Sarjapur  Road,1773.5,2.0,102.92000000000002,3
Electronic City,1342.0,2.0,72.0,2
other,1600.0,3.0,129.99999999999997,3
Kanakapura,938.0,1.0,49.99999999999999,1
Budigere,1820.0,3.0,98.99999999999999,3
Bhoganhalli,2439.0,4.0,170.00000000000006,4
Kanakpura Road,1665.0,3.0,78.0,3
Basavangudi,1850.0,3.0,149.99999999999997,3
Bommanahalli,1091.0,2.0,40.0,2
Sarjapur  Road,1346.0,2.0,74.02999999999999,2
JP Nagar,1060.0,2.0,33.95000000000001,2
Whitefield,1059.0,2.0,57.00000000000001,2
Hebbal,1299.0,2.0,97.0,2
Yelahanka,1491.0,3.0,85.00000000000001,3
Basaveshwara Nagar,1200.0,2.0,85.00000000000001,2
Yelahanka,2088.0,5.0,110.00000000000004,4
Hulimavu,581.0,1.0,29.000000000000004,1
other,1296.0,2.0,70.00000000000003,2
other,1125.0,2.0,55.000000000000014,2
Electronic City,1275.0,3.0,70.00000000000003,3
Kothanur,1095.0,2.0,55.000000000000014,2
Old Madras Road,1330.0,2.0,74.00000000000003,2
Marathahalli,1135.0,2.0,59.999999999999986,2
Whitefield,516.0,1.0,38.99999999999999,1
other,1194.0,2.0,51.0,2
Electronic City,770.0,1.0,37.99999999999999,2
Chikkalasandra,1355.0,3.0,54.2,3
Whitefield,1116.0,2.0,51.910000000000004,2
Bhoganhalli,1707.0,3.0,115.00000000000001,3
Sultan Palaya,1070.0,2.0,48.99999999999999,2
Tumkur Road,1240.0,2.0,83.00000000000003,3
JP Nagar,1300.0,2.0,91.65000000000003,2
Ambalipura,1700.0,2.0,76.0,2
Yeshwanthpur,1383.0,2.0,76.18000000000004,3
Electronic City,1200.0,2.0,34.650000000000006,2
Hulimavu,935.0,2.0,44.99999999999999,2
Thigalarapalya,2072.0,4.0,151.0,3
Jalahalli,615.0,1.0,46.0,1
KR Puram,1116.0,2.0,44.99999999999999,2
Whitefield,1639.0,3.0,106.99999999999996,3
Marathahalli,1839.0,3.0,129.99999999999997,3
other,1300.0,2.0,62.99999999999999,2
Horamavu Agara,625.0,1.0,27.0,1
Thanisandra,933.0,1.0,61.00000000000001,1
Ramamurthy Nagar,2316.0,3.0,125.00000000000004,3
Electronic City,1005.0,2.0,39.77,2
Horamavu Agara,1080.0,2.0,37.99999999999999,2
Vishwapriya Layout,910.0,2.0,36.0,2
Hormavu,1200.0,2.0,72.99999999999999,2
Electronic City,1110.0,2.0,39.9,2
Kothanur,1142.0,2.0,56.00000000000002,2
AECS Layout,1005.0,2.0,55.000000000000014,2
other,1626.6,3.0,133.0,3
Kothanur,1074.0,2.0,54.00000000000001,2
Basavangudi,1230.0,2.0,79.99999999999997,2
Electronic City,660.0,1.0,23.0,2
other,1007.0,2.0,48.00000000000001,2
Whitefield,1820.0,3.0,113.00000000000003,3
other,1100.0,2.0,59.999999999999986,2
other,1348.0,2.0,100.00000000000004,2
Kasavanhalli,1230.0,2.0,66.24999999999997,2
Horamavu Agara,1176.0,2.0,37.61999999999999,3
Uttarahalli,1590.0,3.0,57.00000000000001,3
Frazer Town,1200.0,2.0,78.0,2
other,1298.0,2.0,64.99999999999999,2
Hosa Road,1161.0,2.0,55.150000000000006,2
Kothanur,1285.0,2.0,59.999999999999986,2
Electronic City,1644.0,3.0,92.59000000000003,3
Kasavanhalli,1819.0,3.0,149.99999999999997,3
1st Phase JP Nagar,1205.0,2.0,85.00000000000001,2
Uttarahalli,1050.0,2.0,42.00000000000001,2
Raja Rajeshwari Nagar,1270.0,2.0,62.00000000000001,2
9th Phase JP Nagar,1240.0,2.0,39.88999999999999,3
Jigani,1221.0,3.0,70.00000000000003,3
Kanakpura Road,1339.0,2.0,62.99999999999999,2
Haralur Road,1315.0,2.0,85.00000000000001,2
Raja Rajeshwari Nagar,1250.0,2.0,68.00000000000001,2
Bisuvanahalli,850.0,2.0,27.0,2
7th Phase JP Nagar,1600.0,2.0,110.00000000000004,3
Electronic City,1250.0,2.0,62.00000000000001,2
other,1312.0,2.0,56.50000000000001,3
Electronic City Phase II,1300.0,2.0,27.999999999999996,2
Whitefield,1990.0,3.0,98.00000000000004,3
other,760.0,2.0,38.50000000000001,2
Kadugodi,1614.0,2.0,59.000000000000014,3
other,1182.0,2.0,60.09999999999999,3
other,1053.0,2.0,46.290000000000006,2
Gubbalala,2000.0,3.0,125.00000000000004,3
Electronic City Phase II,1940.0,4.0,115.99999999999999,3
Hennur Road,1590.0,3.0,104.99999999999997,3
other,1035.0,2.0,52.78999999999999,2
Kothanur,1075.0,2.0,53.00000000000001,2
TC Palaya,900.0,2.0,55.000000000000014,2
Raja Rajeshwari Nagar,1260.0,2.0,62.00000000000001,3
Thanisandra,1702.0,3.0,106.99999999999996,3
Bisuvanahalli,1080.0,2.0,64.99999999999999,3
Kasavanhalli,1189.0,2.0,44.99999999999999,2
Tumkur Road,1035.0,2.0,38.99999999999999,2
Hennur Road,1200.0,2.0,36.0,2
Kanakpura Road,1300.0,3.0,69.00000000000001,3
Yelahanka,1330.0,2.0,93.64999999999996,2
Kaggalipura,1210.0,2.0,64.99999999999999,3
Chikkalasandra,1350.0,2.0,54.2,3
Kaval Byrasandra,1900.0,2.0,64.99999999999999,3
Ambedkar Nagar,1935.0,4.0,125.00000000000004,3
other,1410.0,3.0,90.0,3
Narayanapura,1469.0,2.0,99.13999999999999,2
Varthur,986.0,2.0,30.000000000000004,2
other,1460.0,2.0,87.0,3
other,1260.0,2.0,85.04999999999997,3
Chandapura,1345.0,2.0,39.5,3
Panathur,980.0,2.0,57.00000000000001,2
Kudlu Gate,1164.0,2.0,74.99999999999997,2
Subramanyapura,929.0,1.0,51.0,2
Kundalahalli,1065.0,2.0,70.00000000000003,2
Budigere,1172.0,2.0,56.725,2
Electronic City,1020.0,2.0,30.269999999999996,2
Gunjur,1362.0,3.0,62.629999999999974,3
Yeshwanthpur,672.0,1.0,36.849999999999994,1
Brookefield,1746.0,3.0,115.00000000000001,3
Electronic City,1025.0,2.0,29.599999999999998,2
Harlur,1532.0,2.0,64.99999999999999,2
other,1250.0,2.0,64.99999999999999,2
Thanisandra,1188.0,2.0,38.99999999999999,2
Marathahalli,1170.0,2.0,85.00000000000001,2
other,1800.0,3.0,149.99999999999997,3
other,1000.0,2.0,34.99999999999999,2
Kasturi Nagar,2507.0,4.0,155.00000000000003,4
Babusapalaya,1061.0,2.0,34.00000000000001,2
KR Puram,1290.0,2.0,69.00000000000001,2
Sarjapur,1200.0,2.0,42.60000000000001,2
Bharathi Nagar,1120.0,2.0,39.29,2
Electronic City,418.0,1.0,12.0,1
Sarjapur,1333.0,3.0,49.99999999999999,3
Sarjapur  Road,1691.0,3.0,119.00000000000003,3
Thanisandra,747.0,1.0,34.355000000000004,1
Thanisandra,2030.0,4.0,125.00000000000004,3
Balagere,1012.0,2.0,70.00000000000003,2
Kudlu,1245.0,2.0,59.999999999999986,3
7th Phase JP Nagar,1765.0,3.0,118.00000000000004,3
Gottigere,1110.0,2.0,36.25,2
other,967.0,2.0,47.79999999999999,2
Sarjapur,1044.0,2.0,36.0,2
Brookefield,1518.0,3.0,79.99999999999997,3
KR Puram,1300.0,2.0,57.00000000000001,3
other,1798.0,3.0,72.99999999999999,3
KR Puram,866.28,2.0,36.38000000000001,2
Singasandra,1179.0,2.0,56.00000000000002,2
Uttarahalli,1125.0,2.0,48.00000000000001,2
Haralur Road,1976.0,3.0,92.00000000000001,3
5th Phase JP Nagar,1190.0,2.0,61.80000000000002,2
Jakkur,1761.0,3.0,84.52000000000002,3
Cooke Town,1700.0,3.0,119.99999999999997,3
Electronic City,1128.0,2.0,64.79999999999997,2
other,2000.0,3.0,85.00000000000001,3
Electronic City,1220.0,2.0,35.25,3
other,509.0,1.0,19.999999999999996,1
Ambedkar Nagar,1852.0,4.0,122.00000000000003,3
Varthur,1045.0,2.0,40.650000000000006,2
Marathahalli,1102.0,2.0,53.669999999999995,2
other,1800.0,3.0,82.00000000000001,4
Hebbal Kempapura,1436.0,2.0,74.99999999999997,3
other,1397.0,2.0,52.00000000000001,3
Kothanur,1140.0,2.0,56.00000000000002,2
Balagere,645.0,1.0,55.000000000000014,1
other,2050.0,3.0,135.00000000000003,3
Sarjapur  Road,1335.0,2.0,95.0,2
Hebbal,1255.0,3.0,77.68,3
Thanisandra,1140.0,2.0,59.000000000000014,2
Thanisandra,663.0,1.0,46.0,1
Kanakpura Road,1450.0,3.0,60.89999999999999,3
Kodichikkanahalli,1400.0,3.0,65.99999999999997,3
other,1339.0,2.0,53.55999999999999,2
Electronic City,1220.0,2.0,35.22999999999999,3
other,1305.0,2.0,52.00000000000001,2
Green Glen Layout,1740.0,3.0,79.99999999999997,3
Anekal,680.0,1.0,21.0,2
Bannerghatta Road,1154.0,2.0,46.99999999999999,2
Munnekollal,1200.0,2.0,40.0,2
Hennur,1155.0,2.0,54.50000000000001,2
Sarjapur  Road,1525.0,2.0,62.99999999999999,3
Padmanabhanagar,1100.0,2.0,59.999999999999986,2
Hormavu,1250.0,2.0,64.99999999999999,2
Kothanur,1400.0,2.0,70.00000000000003,2
other,1600.0,3.0,100.00000000000004,3
Electronic City,1060.0,2.0,55.000000000000014,2
Horamavu Banaswadi,1272.0,2.0,49.99999999999999,2
Kanakpura Road,1296.0,2.0,104.99999999999997,2
Karuna Nagar,1945.0,3.0,115.00000000000001,3
Chandapura,1033.0,2.0,30.470000000000006,3
other,2300.0,2.0,69.00000000000001,3
other,1235.0,2.0,52.760000000000005,2
other,850.0,2.0,42.50000000000001,2
Subramanyapura,1880.0,3.0,110.00000000000004,3
Kenchenahalli,1060.0,2.0,52.00000000000001,2
Hennur Road,2041.0,3.0,138.00000000000006,3
Vasanthapura,1037.0,2.0,36.28000000000001,2
other,1150.0,2.0,38.99999999999999,2
LB Shastri Nagar,1184.0,2.0,62.00000000000001,2
Sarjapur  Road,1680.0,3.0,126.0,3
Thanisandra,1411.0,3.0,100.00000000000004,3
Kanakpura Road,900.0,2.0,41.00000000000001,2
Thanisandra,1702.0,3.0,119.99999999999997,3
Yelahanka,1185.0,2.0,44.99999999999999,2
Kanakpura Road,1300.0,3.0,63.99999999999998,3
other,1545.0,3.0,64.99999999999999,3
6th Phase JP Nagar,1515.0,2.0,135.00000000000003,3
Jigani,1300.0,3.0,55.000000000000014,3
JP Nagar,1107.0,2.0,57.00000000000001,2
Old Madras Road,1720.0,3.0,105.99999999999997,3
Bannerghatta Road,1000.0,2.0,44.50000000000001,2
Electronic City,710.0,1.0,40.419999999999995,1
Thanisandra,1100.0,2.0,37.99999999999999,2
Bannerghatta Road,1250.0,2.0,48.00000000000001,2
Kaggadasapura,2400.0,4.0,129.99999999999997,5
Hegde Nagar,1584.01,3.0,103.99999999999999,3
Kammasandra,1200.0,6.0,59.999999999999986,4
Kaggadasapura,1485.0,2.0,70.00000000000003,3
Hennur Road,1100.0,2.0,78.0,3
8th Phase JP Nagar,1245.0,2.0,59.000000000000014,2
Hennur Road,1880.0,4.0,154.00000000000006,4
other,1050.0,2.0,44.99999999999999,2
Bannerghatta Road,1640.0,3.0,104.99999999999997,3
other,1165.0,2.0,64.99999999999999,2
Kengeri Satellite Town,1110.0,2.0,43.0,2
Haralur Road,1300.0,2.0,74.99999999999997,2
other,1200.0,1.0,42.00000000000001,2
Hennur Road,1232.0,2.0,69.61000000000001,2
Jalahalli,1704.0,3.0,94.35999999999997,3
7th Phase JP Nagar,1275.0,2.0,88.00000000000003,3
Sarjapur  Road,1222.0,2.0,68.00000000000001,3
Varthur,1155.0,2.0,38.99999999999999,2
Electronic City,1000.0,2.0,29.950000000000003,2
Horamavu Banaswadi,1200.0,2.0,44.99999999999999,2
Yelahanka,1517.0,3.0,71.28000000000003,3
Horamavu Agara,1166.0,2.0,37.28999999999999,2
Electronic City,870.0,2.0,24.000000000000004,2
Whitefield,1345.0,3.0,57.999999999999986,3
Dommasandra,900.0,3.0,74.99999999999997,3
Chandapura,971.0,2.0,37.99999999999999,3
Hennur,1255.0,2.0,52.32,2
EPIP Zone,1810.0,2.0,64.99999999999999,2
other,1300.0,2.0,57.999999999999986,2
Thanisandra,1185.0,2.0,44.99999999999999,2
Pattandur Agrahara,1350.0,2.0,68.00000000000001,2
Budigere,1590.0,3.0,76.16000000000003,3
Somasundara Palya,1650.0,3.0,126.0,3
other,1645.0,3.0,87.0,3
Hennur Road,1748.0,3.0,103.00000000000001,3
Channasandra,1200.0,3.0,67.77000000000001,3
Kengeri Satellite Town,1170.0,2.0,49.99999999999999,2
Hulimavu,1320.0,2.0,64.99999999999999,3
Bhoganhalli,1610.0,3.0,84.53,3
Sarjapur  Road,1510.0,2.0,110.00000000000004,3
other,1305.0,2.0,45.68000000000001,3
Mahadevpura,1500.0,2.0,70.00000000000003,3
Thanisandra,1948.0,4.0,128.99999999999997,4
Margondanahalli,1448.0,3.0,70.00000000000003,3
Sarjapur  Road,1242.0,2.0,78.0,2
Sonnenahalli,1268.0,2.0,57.999999999999986,2
Ramamurthy Nagar,1101.0,2.0,49.99999999999999,2
other,1255.0,2.0,64.99999999999999,2
Gunjur,1362.0,3.0,62.629999999999974,3
Hosa Road,1089.0,2.0,32.669999999999995,2
Uttarahalli,1345.0,2.0,57.00000000000001,3
other,1650.0,2.0,139.99999999999994,4
Kaggalipura,950.0,2.0,44.99999999999999,2
HBR Layout,1068.0,2.0,43.0,2
Yelahanka New Town,860.0,1.0,31.0,2
Yelahanka,1756.0,3.0,66.73,3
Whitefield,1205.0,2.0,41.00000000000001,2
Banashankari,1800.0,3.0,125.00000000000004,3
Hormavu,1604.0,3.0,68.00000000000001,3
Chandapura,1015.0,2.0,25.880000000000003,2
Banashankari,1200.0,2.0,42.00000000000001,3
Ananth Nagar,1010.0,2.0,37.99999999999999,2
Doddakallasandra,1010.0,2.0,41.00000000000001,2
Yelahanka,1050.0,2.0,33.10000000000001,2
Harlur,1710.0,3.0,85.00000000000001,3
Mysore Road,1248.52,3.0,115.00000000000001,3
Attibele,410.0,1.0,10.000000000000002,1
Bannerghatta Road,1656.0,2.0,62.93000000000002,3
other,1451.0,3.0,68.00000000000001,3
JP Nagar,1250.0,2.0,93.00000000000003,2
Sonnenahalli,1340.0,2.0,42.00000000000001,3
other,1100.0,2.0,38.50000000000001,2
Devarachikkanahalli,1700.0,3.0,71.0,3
KR Puram,1096.0,2.0,43.0,2
Electronic City Phase II,1160.0,2.0,33.5,2
other,1936.0,3.0,138.99999999999997,3
Nehru Nagar,1269.0,2.0,62.99999999999999,3
Panathur,1586.0,3.0,125.00000000000004,3
Rajaji Nagar,1376.0,2.0,124.00000000000003,2
Kanakpura Road,1452.0,3.0,56.50000000000001,3
Hosa Road,1538.0,3.0,106.99999999999996,3
Hosur Road,1427.0,2.0,129.99999999999997,3
other,935.0,2.0,40.0,2
other,1220.0,2.0,64.99999999999999,2
Harlur,1197.0,2.0,77.00000000000001,2
Varthur,674.0,1.0,19.900000000000002,2
Kengeri,410.0,1.0,15.0,1
Thanisandra,1573.0,3.0,90.0,3
Dodda Nekkundi,1135.0,2.0,57.999999999999986,2
other,1400.0,2.0,40.42999999999999,3
other,1200.0,1.0,64.99999999999999,1
other,1800.0,3.0,95.0,3
other,2045.0,3.0,108.00000000000003,3
Sonnenahalli,1268.0,2.0,56.00000000000002,2
Kambipura,883.0,2.0,38.99999999999999,2
Yelahanka,1600.0,3.0,100.00000000000004,3
Thanisandra,1056.0,2.0,70.00000000000003,2
KR Puram,1204.0,2.0,57.999999999999986,2
other,1410.0,2.0,54.00000000000001,3
Hennur Road,1460.0,2.0,80.29999999999998,2
Dodda Nekkundi,1100.0,2.0,41.17999999999999,2
other,1310.0,2.0,88.00000000000003,2
Sector 2 HSR Layout,1600.0,3.0,90.0,3
other,1250.0,2.0,55.000000000000014,2
Sarjapur  Road,1665.0,3.0,74.92999999999998,3
Uttarahalli,1345.0,2.0,57.00000000000001,3
Singasandra,1416.0,2.0,66.99999999999997,2
HSR Layout,1145.0,2.0,46.0,2
Jigani,1231.0,3.0,57.999999999999986,3
Yelahanka,1664.0,3.0,73.94999999999999,3
TC Palaya,2000.0,3.0,76.0,3
Rajiv Nagar,972.0,2.0,43.0,2
Bellandur,1185.0,2.0,47.39000000000001,2
Green Glen Layout,1750.0,3.0,81.00000000000003,3
Balagere,1007.0,2.0,68.00000000000001,2
Whitefield,1250.0,2.0,85.00000000000001,2
other,1200.0,2.0,54.00000000000001,2
Horamavu Agara,994.0,2.0,42.279999999999994,2
Ramamurthy Nagar,1150.0,2.0,40.0,2
Thanisandra,1220.0,2.0,46.0,2
other,1441.0,2.0,115.00000000000001,2
Old Madras Road,1157.0,2.0,47.31999999999999,2
Thigalarapalya,1400.0,2.0,104.99999999999997,2
Tindlu,1370.07,3.0,64.99999999999999,3
Judicial Layout,900.0,2.0,40.0,2
other,418.0,1.0,17.0,1
other,1200.0,3.0,79.99999999999997,3
ISRO Layout,1200.0,2.0,43.0,2
Talaghattapura,1062.0,2.0,42.47999999999999,2
Kanakpura Road,1120.0,2.0,51.0,2
Bannerghatta Road,1012.0,2.0,43.99999999999999,2
other,675.0,2.0,13.5,2
Kanakpura Road,1430.0,2.0,78.0,2
Channasandra,1195.0,2.0,56.00000000000002,3
Bisuvanahalli,1075.0,2.0,42.00000000000001,3
Hennur Road,1570.0,3.0,75.99,3
Sonnenahalli,1011.0,2.0,59.000000000000014,2
7th Phase JP Nagar,1450.0,2.0,101.99999999999996,3
Sarjapur  Road,1129.0,2.0,69.00000000000001,2
Sarjapura - Attibele Road,1126.0,2.0,36.0,2
Attibele,1200.0,3.0,110.00000000000004,3
Sarjapur  Road,1180.0,2.0,44.99999999999999,3
Hennur Road,1933.0,3.0,139.99999999999994,3
TC Palaya,1082.0,2.0,63.99999999999998,2
other,610.0,1.0,27.999999999999996,1
Kathriguppe,1300.0,3.0,77.98999999999997,3
CV Raman Nagar,1125.0,2.0,46.0,2
other,2400.0,7.0,106.99999999999996,6
Kengeri Satellite Town,777.4,2.0,24.999999999999996,2
Battarahalli,2500.0,3.0,64.99999999999999,4
Old Airport Road,1798.0,3.0,149.99999999999997,3
other,1864.0,3.0,119.99999999999997,3
Whitefield,1115.0,2.0,51.910000000000004,2
Kengeri,400.0,1.0,24.999999999999996,1
Rajaji Nagar,1200.0,2.0,70.00000000000003,2
Ananth Nagar,992.0,2.0,24.8,2
other,950.0,2.0,57.00000000000001,2
Bellandur,1200.0,2.0,62.00000000000001,2
GM Palaya,1735.0,3.0,70.00000000000003,3
HSR Layout,1009.0,2.0,56.00000000000002,2
Jalahalli,1470.0,2.0,101.99999999999996,3
Bannerghatta Road,1527.0,3.0,115.00000000000001,3
other,985.0,2.0,44.99999999999999,2
Whitefield,1277.0,2.0,77.00000000000001,2
other,1100.0,2.0,62.00000000000001,2
Whitefield,1820.0,3.0,139.99999999999994,3
other,1530.0,3.0,87.0,4
Jakkur,1880.0,4.0,110.00000000000004,3
Hennur,1255.0,2.0,52.349999999999994,2
Kanakpura Road,700.0,2.0,36.0,2
Somasundara Palya,1140.0,2.0,46.0,2
Electronic City Phase II,1025.0,2.0,29.599999999999998,2
Uttarahalli,1490.0,2.0,59.6,3
Sarjapur  Road,1850.0,3.0,139.99999999999994,3
Kaikondrahalli,1250.0,2.0,78.0,2
other,2400.0,3.0,108.00000000000003,4
Jalahalli,1244.0,2.0,88.00000000000003,2
Kengeri Satellite Town,1025.0,2.0,28.569999999999997,2
Sarjapur  Road,1034.0,2.0,37.99999999999999,2
Kengeri Satellite Town,1191.0,2.0,33.34000000000001,3
Kasavanhalli,1719.0,3.0,71.0,3
7th Phase JP Nagar,1035.0,2.0,39.33,2
Hosa Road,1470.0,2.0,84.22000000000003,3
Yelahanka,1140.0,2.0,50.65999999999999,2
Harlur,1752.12,3.0,125.00000000000004,3
Bannerghatta Road,1660.0,3.0,85.00000000000001,3
Electronic City,1275.0,3.0,63.429999999999986,3
Bommasandra Industrial Area,1365.0,3.0,52.81000000000001,3
other,1200.0,2.0,90.0,3
Kanakpura Road,2546.0,3.0,170.00000000000006,3
Banashankari Stage VI,1392.0,3.0,69.45999999999997,3
Whitefield,1245.0,2.0,59.75999999999999,2
Yeshwanthpur,1162.0,2.0,64.08000000000001,2
Singasandra,1476.0,2.0,72.99999999999999,3
KR Puram,700.0,1.0,21.499999999999996,1
Jigani,943.0,2.0,48.00000000000001,2
Sarjapur  Road,1113.0,2.0,44.50000000000001,2
Varthur,1615.0,3.0,69.42999999999998,3
other,1279.0,2.0,100.00000000000004,2
other,1256.0,2.0,59.999999999999986,2
Sompura,1350.0,3.0,64.99999999999999,3
other,1525.0,3.0,68.63000000000001,3
Rajaji Nagar,1357.0,2.0,122.99999999999994,2
Hebbal,1645.0,3.0,117.00000000000003,3
Ardendale,1777.26,3.0,92.00000000000001,3
Bisuvanahalli,845.0,2.0,32.0,2
other,900.0,2.0,24.999999999999996,2
Varthur,1210.0,2.0,64.14999999999998,2
Electronic City Phase II,829.0,2.0,22.8,2
Sarjapur  Road,1879.0,3.0,155.00000000000003,3
Hosur Road,1250.0,2.0,49.99999999999999,3
other,1200.0,2.0,34.99999999999999,4
Marathahalli,1108.0,2.0,59.999999999999986,3
Kanakpura Road,1401.0,3.0,69.00000000000001,3
Sarjapur  Road,1157.0,2.0,74.99999999999997,3
other,1185.0,2.0,42.65999999999999,2
Green Glen Layout,1751.0,3.0,115.00000000000001,3
Bannerghatta Road,1880.0,3.0,96.5,3
Whitefield,1322.5,3.0,40.985,3
Channasandra,1175.0,2.0,37.99999999999999,2
Jalahalli,1407.0,2.0,98.48999999999998,2
Yelachenahalli,1000.0,2.0,49.99999999999999,2
Electronic City,1518.0,3.0,74.99999999999997,3
Tumkur Road,1027.0,2.0,66.99999999999997,2
HSR Layout,1145.0,2.0,46.0,2
Rajaji Nagar,1260.0,2.0,113.00000000000003,2
Begur Road,1500.0,2.0,47.25,3
Varthur,1737.0,2.0,57.31999999999999,3
other,1600.0,4.0,119.99999999999997,3
Hegde Nagar,1500.0,3.0,135.00000000000003,3
other,1120.0,2.0,59.999999999999986,2
Hennur Road,1030.0,2.0,46.49999999999999,2
Gubbalala,2500.0,6.0,88.00000000000003,6
Kammasandra,1057.0,2.0,34.99999999999999,2
Thanisandra,1460.0,2.0,38.50000000000001,2
Hormavu,1075.0,2.0,53.7,2
Mysore Road,1080.0,2.0,59.999999999999986,3
Singasandra,1139.7,2.0,44.99999999999999,2
Whitefield,1074.0,2.0,42.8,2
Whitefield,1200.0,2.0,46.13,2
Sarjapur  Road,1323.0,2.0,74.00000000000003,2
Hennur Road,1232.0,2.0,69.61000000000001,2
Kalena Agrahara,900.0,2.0,40.0,2
Sarjapura - Attibele Road,740.0,1.0,23.649999999999995,1
Hebbal,1920.0,3.0,133.99999999999997,3
Bannerghatta Road,1550.0,3.0,95.99999999999999,3
Gunjur,1588.0,2.0,90.0,3
other,1308.0,2.0,85.99999999999997,2
Hennur,1340.0,2.0,54.27,3
Thanisandra,1719.0,3.0,135.00000000000003,3
Horamavu Agara,1107.83,2.0,41.510000000000005,2
Whitefield,1200.0,2.0,45.84000000000001,2
Electronic City,1090.0,2.0,31.480000000000004,1
Jakkur,1660.0,3.0,103.99999999999999,3
Nagavara,1247.0,2.0,58.560000000000024,2
Thanisandra,1595.0,3.0,95.99999999999999,3
Kaggadasapura,1175.0,2.0,49.99999999999999,2
Old Airport Road,1184.0,2.0,78.0,2
other,1100.0,2.0,55.000000000000014,2
Kaval Byrasandra,935.0,2.0,78.0,2
Yelahanka,1200.0,2.0,59.999999999999986,2
other,1000.0,2.0,44.99999999999999,2
Uttarahalli,1000.0,2.0,52.00000000000001,2
Yelahanka,1705.0,3.0,85.00000000000001,3
Tumkur Road,1060.0,2.0,58.299999999999976,3
Chikka Tirupathi,2325.0,4.0,119.99999999999997,4
other,1347.0,2.0,55.000000000000014,3
Varthur,1402.0,2.0,95.0,2
Whitefield,2280.0,4.0,125.00000000000004,3
other,1225.0,2.0,71.04999999999998,2
5th Phase JP Nagar,1080.0,2.0,53.00000000000001,2
Begur Road,1100.0,2.0,42.60000000000001,2
Bannerghatta Road,1200.0,2.0,78.0,2
Begur Road,1565.0,2.0,57.90999999999999,3
other,1200.0,3.0,78.0,2
Kothanur,1581.0,3.0,76.0,3
Abbigere,985.0,2.0,38.92,2
Sarjapur,950.0,2.0,34.99999999999999,2
other,1339.0,2.0,55.000000000000014,2
other,1449.0,3.0,72.0,3
other,1100.0,2.0,38.68,2
Hoskote,1003.5,2.0,28.095000000000006,2
other,1100.0,2.0,55.000000000000014,2
Electronic City,1140.0,2.0,32.92,2
Chandapura,800.0,1.0,30.000000000000004,2
Chikkabanavar,2000.0,4.0,64.99999999999999,5
other,1300.0,2.0,95.0,2
Kanakpura Road,1220.0,2.0,59.999999999999986,2
Whitefield,1170.0,2.0,56.00000000000002,2
other,1350.0,2.0,89.49999999999999,2
Kambipura,883.0,2.0,44.99999999999999,2
Thanisandra,1698.0,3.0,125.00000000000004,3
Electronic City Phase II,2187.5,4.0,104.99999999999997,4
Ambalipura,1060.0,2.0,58.50000000000001,2
Somasundara Palya,1185.0,2.0,74.99999999999997,2
Vittasandra,1404.0,2.0,72.0,2
Electronic City Phase II,1252.0,2.0,66.99999999999997,2
Bannerghatta Road,1885.0,3.0,125.00000000000004,3
Hormavu,980.0,2.0,42.00000000000001,2
Banashankari,1420.0,3.0,65.99999999999997,3
other,2312.0,3.0,156.0,3
other,1175.0,2.0,70.00000000000003,2
other,1145.0,2.0,51.0,2
Bhoganhalli,970.0,2.0,52.5,2
Electronic City,1125.0,2.0,32.49000000000001,2
Whitefield,1639.5,3.0,92.63000000000004,3
Ramagondanahalli,1635.0,3.0,57.00000000000001,3
Jalahalli,1200.0,2.0,65.99999999999997,1
Kathriguppe,1335.0,2.0,73.42999999999998,3
Yeshwanthpur,1166.0,2.0,64.08000000000001,2
Shivaji Nagar,1460.0,2.0,90.0,3
other,1690.0,3.0,49.99999999999999,3
other,1386.0,3.0,93.00000000000003,4
other,1090.0,2.0,32.0,2
Thanisandra,1732.0,3.0,85.72999999999998,3
Whitefield,1390.0,2.0,72.0,2
Sector 2 HSR Layout,1095.0,2.0,85.40999999999997,2
Kengeri,416.0,1.0,17.190000000000005,1
other,2400.0,2.0,49.99999999999999,3
Yelahanka,1350.0,2.0,85.00000000000001,3
Bannerghatta Road,1453.0,2.0,72.99999999999999,3
Thanisandra,1226.0,2.0,64.99999999999999,2
Hegde Nagar,1168.0,2.0,68.00000000000001,3
Bannerghatta,1776.0,3.0,124.00000000000003,3
Whitefield,1634.0,3.0,68.00000000000001,3
Hormavu,860.0,2.0,56.00000000000002,2
Nagasandra,1650.0,3.0,95.0,3
Whitefield,1190.0,2.0,70.00000000000003,2
JP Nagar,1133.0,2.0,33.99,2
other,1559.0,3.0,62.00000000000001,3
Horamavu Banaswadi,1448.0,4.0,118.00000000000004,3
Kodichikkanahalli,976.0,2.0,49.99999999999999,2
Yelahanka,1590.0,2.0,54.00000000000001,3
Yelahanka,1633.0,3.0,110.00000000000004,3
Ramagondanahalli,1151.0,2.0,46.0,2
Kereguddadahalli,1400.0,2.0,42.00000000000001,3
Uttarahalli,1037.0,2.0,36.0,2
Thanisandra,1188.0,2.0,36.0,2
other,1060.0,2.0,52.00000000000001,2
Thigalarapalya,2215.0,4.0,161.99999999999994,3
Hennur,1255.0,2.0,54.50000000000001,2
Hormavu,1075.0,2.0,53.7,2
ITPL,900.0,2.0,27.0,2
Kudlu Gate,1183.0,2.0,79.53999999999998,2
HSR Layout,1100.0,2.0,43.99999999999999,2
GM Palaya,1643.0,2.0,70.00000000000003,3
other,1500.0,2.0,119.99999999999997,3
Jakkur,1291.0,2.0,74.99999999999997,2
Hennur,1150.0,3.0,79.99999999999997,3
Electronic City,1060.0,2.0,55.000000000000014,2
7th Phase JP Nagar,1575.0,2.0,110.00000000000004,3
other,1700.0,3.0,55.000000000000014,4
Mahadevpura,1236.0,2.0,57.999999999999986,2
Ramamurthy Nagar,1350.0,2.0,38.99999999999999,3
Electronic City,1200.0,2.0,34.66,2
Hulimavu,1200.0,4.0,74.99999999999997,4
Harlur,1225.0,2.0,56.00000000000002,2
Thanisandra,1056.0,2.0,74.99999999999997,2
9th Phase JP Nagar,1240.0,2.0,42.849999999999994,3
Banashankari,1200.0,3.0,74.52000000000001,3
Kudlu Gate,1850.0,3.0,110.00000000000004,3
other,1200.0,1.0,39.82000000000001,1
Chandapura,1185.0,2.0,30.219999999999995,3
Jigani,918.0,2.0,56.00000000000002,2
other,1330.0,2.0,68.00000000000001,3
Munnekollal,1540.0,2.0,70.00000000000003,3
Lakshminarayana Pura,1200.0,2.0,79.99999999999997,2
other,927.0,2.0,36.99999999999999,2
CV Raman Nagar,1400.0,2.0,78.0,3
Hosur Road,1345.0,2.0,105.99999999999997,2
8th Phase JP Nagar,1510.0,2.0,79.99999999999997,2
Kanakpura Road,525.0,2.0,27.0,1
ITPL,1500.0,3.0,61.52000000000002,3
Yelahanka,827.5,1.0,42.535000000000004,1
Vidyaranyapura,1100.0,2.0,72.0,3
other,1200.0,3.0,68.00000000000001,3
Kanakpura Road,1100.0,3.0,53.00000000000001,3
Hormavu,2282.0,4.0,115.00000000000001,4
other,760.0,2.0,37.49,2
Sarjapur,2172.0,3.0,100.00000000000004,3
Thubarahalli,1242.0,3.0,51.0,3
Uttarahalli,1245.0,2.0,43.58,3
Kadugodi,1088.0,2.0,43.99999999999999,2
Sahakara Nagar,1200.0,2.0,46.0,2
TC Palaya,1995.0,3.0,100.00000000000004,3
Haralur Road,1309.0,2.0,82.00000000000001,2
other,1250.0,3.0,42.00000000000001,3
5th Phase JP Nagar,1041.0,2.0,54.00000000000001,2
Sarjapur  Road,1505.0,2.0,59.999999999999986,3
Bannerghatta,1776.0,3.0,149.99999999999997,3
Bellandur,1767.0,3.0,88.99999999999999,3
other,1293.0,2.0,79.99999999999997,2
Kengeri,1320.0,2.0,49.99999999999999,2
other,1280.0,2.0,68.47999999999998,2
Thanisandra,1245.0,2.0,83.04999999999998,2
Haralur Road,1027.0,1.0,43.99999999999999,2
Yelenahalli,1200.0,2.0,46.17,2
Kanakpura Road,1100.0,3.0,57.999999999999986,3
other,1065.0,3.0,72.0,3
Kannamangala,1814.0,3.0,128.99999999999997,3
Ramagondanahalli,1610.0,2.0,111.99999999999996,3
Kumaraswami Layout,850.0,1.0,78.0,1
Kasavanhalli,1600.0,3.0,79.0,3
other,1250.0,2.0,77.13000000000002,3
Haralur Road,1243.0,2.0,46.0,2
Kanakpura Road,1452.0,3.0,60.980000000000025,3
other,1475.0,3.0,74.99999999999997,3
Electronic City,1353.0,2.0,74.99999999999997,2
Electronics City Phase 1,1750.0,3.0,57.999999999999986,3
Sahakara Nagar,1270.0,2.0,95.99999999999999,2
other,1330.0,3.0,64.99999999999999,3
Electronic City,660.0,1.0,17.999999999999996,2
BTM 2nd Stage,1400.0,2.0,90.0,2
Kanakpura Road,1700.0,3.0,74.99999999999997,3
Kasavanhalli,1585.0,2.0,90.0,2
Kothanur,1385.0,3.0,66.99999999999997,3
Electronic City,1128.0,2.0,66.99999999999997,2
HSR Layout,1203.0,2.0,59.999999999999986,2
Mallasandra,905.0,2.0,34.99999999999999,2
Hennur Road,1450.0,3.0,79.0,3
Varthur,1105.0,2.0,37.99999999999999,2
Channasandra,1200.0,2.0,46.13,2
Jalahalli,1530.0,2.0,88.99999999999999,3
Whitefield,1105.0,2.0,35.4,2
Dasarahalli,1333.0,2.0,78.55999999999997,2
other,1065.0,2.0,44.99999999999999,2
Haralur Road,1243.0,2.0,46.0,2
Old Madras Road,1530.0,3.0,76.33999999999999,3
Margondanahalli,1200.0,2.0,64.99999999999999,2
Whitefield,1270.0,2.0,94.0,2
Bellandur,1830.0,3.0,88.99999999999999,3
Chandapura,900.0,2.0,34.99999999999999,2
Bannerghatta Road,1450.0,2.0,78.0,3
other,1525.0,3.0,64.99999999999999,3
Mahalakshmi Layout,1080.0,2.0,66.99999999999997,2
other,1220.0,2.0,72.0,2
Begur Road,1200.0,2.0,44.400000000000006,2
Bommanahalli,1355.0,2.0,73.16999999999999,2
other,1500.0,2.0,59.999999999999986,2
Koramangala,1355.0,2.0,95.0,2
Electronic City,1070.0,2.0,57.00000000000001,2
Bommasandra,842.0,2.0,30.000000000000004,2
Bannerghatta Road,700.0,1.0,31.199999999999996,1
other,2500.0,4.0,64.99999999999999,3
other,1884.0,3.0,95.0,3
other,1100.0,2.0,74.99999999999997,2
Raja Rajeshwari Nagar,1196.0,2.0,40.54,2
Budigere,1820.0,3.0,85.00000000000001,3
Thanisandra,1185.0,2.0,43.49999999999999,2
Varthur,2145.0,3.0,170.00000000000006,3
Whitefield,1220.0,2.0,88.99999999999999,2
Whitefield,1116.0,2.0,51.910000000000004,2
6th Phase JP Nagar,1192.0,2.0,74.99999999999997,2
Marathahalli,1449.0,3.0,110.00000000000004,3
Electronic City,1700.0,3.0,90.0,3
Hebbal,1920.0,3.0,149.99999999999997,3
other,1350.0,2.0,90.0,2
other,1700.0,3.0,74.00000000000003,3
Hoodi,1447.0,3.0,76.0,2
Kanakpura Road,1329.0,2.0,106.99999999999996,2
Sarjapur  Road,1314.0,2.0,70.44000000000003,3
other,1200.0,3.0,110.00000000000004,3
Hosa Road,1513.0,3.0,103.00000000000001,3
other,1276.0,2.0,79.99999999999997,3
Vittasandra,1246.0,2.0,67.5,2
other,705.0,1.0,64.99999999999999,1
Dasarahalli,1220.0,2.0,62.00000000000001,2
Yelahanka New Town,1800.0,2.0,44.99999999999999,3
Kaval Byrasandra,1400.0,3.0,74.99999999999997,3
Kasavanhalli,1245.0,2.0,79.99999999999997,2
other,1495.0,2.0,62.99999999999999,3
Gollarapalya Hosahalli,996.0,2.0,36.50000000000001,2
Yelahanka New Town,1000.0,2.0,43.99999999999999,2
other,1250.0,2.0,74.99999999999997,2
Chandapura,975.0,2.0,24.86,2
Thanisandra,1261.0,2.0,79.99999999999997,3
Electronics City Phase 1,1080.0,2.0,46.0,2
other,1230.0,2.0,49.99999999999999,2
Kammasandra,982.0,2.0,25.530000000000005,2
Bommasandra,1260.0,3.0,49.36000000000001,3
HSR Layout,1590.0,2.0,135.00000000000003,3
Horamavu Agara,1220.0,2.0,38.99999999999999,2
Electronic City Phase II,1320.0,2.0,38.12,3
Green Glen Layout,1750.0,3.0,104.99999999999997,3
Whitefield,1436.0,2.0,62.150000000000006,3
TC Palaya,1200.0,2.0,65.99999999999997,3
Malleshwaram,1500.0,2.0,139.99999999999994,2
Varthur,1560.0,3.0,90.0,3
other,1275.0,2.0,59.000000000000014,2
other,1040.0,2.0,36.400000000000006,2
Bellandur,2400.0,3.0,115.00000000000001,3
Karuna Nagar,1960.0,3.0,164.99999999999994,3
Yeshwanthpur,1195.0,2.0,100.00000000000004,2
Yelahanka,1195.0,2.0,53.105000000000004,2
other,648.0,1.0,40.0,1
Sarjapur  Road,2100.0,3.0,129.99999999999997,3
Kudlu,1027.0,2.0,43.99999999999999,2
Bommasandra,1365.0,3.0,52.82000000000001,3
Yelahanka New Town,650.0,1.0,17.999999999999996,1
Chandapura,1200.0,2.0,52.00000000000001,3
Cooke Town,1100.0,2.0,90.0,2
7th Phase JP Nagar,1075.0,2.0,57.00000000000001,3
Banashankari,1100.0,2.0,62.99999999999999,2
other,1320.0,2.0,57.999999999999986,3
Kammasandra,1500.0,3.0,64.99999999999999,3
Vittasandra,1246.0,2.0,67.5,2
Bhoganhalli,1718.0,3.0,90.20000000000002,3
Bisuvanahalli,1075.0,2.0,32.0,3
other,1480.0,3.0,75.48000000000003,3
other,500.0,1.0,13.0,1
Kanakpura Road,1041.0,2.0,36.440000000000005,2
other,1128.0,2.0,48.39999999999999,2
Hosur Road,1685.0,3.0,90.0,3
other,1180.0,2.0,64.99999999999999,2
other,1200.0,2.0,59.999999999999986,2
other,1250.0,3.0,39.5,3
Kanakpura Road,900.0,2.0,41.00000000000001,2
other,1000.0,2.0,44.99999999999999,2
Vittasandra,1404.0,2.0,70.00000000000003,2
Ramagondanahalli,1610.0,2.0,115.00000000000001,3
Varthur,1760.0,2.0,85.00000000000001,2
other,975.0,2.0,55.000000000000014,2
other,1190.0,2.0,42.00000000000001,2
Kudlu,1110.0,2.0,46.0,2
Gunjur,1235.0,2.0,44.50000000000001,2
other,1275.0,2.0,55.000000000000014,2
Harlur,1197.0,2.0,76.0,2
Begur Road,644.0,1.0,32.0,1
Bellandur,1251.0,2.0,46.99999999999999,2
Neeladri Nagar,1105.0,2.0,30.000000000000004,2
other,1080.0,2.0,37.99999999999999,2
Kudlu,2100.0,3.0,114.00000000000003,4
NRI Layout,1731.0,3.0,64.11,3
Hormavu,1206.0,2.0,55.000000000000014,2
Choodasandra,1560.0,3.0,78.0,3
7th Phase JP Nagar,750.0,1.0,46.99999999999999,1
Billekahalli,1035.0,2.0,90.0,2
Sarjapur  Road,702.0,1.0,35.79999999999999,1
Attibele,1700.0,3.0,64.99999999999999,3
HRBR Layout,1145.0,2.0,68.5,2
Ramamurthy Nagar,1208.0,2.0,43.49999999999999,3
Brookefield,1589.0,3.0,74.00000000000003,3
Yelahanka New Town,1426.0,2.0,61.50000000000002,3
Green Glen Layout,1885.0,3.0,135.00000000000003,3
Old Madras Road,935.0,2.0,37.769999999999996,2
Old Madras Road,1171.0,2.0,72.99999999999999,2
Singasandra,1465.0,2.0,59.999999999999986,2
Budigere,1820.0,3.0,95.0,3
Raja Rajeshwari Nagar,1580.0,2.0,66.85,3
Whitefield,1452.0,2.0,46.290000000000006,3
Hennur Road,1445.0,2.0,89.55999999999996,3
other,1170.0,2.0,38.99999999999999,2
other,1070.0,2.0,49.99999999999999,2
Kanakpura Road,1100.0,3.0,53.00000000000001,3
Kothanur,1140.0,2.0,56.00000000000002,2
other,1532.0,3.0,59.75000000000001,3
other,1150.0,2.0,46.0,2
Jakkur,1473.0,2.0,85.00000000000001,2
Kathriguppe,1350.0,3.0,80.99,3
CV Raman Nagar,1980.0,4.0,166.00000000000006,3
Hoodi,1660.0,3.0,127.99999999999997,3
Kogilu,2456.0,7.0,85.00000000000001,7
Chamrajpet,650.0,2.0,44.99999999999999,2
other,1495.0,3.0,90.0,3
R.T. Nagar,1080.0,2.0,48.00000000000001,2
Electronic City,1521.0,2.0,57.5,3
other,1053.0,2.0,51.0,2
7th Phase JP Nagar,1050.0,2.0,42.00000000000001,2
Thanisandra,1430.0,2.0,51.480000000000004,3
other,1250.0,3.0,38.99999999999999,3
other,1200.0,2.0,74.99999999999997,4
Uttarahalli,1000.0,2.0,39.5,2
Bannerghatta Road,1630.0,3.0,68.00000000000001,3
Kammasandra,985.0,2.0,40.49999999999999,2
BTM 2nd Stage,1200.0,2.0,70.00000000000003,2
Ambalipura,1650.0,3.0,100.00000000000004,3
Mico Layout,1670.0,3.0,59.000000000000014,3
Sarjapur  Road,1240.0,4.0,110.00000000000004,4
other,1000.0,2.0,59.999999999999986,2
other,830.0,2.0,26.000000000000004,2
Ramagondanahalli,1200.0,3.0,56.100000000000016,3
Begur Road,2500.0,6.0,122.50000000000004,4
Haralur Road,1140.0,2.0,43.0,2
Nagarbhavi,1635.0,3.0,85.00000000000001,3
HSR Layout,1120.0,2.0,70.00000000000003,2
Harlur,2137.0,3.0,110.00000000000004,3
Hennur Road,973.0,2.0,50.739999999999995,2
Kundalahalli,1724.0,3.0,146.0,3
Banashankari,1020.0,2.0,40.790000000000006,2
Electronic City,750.0,1.0,34.99999999999999,1
Kambipura,883.0,2.0,48.99999999999999,2
other,1470.0,2.0,59.999999999999986,3
Electronics City Phase 1,891.0,2.0,24.949999999999996,2
other,1275.0,2.0,76.0,2
Kothanur,1787.0,3.0,119.99999999999997,3
8th Phase JP Nagar,1730.0,5.0,74.99999999999997,5
Sarjapur  Road,1320.0,2.0,110.00000000000004,2
Yeshwanthpur,1692.0,3.0,108.00000000000003,3
Bannerghatta Road,1400.0,3.0,69.00000000000001,3
Sarjapur  Road,1115.0,2.0,49.99999999999999,2
Whitefield,1370.0,2.0,56.00000000000002,2
other,1602.0,3.0,56.00000000000002,3
other,793.0,1.0,40.0,1
GM Palaya,675.0,1.0,34.99999999999999,1
Whitefield,1050.0,2.0,43.0,2
Jalahalli East,1035.0,2.0,42.50000000000001,2
Sarjapur  Road,1200.0,2.0,43.99999999999999,3
Sarjapur  Road,1800.0,3.0,127.99999999999997,3
Green Glen Layout,1625.0,3.0,70.00000000000003,3
Electronics City Phase 1,1032.0,2.0,31.990000000000006,2
Whitefield,1496.0,2.0,71.81000000000002,3
other,1100.0,2.0,37.99999999999999,2
Kundalahalli,1500.0,3.0,49.99999999999999,3
Electronic City Phase II,1125.0,2.0,32.63,2
other,1555.0,3.0,72.99999999999999,3
Amruthahalli,1025.0,2.0,42.00000000000001,2
Hennur Road,1482.0,2.0,83.73,3
other,1630.0,2.0,129.99999999999997,3
Arekere,900.0,2.0,44.50000000000001,2
Yelahanka,1355.0,2.0,74.99999999999997,3
Akshaya Nagar,1200.0,2.0,44.99999999999999,2
other,1563.0,3.0,62.99999999999999,3
other,1344.0,4.0,83.99999999999999,4
5th Phase JP Nagar,812.0,2.0,42.00000000000001,2
Basaveshwara Nagar,1200.0,2.0,70.00000000000003,2
Marathahalli,1360.0,2.0,101.00000000000003,2
Hegde Nagar,1835.0,3.0,88.00000000000003,3
Rachenahalli,1756.0,3.0,110.00000000000004,3
8th Phase JP Nagar,1296.0,2.0,51.82999999999999,3
Haralur Road,1300.0,2.0,74.99999999999997,2
Anandapura,1141.0,2.0,49.99999999999999,2
Poorna Pragna Layout,1270.0,2.0,50.79,3
Electronic City,1210.0,2.0,55.000000000000014,2
Hormavu,1310.0,2.0,66.99999999999997,2
Magadi Road,1187.0,2.0,55.194999999999986,3
Gubbalala,1745.0,3.0,139.99999999999994,3
Raja Rajeshwari Nagar,1050.0,2.0,36.99999999999999,2
Electronic City Phase II,1140.0,2.0,34.00000000000001,2
Varthur,1210.0,2.0,54.00000000000001,2
Kasavanhalli,2035.0,3.0,142.00000000000003,3
Sarjapur,633.0,1.0,17.089999999999996,1
Amruthahalli,485.0,1.0,19.499999999999996,1
Varthur,1112.0,2.0,40.0,2
other,1200.0,2.0,82.00000000000001,2
other,1419.0,3.0,85.00000000000001,3
other,1195.0,2.0,42.400000000000006,2
Kundalahalli,1047.0,2.0,90.99999999999997,2
Thanisandra,1884.0,4.0,117.00000000000003,3
Bannerghatta Road,905.0,2.0,57.999999999999986,2
JP Nagar,1500.0,2.0,108.00000000000003,3
other,850.0,1.0,49.99999999999999,1
Bommasandra Industrial Area,1125.0,2.0,32.49000000000001,2
Tindlu,1165.0,2.0,59.80000000000002,2
other,933.0,2.0,55.000000000000014,2
Hennur Road,1305.0,2.0,77.00000000000001,3
Billekahalli,1125.0,2.0,64.99999999999999,2
other,865.0,2.0,33.0,2
Jigani,1245.0,3.0,65.99999999999997,3
other,1145.0,2.0,59.999999999999986,3
AECS Layout,2000.0,3.0,90.0,3
Hosa Road,625.0,1.0,43.68,1
Kundalahalli,1724.0,3.0,127.99999999999997,3
Sarjapur  Road,1270.0,2.0,54.00000000000001,3
other,1250.0,3.0,39.5,3
Jakkur,1485.0,3.0,72.0,3
7th Phase JP Nagar,990.0,2.0,49.99999999999999,2
TC Palaya,1200.0,2.0,65.99999999999997,3
Kothanur,1185.0,2.0,59.000000000000014,2
Kadubeesanahalli,1140.0,2.0,78.0,2
Ambedkar Nagar,1950.0,4.0,119.99999999999997,3
Yelahanka,1756.0,3.0,125.00000000000004,3
Chandapura,520.0,1.0,14.039999999999997,1
other,1025.0,2.0,48.00000000000001,2
Whitefield,1216.0,2.0,72.0,2
Sarjapur  Road,1026.0,2.0,60.800000000000004,2
Begur,1411.0,2.0,59.999999999999986,3
Kanakpura Road,1320.0,2.0,39.599999999999994,3
Bannerghatta,1320.0,2.0,49.99999999999999,2
Kalena Agrahara,1804.0,3.0,155.00000000000003,3
HSR Layout,1140.0,2.0,46.0,2
Banjara Layout,1200.0,4.0,104.99999999999997,4
other,1750.0,3.0,119.99999999999997,3
TC Palaya,1152.0,2.0,55.000000000000014,2
Thanisandra,965.0,2.0,54.00000000000001,2
Lingadheeranahalli,1684.0,3.0,119.99999999999997,3
Hennur Road,1672.0,3.0,85.99999999999997,3
Panathur,1075.0,2.0,59.999999999999986,2
Sarjapur,1500.0,5.0,95.0,3
other,1464.0,3.0,56.00000000000002,3
Hebbal,1420.0,2.0,99.25999999999998,2
other,750.0,2.0,40.0,2
Yeshwanthpur,1169.0,2.0,64.08000000000001,2
Devanahalli,1290.0,2.0,62.00000000000001,3
Kengeri,1160.0,2.0,40.60000000000001,2
Mysore Road,1500.0,3.0,70.00000000000003,3
other,1300.0,3.0,46.0,3
Electronic City Phase II,1310.0,2.0,37.839999999999996,3
other,2150.0,3.0,170.00000000000006,3
Kanakpura Road,1300.0,2.0,69.00000000000001,3
Kadugodi,1875.0,2.0,110.00000000000004,3
Hulimavu,1260.0,2.0,82.00000000000001,3
Kengeri,2500.0,4.0,100.00000000000004,5
Begur Road,1241.0,2.0,63.99999999999998,2
Sarjapur  Road,1025.0,2.0,45.5,2
Electronic City,1070.0,2.0,59.999999999999986,2
Begur,815.0,2.0,40.0,2
Kanakpura Road,2000.0,3.0,104.99999999999997,3
Sarjapur  Road,1216.0,2.0,70.00000000000003,2
Kanakpura Road,1200.0,2.0,62.00000000000001,2
Marathahalli,1026.0,2.0,50.18000000000001,2
Hulimavu,450.0,1.0,19.999999999999996,1
KR Puram,1205.0,2.0,45.79,2
other,1368.0,2.0,87.0,2
Anekal,420.0,1.0,12.500000000000002,1
Doddakallasandra,1270.0,2.0,42.00000000000001,2
Anekal,614.0,1.0,27.999999999999996,2
Margondanahalli,1050.0,2.0,57.999999999999986,2
Yelahanka,1408.0,2.0,57.999999999999986,2
Subramanyapura,1223.0,2.0,42.809999999999995,3
other,1507.0,3.0,79.99999999999997,3
other,1160.0,2.0,57.00000000000001,2
other,1200.0,3.0,70.00000000000003,3
Poorna Pragna Layout,960.0,2.0,49.99999999999999,2
NGR Layout,1021.0,2.0,46.0,2
Hegde Nagar,2162.03,4.0,128.99999999999997,3
Channasandra,1065.0,2.0,36.0,2
Attibele,400.0,1.0,10.25,1
Bannerghatta Road,1465.0,2.0,74.99999999999997,3
Kanakpura Road,900.0,2.0,41.00000000000001,2
Marathahalli,1800.0,3.0,95.0,3
other,1175.0,2.0,83.00000000000003,2
Sanjay nagar,1050.0,2.0,59.000000000000014,2
Electronic City Phase II,1400.0,2.0,40.42999999999999,3
Indira Nagar,1650.0,3.0,149.99999999999997,3
KR Puram,1827.0,3.0,97.0,3
Thanisandra,1930.0,4.0,122.00000000000003,3
Mysore Road,883.0,2.0,36.99999999999999,2
Kengeri,550.0,1.0,16.75,1
Electronic City,1400.0,2.0,40.44,3
Kanakapura,1290.0,2.0,38.69,3
Raja Rajeshwari Nagar,1021.0,3.0,59.000000000000014,3
Whitefield,1158.0,2.0,55.000000000000014,2
Munnekollal,1200.0,2.0,57.900000000000006,3
JP Nagar,1520.0,3.0,125.00000000000004,3
Thanisandra,777.0,1.0,38.459999999999994,1
Kenchenahalli,1150.0,2.0,57.00000000000001,2
Yelahanka,1101.0,2.0,36.99999999999999,2
Mahalakshmi Layout,1200.0,2.0,110.00000000000004,3
Hebbal,1252.0,2.0,92.00000000000001,2
Marathahalli,1650.0,3.0,85.00000000000001,3
Marathahalli,1270.0,2.0,79.99999999999997,2
Tumkur Road,992.0,2.0,70.00000000000003,2
BEML Layout,2000.0,3.0,85.00000000000001,3
other,893.0,2.0,34.50000000000001,2
Bisuvanahalli,1075.0,2.0,41.49000000000001,3
Electronic City,1190.0,2.0,42.00000000000001,2
Sarjapur  Road,1814.0,3.0,62.99999999999999,3
other,1400.0,3.0,98.00000000000004,3
Murugeshpalya,1344.0,2.0,56.00000000000002,3
Kanakpura Road,1843.0,3.0,95.0,3
other,1138.0,2.0,32.0,2
other,1495.0,2.0,70.00000000000003,3
Electronic City,880.0,2.0,18.999999999999996,2
Whitefield,1396.0,3.0,74.00000000000003,3
Garudachar Palya,1610.0,2.0,119.00000000000003,3
Tindlu,1050.0,2.0,55.000000000000014,2
other,1410.0,2.0,43.71000000000001,3
Ramamurthy Nagar,1050.0,2.0,37.800000000000004,2
Kumaraswami Layout,1310.0,2.0,85.00000000000001,3
Yelahanka,1104.0,2.0,57.999999999999986,2
Hennur Road,1165.0,2.0,66.99999999999997,2
Kudlu,1027.0,2.0,43.99999999999999,2
Hormavu,1310.0,2.0,59.999999999999986,2
other,1052.0,2.0,52.00000000000001,2
Singasandra,1464.0,3.0,56.00000000000002,3
other,1000.0,2.0,44.99999999999999,2
Electronic City,1150.0,2.0,38.07999999999999,2
Thanisandra,2019.0,3.0,70.67,3
Varthur,986.0,2.0,31.0,2
Akshaya Nagar,1893.0,4.0,95.0,3
Gollarapalya Hosahalli,1318.0,3.0,56.00000000000002,3
Yelahanka,1325.0,2.0,57.999999999999986,3
Kereguddadahalli,800.0,2.0,33.0,2
other,1300.0,3.0,42.24999999999999,3
other,1300.0,2.0,59.999999999999986,3
Jalahalli East,1010.0,2.0,52.00000000000001,2
Banashankari,1260.0,2.0,74.99999999999997,2
Ulsoor,2500.0,4.0,170.00000000000006,4
Bellandur,1665.0,3.0,85.00000000000001,3
Subramanyapura,1800.0,3.0,79.99999999999997,3
Harlur,1197.0,2.0,74.99999999999997,2
other,1050.0,2.0,44.99999999999999,2
Thanisandra,1241.0,2.0,68.00000000000001,3
other,1567.0,2.0,62.00000000000001,3
Kasavanhalli,1747.0,3.0,110.00000000000004,3
Ramagondanahalli,1475.0,2.0,55.000000000000014,3
Hennur Road,980.0,2.0,51.0,2
Dasanapura,966.0,2.0,57.999999999999986,2
Sarjapur  Road,1112.0,2.0,62.00000000000001,2
other,1760.0,3.0,90.0,3
Hennur,1830.0,2.0,113.00000000000003,3
Yelahanka,1175.0,2.0,67.77000000000001,2
Whitefield,1175.0,2.0,41.00000000000001,2
Horamavu Banaswadi,1025.0,2.0,44.99999999999999,2
Hennur Road,1232.0,2.0,79.99999999999997,2
5th Phase JP Nagar,1010.0,2.0,57.00000000000001,2
Sarjapur  Road,1273.0,2.0,59.999999999999986,2
Battarahalli,1590.0,2.0,101.99999999999996,2
other,1100.0,2.0,58.50000000000001,2
Electronic City Phase II,1252.0,2.0,64.99999999999999,3
Yelahanka,1322.0,2.0,77.89999999999998,2
7th Phase JP Nagar,1000.0,1.0,59.999999999999986,1
Harlur,1755.0,3.0,117.00000000000003,3
Electronic City Phase II,1135.0,2.0,46.0,2
Nagavarapalya,1260.0,2.0,85.50000000000003,2
Kanakpura Road,1100.0,2.0,53.00000000000001,3
Electronic City Phase II,1305.0,3.0,64.99999999999999,3
other,1236.0,2.0,49.99999999999999,2
Uttarahalli,1125.0,1.0,44.99999999999999,2
KR Puram,1075.0,2.0,32.25,2
BEML Layout,2000.0,3.0,85.00000000000001,3
Kadugodi,1150.0,2.0,42.00000000000001,2
Hennur Road,1085.0,2.0,43.4,2
Hebbal Kempapura,1785.0,3.0,164.99999999999994,3
Thanisandra,1930.0,4.0,119.99999999999997,3
other,800.0,1.0,44.99999999999999,2
Kumaraswami Layout,2450.0,3.0,110.00000000000004,4
Bannerghatta Road,1920.0,3.0,122.00000000000003,3
Kothannur,1085.0,2.0,34.20000000000001,2
Thanisandra,760.0,1.0,50.4,1
Sahakara Nagar,1201.0,2.0,79.99999999999997,2
Electronic City,1615.0,3.0,97.0,3
HSR Layout,1289.0,2.0,70.00000000000003,2
Budigere,1991.0,4.0,100.00000000000004,3
Kasavanhalli,1377.0,2.0,79.99999999999997,2
Thanisandra,663.0,1.0,32.81999999999999,1
Electronic City,1165.0,2.0,33.64999999999999,2
Thanisandra,1260.0,2.0,45.5,2
other,1095.0,2.0,38.99999999999999,2
other,1050.0,2.0,64.99999999999999,2
Seegehalli,1176.0,2.0,49.99999999999999,2
Thanisandra,1801.0,3.0,115.00000000000001,3
Whitefield,1315.0,2.0,55.000000000000014,2
Parappana Agrahara,1194.0,2.0,46.0,2
NRI Layout,2400.0,2.0,125.00000000000004,2
Uttarahalli,1308.0,2.0,53.00000000000001,3
Thanisandra,1806.0,6.0,115.99999999999999,3
Hoodi,2144.0,3.0,139.99999999999994,3
Hoskote,1065.0,2.0,33.75,2
Balagere,1205.0,2.0,66.99999999999997,2
Uttarahalli,1160.0,2.0,40.580000000000005,2
Parappana Agrahara,1194.0,2.0,46.99999999999999,2
other,1200.0,3.0,56.53000000000001,3
2nd Phase Judicial Layout,1681.0,3.0,69.00000000000001,3
Bommasandra Industrial Area,1130.0,2.0,32.64,2
Kanakpura Road,1843.0,3.0,90.0,3
Bommasandra Industrial Area,1065.0,2.0,30.749999999999996,2
Thubarahalli,1885.0,3.0,85.51999999999998,3
R.T. Nagar,1500.0,2.0,44.99999999999999,2
Panathur,1210.0,2.0,69.00000000000001,2
TC Palaya,1126.0,2.0,39.39999999999999,2
Rayasandra,1357.0,2.0,59.000000000000014,3
Whitefield,1451.0,2.0,46.39999999999999,3
Hennur Road,950.0,2.0,55.000000000000014,2
Bellandur,960.0,2.0,48.00000000000001,2
other,1625.0,3.0,92.00000000000001,3
Kaggalipura,2200.0,4.0,149.99999999999997,3
Ambalipura,1607.0,2.0,111.99999999999996,3
Kanakpura Road,900.0,2.0,46.290000000000006,2
other,1080.0,2.0,37.99999999999999,2
Hosa Road,1708.0,3.0,64.05000000000001,4
Bellandur,1690.0,2.0,115.99999999999999,3
other,2100.0,3.0,144.99999999999997,5
other,1269.0,2.0,97.0,2
Haralur Road,1243.0,2.0,46.0,2
Haralur Road,1890.0,3.0,83.99999999999999,3
Electronic City Phase II,1165.0,2.0,33.64,2
BTM Layout,1196.0,2.0,56.80999999999999,2
Parappana Agrahara,1194.0,2.0,46.99999999999999,2
Old Madras Road,1630.0,3.0,110.00000000000004,3
Whitefield,1063.0,2.0,42.52,2
other,1025.0,2.0,39.97999999999999,2
Chikkabanavar,1067.0,2.0,37.99999999999999,2
Kanakpura Road,1299.0,2.0,89.63000000000001,2
Panathur,1343.0,2.0,76.0,2
Electronics City Phase 1,1330.0,2.0,43.99999999999999,3
Mallasandra,1524.0,2.0,72.0,3
Lingadheeranahalli,2236.0,4.0,152.99999999999997,4
other,1410.0,2.0,45.120000000000005,3
Kothanur,1581.0,3.0,76.0,3
Balagere,1205.0,2.0,79.0,2
Thyagaraja Nagar,1270.0,2.0,95.25,3
other,1353.0,2.0,110.00000000000004,3
other,1200.0,2.0,68.00000000000001,2
other,1250.0,2.0,70.00000000000003,3
Sarjapur  Road,1157.0,2.0,69.00000000000001,3
Kanakapura,825.0,1.0,35.475,1
Sarjapur  Road,1000.0,2.0,40.0,2
Yelahanka,602.0,1.0,33.0,1
Hoodi,1108.0,2.0,66.45999999999998,2
Thyagaraja Nagar,1040.0,2.0,68.00000000000001,2
Sarjapur,1451.0,2.0,87.0,2
Raja Rajeshwari Nagar,1196.0,2.0,40.54,2
Kanakpura Road,850.0,1.0,37.31999999999999,1
other,900.0,2.0,40.0,2
Kudlu,720.0,1.0,33.0,1
Thanisandra,1573.0,3.0,115.00000000000001,3
Sarjapur  Road,1026.0,2.0,60.800000000000004,2
CV Raman Nagar,1400.0,2.0,78.0,3
Electronic City Phase II,1400.0,2.0,40.44,3
Banashankari Stage III,2100.0,3.0,146.99999999999997,4
Sarjapur  Road,1150.0,2.0,48.49999999999999,2
Raja Rajeshwari Nagar,1500.0,3.0,88.00000000000003,3
Kothanur,1790.0,3.0,104.99999999999997,3
Ramagondanahalli,1125.0,2.0,74.99999999999997,2
Hennur,1830.5,3.0,84.20499999999998,3
Marathahalli,1100.0,2.0,49.99999999999999,2
7th Phase JP Nagar,1276.0,2.0,51.0,2
Banaswadi,1105.0,2.0,57.00000000000001,2
Thanisandra,1110.0,2.0,46.49999999999999,2
Dasanapura,708.0,1.0,41.00000000000001,1
Kudlu,1027.0,2.0,43.99999999999999,2
other,1600.0,3.0,100.00000000000004,3
Sarjapur  Road,1205.0,2.0,36.99999999999999,2
5th Phase JP Nagar,1450.0,2.0,72.99999999999999,3
other,540.0,1.0,22.000000000000004,1
Dasarahalli,1200.0,2.0,42.00000000000001,2
Kalena Agrahara,1837.0,2.0,95.0,3
Whitefield,1346.0,2.0,76.01,2
Balagere,1012.0,2.0,68.00000000000001,2
other,1125.0,2.0,55.000000000000014,2
Kaggadasapura,1500.0,2.0,59.999999999999986,3
Harlur,1197.0,2.0,79.89999999999998,2
Chandapura,1230.0,2.0,31.37,3
BTM 2nd Stage,1100.0,2.0,46.99999999999999,2
other,1563.0,2.0,52.00000000000001,3
Sarjapur  Road,1600.0,3.0,119.99999999999997,3
Green Glen Layout,1715.0,3.0,119.99999999999997,3
Ramagondanahalli,1151.0,2.0,42.50000000000001,2
Uttarahalli,1123.0,2.0,59.999999999999986,2
Whitefield,1276.0,2.0,69.49999999999997,2
Yelahanka,1315.0,2.0,77.00000000000001,2
Poorna Pragna Layout,1270.0,2.0,50.79,3
R.T. Nagar,1325.0,2.0,52.00000000000001,2
Varthur,1600.0,3.0,63.2,3
Jakkur,1660.0,3.0,103.99999999999999,3
Kodichikkanahalli,1299.0,2.0,57.999999999999986,2
Gunjur,1457.0,2.0,59.999999999999986,2
Varthur,1000.0,1.0,64.99999999999999,2
Mallasandra,1100.0,2.0,76.29999999999997,3
Yelahanka,1075.0,2.0,33.529999999999994,3
Kanakpura Road,1450.0,3.0,51.0,3
Bellandur,950.0,1.0,40.0,1
other,1013.0,2.0,59.999999999999986,2
Hennur Road,1140.0,2.0,56.00000000000002,2
Yelahanka,1430.0,3.0,61.00000000000001,3
other,1600.0,3.0,77.00000000000001,3
other,1190.0,2.0,48.00000000000001,2
other,1625.0,3.0,95.0,3
other,1210.0,2.0,53.00000000000001,2
Lakshminarayana Pura,1615.0,3.0,149.99999999999997,3
Kalena Agrahara,1180.0,2.0,85.00000000000001,2
Nagasandra,1500.0,2.0,90.99999999999997,2
Bellandur,850.0,2.0,44.99999999999999,2
Kothanur,1130.0,2.0,55.000000000000014,2
CV Raman Nagar,907.0,2.0,37.99999999999999,2
HRBR Layout,1300.0,2.0,90.0,2
Hennur Road,1891.0,3.0,110.00000000000004,3
Hennur Road,1735.0,3.0,78.0,3
Bisuvanahalli,1075.0,2.0,33.0,3
Uttarahalli,1590.0,3.0,57.00000000000001,3
other,1600.0,5.0,139.99999999999994,5
other,1160.0,2.0,55.000000000000014,2
other,930.0,1.0,55.000000000000014,2
Devanahalli,1010.0,2.0,57.999999999999986,2
Electronic City,1221.0,2.0,68.00000000000001,2
Hoodi,1108.0,2.0,87.48000000000002,2
Sarjapur  Road,1370.0,2.0,70.00000000000003,2
Banashankari Stage V,920.0,2.0,41.49999999999999,2
Bhoganhalli,1277.0,2.0,79.89000000000003,2
Horamavu Agara,1213.0,2.0,38.1,2
Singasandra,1653.0,3.0,85.00000000000001,3
Sarjapur,2400.0,3.0,139.99999999999994,4
Electronics City Phase 1,1321.0,2.0,40.0,3
Kanakpura Road,1570.0,3.0,68.00000000000001,3
other,1053.0,2.0,43.99999999999999,2
other,1325.0,2.0,56.00000000000002,3
other,1169.0,2.0,50.109999999999985,2
Badavala Nagar,1274.0,2.0,90.0,2
Whitefield,1317.0,2.0,52.00000000000001,2
Lakshminarayana Pura,1195.0,2.0,74.99999999999997,2
Kammasandra,940.0,2.0,34.99999999999999,2
Budigere,1820.0,3.0,95.5,3
Kanakpura Road,1450.0,3.0,53.60000000000001,3
Whitefield,1615.0,3.0,96.89999999999999,3
Nagarbhavi,2200.0,2.0,98.99999999999999,3
Subramanyapura,985.0,2.0,62.50000000000002,2
Electronics City Phase 1,1116.0,2.0,33.0,2
Attibele,656.0,2.0,24.999999999999996,2
Kaggadasapura,1105.0,2.0,39.5,2
Whitefield,1220.0,2.0,55.000000000000014,2
Hoodi,1400.0,3.0,74.00000000000003,3
Uttarahalli,1000.0,2.0,34.99999999999999,2
Bannerghatta Road,1660.0,3.0,79.99999999999997,3
Uttarahalli,1330.0,2.0,57.00000000000001,3
Old Madras Road,1165.0,2.0,52.00000000000001,2
Budigere,1153.0,2.0,56.00000000000002,2
Bannerghatta Road,1270.0,2.0,44.99999999999999,2
other,1070.0,2.0,37.99999999999999,2
other,1427.0,2.0,85.00000000000001,3
Banashankari Stage III,1420.0,2.0,95.0,3
Kothanur,1600.0,5.0,129.99999999999997,4
Bellandur,1454.0,2.0,90.0,2
Whitefield,1116.0,2.0,48.75999999999999,2
Sarjapur  Road,1346.0,2.0,74.02999999999999,2
other,1062.0,2.0,49.99999999999999,2
other,700.0,1.0,25.499999999999996,1
JP Nagar,1405.0,2.0,98.99999999999999,2
Doddathoguru,1100.0,2.0,49.99999999999999,2
Chikka Tirupathi,2153.0,4.0,119.99999999999997,3
Ulsoor,2135.0,3.0,170.00000000000006,3
Uttarahalli,1125.0,2.0,46.99999999999999,2
2nd Phase Judicial Layout,1350.0,2.0,47.25,3
Pai Layout,1068.0,2.0,48.00000000000001,2
Doddathoguru,940.0,2.0,32.89999999999999,2
Hosa Road,1063.0,2.0,32.78999999999999,2
Brookefield,1382.0,2.0,84.5,2
Harlur,936.0,2.0,44.99999999999999,2
KR Puram,1400.0,2.0,59.999999999999986,3
Sarjapur  Road,475.0,1.0,26.000000000000004,1
other,1450.0,3.0,64.99999999999999,3
Kudlu,1162.0,2.0,52.00000000000001,2
Hosa Road,1161.0,2.0,48.74999999999999,2
Green Glen Layout,1623.29,2.0,104.99999999999997,3
Brookefield,1260.0,2.0,70.00000000000003,2
Murugeshpalya,1500.0,2.0,70.00000000000003,3
Budigere,705.0,1.0,34.544999999999995,1
Nagarbhavi,1100.0,2.0,46.2,2
Whitefield,1400.0,2.0,56.00000000000002,3
Ramagondanahalli,2257.0,3.0,155.00000000000003,3
Budigere,1153.0,2.0,56.50000000000001,2
Sarjapur  Road,1197.0,2.0,56.86000000000001,2
other,1150.0,2.0,90.0,2
other,595.0,1.0,40.0,1
Hoodi,1837.0,3.0,110.00000000000004,3
Bellandur,1830.0,3.0,91.86000000000003,3
Green Glen Layout,1715.0,3.0,115.00000000000001,3
Electronic City,970.0,2.0,34.99999999999999,2
Vidyaranyapura,2400.0,5.0,135.00000000000003,4
Raja Rajeshwari Nagar,1168.0,2.0,65.99999999999997,2
Begur Road,1160.0,2.0,36.540000000000006,2
other,1500.0,3.0,74.99999999999997,3
ITPL,850.0,2.0,25.399999999999995,2
Ramamurthy Nagar,935.0,2.0,38.99999999999999,2
Doddaballapur,654.0,1.0,48.99999999999999,1
other,1300.0,2.0,33.0,2
Kaggalipura,950.0,2.0,59.999999999999986,2
other,1250.0,3.0,54.00000000000001,3
Doddakallasandra,1072.0,2.0,42.87,2
other,1425.0,2.0,64.99999999999999,3
Uttarahalli,1165.0,1.0,42.089999999999996,2
Kathriguppe,1390.0,2.0,69.49000000000001,3
Kalena Agrahara,1510.0,3.0,78.0,3
Thanisandra,1305.0,2.0,90.0,2
Kodigehaali,866.0,2.0,32.0,2
Hulimavu,1231.0,2.0,84.5,2
Sompura,1360.0,2.0,44.99999999999999,3
Yeshwanthpur,2500.0,3.0,138.00000000000006,3
Whitefield,1140.0,2.0,55.000000000000014,2
Kanakpura Road,525.0,1.0,30.000000000000004,1
Whitefield,1295.0,2.0,64.49999999999999,2
Hormavu,1020.0,2.0,45.74999999999999,2
other,1200.0,1.0,49.99999999999999,2
Vidyaranyapura,1100.0,2.0,41.00000000000001,2
Kothannur,820.0,2.0,36.99999999999999,2
Kalena Agrahara,1354.0,2.0,70.00000000000003,2
Garudachar Palya,1154.0,2.0,51.8,2
7th Phase JP Nagar,1680.0,2.0,92.00000000000001,3
Electronics City Phase 1,1205.0,2.0,59.999999999999986,2
Raja Rajeshwari Nagar,1400.0,2.0,85.99999999999997,3
other,1625.0,3.0,149.99999999999997,3
Electronic City,1500.0,3.0,72.99999999999999,3
Bannerghatta Road,1520.0,2.0,79.99999999999997,3
other,1300.0,3.0,64.99999999999999,2
other,1150.0,2.0,46.99999999999999,2
Kadugodi,1762.0,3.0,108.99999999999997,3
Budigere,1153.0,2.0,57.999999999999986,2
Sompura,1350.0,2.0,46.99999999999999,3
Billekahalli,950.0,2.0,56.00000000000002,2
other,1515.0,3.0,80.5,3
Neeladri Nagar,1100.0,2.0,30.000000000000004,2
other,1250.0,2.0,64.99999999999999,2
5th Phase JP Nagar,2500.0,8.0,95.0,7
Hoskote,1200.0,4.0,100.00000000000004,4
Yelahanka,1355.0,2.0,51.5,3
other,1115.0,3.0,39.14,3
8th Phase JP Nagar,1275.0,3.0,44.99999999999999,3
Padmanabhanagar,2051.0,3.0,170.00000000000006,3
BTM Layout,1470.0,2.0,98.99999999999999,3
other,1550.0,2.0,70.00000000000003,3
Bannerghatta Road,1270.0,2.0,72.99999999999999,3
Bhoganhalli,2119.0,4.0,110.99999999999997,4
Kudlu Gate,1320.0,2.0,49.99999999999999,3
other,2505.0,3.0,164.99999999999994,3
other,1410.0,2.0,54.00000000000001,3
Whitefield,1200.0,2.0,70.00000000000003,2
other,1705.0,2.0,86.96000000000001,3
Electronic City,995.0,2.0,48.00000000000001,2
Horamavu Banaswadi,1081.0,2.0,52.00000000000001,2
Parappana Agrahara,1194.0,2.0,46.0,2
Sonnenahalli,605.0,1.0,30.240000000000002,1
Yelahanka,567.0,1.0,24.999999999999996,1
Banashankari Stage VI,1410.5,2.0,70.38499999999998,3
Green Glen Layout,1715.0,3.0,104.99999999999997,3
Bannerghatta Road,1846.0,3.0,119.99999999999997,3
Whitefield,1015.0,2.0,56.00000000000002,2
Thanisandra,1100.0,2.0,36.0,2
Thanisandra,1965.0,4.0,125.00000000000004,3
NGR Layout,1021.0,2.0,45.9,2
Haralur Road,1230.0,2.0,67.65000000000002,2
Uttarahalli,1260.0,2.0,55.000000000000014,2
Lingadheeranahalli,1894.0,4.0,114.00000000000003,3
Jakkur,1950.0,3.0,130.99999999999994,3
Sector 2 HSR Layout,1231.0,2.0,65.99999999999997,2
Mahadevpura,1236.0,2.0,57.999999999999986,2
R.T. Nagar,1800.0,3.0,119.99999999999997,4
other,1650.0,3.0,135.00000000000003,3
Begur,1443.0,2.0,70.00000000000003,3
other,925.0,2.0,68.00000000000001,2
Chandapura,1305.0,3.0,33.279999999999994,3
other,1190.0,2.0,46.410000000000004,2
Uttarahalli,1284.0,2.0,53.36,2
Chikkalasandra,1325.0,2.0,59.000000000000014,2
Kudlu Gate,1183.0,2.0,79.53999999999998,2
other,1750.0,3.0,100.00000000000004,3
other,747.0,1.0,27.0,1
Electronic City,1342.0,2.0,90.0,2
other,1113.0,2.0,52.00000000000001,2
other,1738.0,3.0,110.00000000000004,3
Brookefield,1206.0,2.0,90.0,2
Hebbal,1162.0,2.0,59.000000000000014,2
Parappana Agrahara,1194.0,2.0,46.0,2
Sarjapur  Road,1857.0,4.0,155.00000000000003,3
Uttarahalli,1150.0,2.0,45.99000000000001,2
Chikkalasandra,1290.0,2.0,72.0,2
Sanjay nagar,1150.0,2.0,70.00000000000003,2
Yeshwanthpur,1160.0,2.0,64.08000000000001,2
other,900.0,2.0,27.0,2
Electronic City,1320.0,2.0,38.12,3
Lingadheeranahalli,2240.0,4.0,159.99999999999994,4
Electronics City Phase 1,891.0,2.0,26.000000000000004,2
Ambedkar Nagar,1852.0,3.0,125.00000000000004,3
Chandapura,1323.0,2.0,42.00000000000001,3
Vittasandra,1404.0,2.0,67.5,2
Dodda Nekkundi,1370.0,2.0,59.999999999999986,2
Uttarahalli,1385.0,2.0,48.480000000000004,3
Gollarapalya Hosahalli,1129.0,2.0,49.99999999999999,2
Mahalakshmi Layout,1876.0,3.0,149.99999999999997,3
other,1720.0,3.0,95.0,3
Jalahalli East,1200.0,4.0,79.99999999999997,4
Mysore Road,1175.0,2.0,86.67999999999999,2
Hosa Road,1893.0,3.0,129.99999999999997,3
Whitefield,1430.0,3.0,52.00000000000001,3
other,850.0,2.0,44.99999999999999,2
CV Raman Nagar,1392.0,2.0,110.00000000000004,2
Kanakpura Road,1938.0,3.0,104.99999999999997,3
other,1020.0,2.0,52.00000000000001,2
HBR Layout,1832.0,3.0,159.99999999999994,3
Konanakunte,1423.0,2.0,85.00000000000001,3
Jakkur,1432.0,2.0,85.00000000000001,2
CV Raman Nagar,1480.0,3.0,64.99999999999999,3
Kanakpura Road,1843.0,3.0,96.19999999999997,3
Hulimavu,1916.0,2.0,149.99999999999997,3
Hennur,1255.0,2.0,55.499999999999986,2
Yelenahalli,1160.0,2.0,44.07999999999999,2
Bommanahalli,1160.0,2.0,53.00000000000001,2
Lakshminarayana Pura,1200.0,2.0,79.99999999999997,2
7th Phase JP Nagar,1100.0,2.0,43.99999999999999,2
Ramagondanahalli,1500.0,3.0,100.00000000000004,3
Electronic City Phase II,1336.0,2.0,50.35,3
Choodasandra,1065.0,2.0,46.0,2
Hebbal,1294.0,2.0,115.00000000000001,2
Rachenahalli,1550.0,3.0,68.5,3
Whitefield,1216.0,2.0,74.99999999999997,2
other,1005.0,2.0,40.0,2
7th Phase JP Nagar,1430.0,2.0,101.99999999999996,3
Hoodi,1660.0,3.0,125.00000000000004,3
Thanisandra,1430.0,2.0,56.00000000000002,3
Hennur Road,1470.0,2.0,74.99999999999997,3
Jalahalli,1045.0,2.0,76.77000000000002,2
Anjanapura,950.0,2.0,30.000000000000004,2
Doddathoguru,1382.0,3.0,64.99999999999999,3
BTM 2nd Stage,930.0,2.0,46.0,2
Sarjapur  Road,1660.0,2.0,115.99999999999999,3
other,1290.0,2.0,71.94999999999997,2
Whitefield,1010.0,2.0,44.99999999999999,3
Dodda Nekkundi,1200.0,2.0,71.0,2
other,1650.0,3.0,139.99999999999994,3
Budigere,1636.0,3.0,88.00000000000003,3
Budigere,1153.0,2.0,56.550000000000004,2
Hegde Nagar,2087.01,4.0,159.99999999999994,3
LB Shastri Nagar,1200.0,2.0,46.99999999999999,2
HSR Layout,1844.0,3.0,88.99999999999999,3
Hosa Road,1276.0,3.0,110.00000000000004,3
Begur Road,1215.0,2.0,43.74999999999999,2
Sarjapur  Road,1194.0,2.0,57.00000000000001,2
other,1220.0,2.0,52.00000000000001,2
Kanakpura Road,525.0,1.0,26.000000000000004,1
Bommasandra,955.0,2.0,37.970000000000006,2
other,2000.0,5.0,74.99999999999997,5
Magadi Road,884.0,2.0,48.00000000000001,2
Kathriguppe,1250.0,2.0,68.75000000000001,2
Bellandur,1195.0,2.0,52.00000000000001,2
other,2559.0,1.0,55.000000000000014,1
Begur,1200.0,2.0,33.0,2
Sarjapur  Road,984.0,2.0,45.74999999999999,2
Bommasandra,1089.0,2.0,40.0,2
Hennur Road,1165.0,2.0,52.00000000000001,2
Chandapura,410.0,1.0,10.000000000000002,1
Hennur,1482.0,3.0,110.00000000000004,3
Ramamurthy Nagar,1200.0,2.0,68.00000000000001,2
Kanakapura,1938.0,3.0,113.00000000000003,3
Hormavu,1166.0,2.0,34.97,3
Chikkalasandra,1275.0,2.0,55.45999999999999,3
Mico Layout,1140.0,2.0,43.0,2
other,720.0,1.0,27.999999999999996,1
other,1100.0,2.0,90.0,2
Sector 7 HSR Layout,1162.0,2.0,98.77000000000001,2
Ramamurthy Nagar,540.0,1.0,34.99999999999999,1
Rachenahalli,1550.0,2.0,73.49999999999997,3
other,1220.0,2.0,59.999999999999986,2
Doddathoguru,964.0,2.0,62.00000000000001,2
other,1500.0,3.0,49.99999999999999,3
Sarjapur  Road,1347.0,2.0,43.99999999999999,3
Bannerghatta,1120.0,2.0,42.50000000000001,2
other,600.0,1.0,22.8,1
Whitefield,2321.0,4.0,156.99999999999994,3
other,540.0,1.0,24.000000000000004,1
Hebbal,1150.0,2.0,57.00000000000001,2
Sonnenahalli,1484.0,3.0,74.99999999999997,3
Ramagondanahalli,1680.0,2.0,68.00000000000001,3
other,620.0,2.0,23.0,2
other,1650.0,3.0,78.0,3
other,1250.0,3.0,43.99999999999999,3
other,2072.0,3.0,108.00000000000003,3
Sarjapur  Road,1105.0,2.0,40.0,2
Vidyaranyapura,1200.0,2.0,60.50000000000001,2
Banashankari,1340.0,2.0,53.60000000000001,3
Haralur Road,1194.0,2.0,46.0,2
Vittasandra,1246.0,2.0,64.99999999999999,2
Old Airport Road,1055.0,2.0,74.99999999999997,2
Hosa Road,1541.0,3.0,69.61000000000001,3
Harlur,1370.0,2.0,88.00000000000003,2
Whitefield,1224.0,2.0,74.99999999999997,2
Kambipura,883.0,2.0,38.99999999999999,2
Yeshwanthpur,1676.0,3.0,92.12999999999997,3
other,1154.0,2.0,57.00000000000001,2
Kanakpura Road,1610.0,3.0,78.50000000000003,3
other,1057.0,2.0,42.00000000000001,2
Raja Rajeshwari Nagar,1157.0,2.0,64.99999999999999,2
other,1200.0,4.0,85.00000000000001,4
other,980.0,2.0,34.99999999999999,2
Sarjapur  Road,1140.0,2.0,40.0,2
Raja Rajeshwari Nagar,1206.0,2.0,40.70000000000001,2
Electronic City Phase II,575.0,1.0,16.75,1
Horamavu Agara,1300.0,2.0,52.00000000000001,3
other,1270.0,2.0,35.56000000000001,3
Electronic City,1128.0,2.0,63.49999999999999,2
Electronics City Phase 1,640.0,1.0,44.99999999999999,1
TC Palaya,1200.0,2.0,65.99999999999997,3
Kanakapura,1090.0,2.0,38.15,2
Electronic City,589.0,1.0,29.000000000000004,1
Electronic City,1125.0,2.0,28.130000000000003,2
Kogilu,1140.0,2.0,50.65999999999999,2
Kundalahalli,1315.0,2.0,74.00000000000003,2
Bellandur,1435.0,2.0,115.00000000000001,3
Haralur Road,1092.0,2.0,43.99999999999999,2
Kadugodi,1314.0,2.0,79.99999999999997,2
Koramangala,1260.0,2.0,100.00000000000004,2
Nagarbhavi,1080.0,2.0,48.99999999999999,2
Mysore Road,1082.0,2.0,44.99999999999999,3
Jakkur,1150.0,3.0,64.99999999999999,3
Hennur Road,1052.0,2.0,34.720000000000006,2
Yelahanka,1045.0,2.0,44.99999999999999,2
Kodigehaali,1442.0,3.0,79.99999999999997,3
Kaggadasapura,1500.0,2.0,74.99999999999997,3
Hennur,1255.0,2.0,53.57,2
other,1432.0,3.0,79.0,3
Kundalahalli,2100.0,3.0,149.99999999999997,3
Hennur Road,1450.0,2.0,79.99999999999997,2
Sarjapur  Road,1346.0,2.0,69.61000000000001,2
Kumaraswami Layout,1200.0,2.0,29.000000000000004,2
Electronic City Phase II,925.0,2.0,49.82,3
Dasarahalli,1160.0,2.0,48.99999999999999,2
Lingadheeranahalli,1768.0,3.0,81.30999999999997,3
Kothanur,1094.0,2.0,54.00000000000001,2
other,1500.0,3.0,90.0,3
Gubbalala,1745.0,3.0,129.99999999999997,3
Sonnenahalli,1550.0,3.0,49.99999999999999,3
Rajiv Nagar,2340.0,5.0,159.99999999999994,4
Whitefield,1655.0,3.0,113.00000000000003,3
Battarahalli,2024.0,3.0,103.00000000000001,3
Jalahalli,1575.0,4.0,100.00000000000004,3
Iblur Village,1920.0,3.0,129.99999999999997,3
Kambipura,1082.0,2.0,55.000000000000014,3
BTM 2nd Stage,1265.0,2.0,55.000000000000014,3
other,1100.0,2.0,44.99999999999999,3
Margondanahalli,1160.0,2.0,64.99999999999999,2
Vittasandra,1246.0,2.0,67.39999999999998,2
Hosa Road,615.0,1.0,43.07999999999999,1
7th Phase JP Nagar,1128.0,2.0,59.999999999999986,2
other,1260.0,2.0,55.000000000000014,2
Bellandur,1830.0,3.0,89.88999999999996,3
Sarjapur,1525.0,2.0,68.00000000000001,3
Yelahanka,602.0,2.0,30.000000000000004,1
Hegde Nagar,1835.0,3.0,88.99999999999999,3
Kanakpura Road,1250.0,3.0,62.59999999999997,3
other,1200.0,4.0,110.00000000000004,4
Murugeshpalya,1855.0,3.0,95.99999999999999,3
Kanakpura Road,1450.0,3.0,60.909999999999975,3
Sarjapur  Road,2089.0,3.0,147.99999999999994,3
Haralur Road,1464.0,3.0,56.00000000000002,3
Begur Road,1200.0,2.0,44.73,2
Sarjapur,1095.0,2.0,44.99999999999999,2
Kothanur,1170.0,3.0,79.99999999999997,3
6th Phase JP Nagar,1280.0,2.0,88.00000000000003,2
Rajaji Nagar,1224.0,2.0,104.99999999999997,2
Thanisandra,1694.0,3.0,125.00000000000004,3
Electronic City,825.0,2.0,30.000000000000004,2
Sarjapur  Road,1612.0,3.0,98.38,3
Chandapura,985.0,2.0,25.12,2
Murugeshpalya,1175.0,2.0,74.99999999999997,2
other,600.0,1.0,24.000000000000004,1
Whitefield,1740.0,3.0,85.00000000000001,3
other,1770.0,3.0,98.99999999999999,3
Horamavu Agara,1090.0,2.0,46.0,2
other,1800.0,3.0,129.99999999999997,3
Jigani,1221.0,3.0,64.99999999999999,3
8th Phase JP Nagar,1046.0,2.0,48.00000000000001,2
Uttarahalli,1290.0,2.0,56.11999999999999,3
Electronic City Phase II,1065.0,2.0,30.760000000000005,2
Ambedkar Nagar,1850.0,4.0,121.00000000000003,3
Battarahalli,1097.0,2.0,48.99999999999999,2
Kalena Agrahara,1200.0,3.0,70.00000000000003,2
Varthur,2160.0,3.0,170.00000000000006,3
Anekal,1140.0,2.0,52.00000000000001,2
Thigalarapalya,1297.0,2.0,98.00000000000004,2
Padmanabhanagar,1150.0,2.0,49.99999999999999,2
other,1375.0,2.0,44.99999999999999,2
Babusapalaya,1245.0,2.0,57.999999999999986,2
Brookefield,1594.0,3.0,139.99999999999994,3
TC Palaya,1200.0,2.0,65.99999999999997,3
Chandapura,645.0,1.0,16.450000000000003,1
Kanakpura Road,700.0,2.0,36.0,2
Raja Rajeshwari Nagar,1000.0,2.0,49.99999999999999,2
Begur Road,1160.0,2.0,42.00000000000001,2
other,1570.0,2.0,95.0,3
Sarjapur  Road,1290.0,2.0,88.00000000000003,2
Kudlu Gate,1200.0,2.0,44.400000000000006,2
other,1145.0,2.0,43.99999999999999,2
Chikkabanavar,1320.0,2.0,46.0,3
Electronic City Phase II,1065.0,2.0,30.749999999999996,2
Whitefield,1650.0,3.0,48.00000000000001,3
Sarjapur  Road,1371.0,2.0,85.99999999999997,2
Electronic City,1575.0,3.0,94.50000000000001,3
Yelahanka,1362.0,2.0,65.99999999999997,2
Haralur Road,1255.0,3.0,90.0,3
Whitefield,925.0,2.0,34.99999999999999,2
Electronics City Phase 1,1088.0,2.0,30.459999999999997,2
Yelahanka,1234.0,2.0,79.99999999999997,2
Sarjapur  Road,2140.0,3.0,138.99999999999997,3
Thubarahalli,1584.0,3.0,101.00000000000003,3
Whitefield,1175.0,2.0,49.99999999999999,2
Sarjapura - Attibele Road,1555.0,3.0,52.00000000000001,3
Chandapura,645.0,1.0,16.450000000000003,1
Dodda Nekkundi,1585.0,2.0,79.0,3
Kalena Agrahara,1354.0,2.0,71.0,2
other,1165.0,2.0,44.99999999999999,2
Kumaraswami Layout,1200.0,3.0,74.99999999999997,3
Hebbal,1740.0,2.0,137.00000000000003,3
Rachenahalli,985.0,2.0,50.17,2
Chandapura,1200.0,2.0,36.0,2
other,1340.0,2.0,46.99999999999999,3
Begur Road,1583.0,3.0,95.22999999999999,3
Bannerghatta Road,1122.5,2.0,61.73999999999999,2
Thanisandra,1573.0,3.0,100.00000000000004,3
CV Raman Nagar,1227.0,2.0,42.88000000000001,2
other,1210.0,2.0,59.999999999999986,2
Basavangudi,1650.0,3.0,125.00000000000004,3
Raja Rajeshwari Nagar,1485.0,2.0,62.99999999999999,3
Haralur Road,1735.0,3.0,97.0,3
other,1684.0,3.0,85.99999999999997,3
other,1686.0,3.0,77.00000000000001,3
other,1654.0,3.0,82.00000000000001,3
Green Glen Layout,1600.0,3.0,104.99999999999997,3
KR Puram,1100.0,2.0,39.9,2
Bannerghatta Road,1655.0,3.0,95.0,3
Hennur,1830.0,3.0,121.00000000000003,3
Hebbal,1430.0,3.0,85.00000000000001,3
Judicial Layout,1989.0,4.0,155.00000000000003,3
Sarjapur  Road,1044.0,2.0,55.000000000000014,2
Banashankari,1426.0,3.0,85.00000000000001,3
Choodasandra,1115.0,2.0,49.99999999999999,2
Yelahanka,1000.0,2.0,29.000000000000004,2
Kathriguppe,754.0,2.0,69.99,2
Electronic City Phase II,1140.0,2.0,33.059999999999995,2
Kodichikkanahalli,900.0,2.0,34.99999999999999,2
other,1200.0,2.0,49.99999999999999,2
Malleshwaram,580.0,1.0,44.99999999999999,1
TC Palaya,1200.0,2.0,65.99999999999997,3
Munnekollal,1030.0,2.0,50.35999999999999,2
Koramangala,1910.0,4.0,149.99999999999997,3
other,1950.0,3.0,131.99999999999997,3
Kundalahalli,1724.0,3.0,125.00000000000004,3
Kothanur,1400.0,2.0,64.99999999999999,2
Kaggadasapura,1400.0,2.0,68.00000000000001,3
Hulimavu,1115.0,2.0,44.6,2
Bharathi Nagar,1300.0,2.0,55.86000000000001,2
other,2400.0,4.0,149.99999999999997,4
Kanakpura Road,1332.0,2.0,108.00000000000003,2
Abbigere,1000.0,2.0,41.00000000000001,2
Whitefield,1200.0,3.0,67.75,3
Whitefield,2444.0,4.0,144.99999999999997,4
Electronic City,1070.0,2.0,48.00000000000001,2
Sarjapur  Road,1600.0,3.0,85.00000000000001,3
Marathahalli,1196.0,2.0,57.95000000000003,2
Electronic City,1025.0,2.0,54.00000000000001,2
Choodasandra,1220.0,3.0,56.00000000000002,3
other,1600.0,3.0,101.99999999999996,3
Whitefield,1270.0,2.0,110.00000000000004,2
Jalahalli,2086.0,3.0,159.99999999999994,3
Old Madras Road,1165.0,2.0,51.42000000000001,2
Marathahalli,1310.0,3.0,63.24999999999999,3
Electronics City Phase 1,1900.0,3.0,85.00000000000001,3
Chandapura,740.0,1.0,22.000000000000004,2
Yeshwanthpur,2503.0,3.0,138.00000000000006,3
5th Phase JP Nagar,1075.0,2.0,59.999999999999986,2
Bellandur,1260.0,2.0,83.50000000000001,2
Yelahanka,1282.0,2.0,48.72,3
Green Glen Layout,1717.0,3.0,125.00000000000004,3
other,1088.0,2.0,46.0,2
Raja Rajeshwari Nagar,1335.0,2.0,56.00000000000002,3
Vidyaranyapura,1200.0,2.0,42.00000000000001,2
Garudachar Palya,1325.0,2.0,59.999999999999986,3
JP Nagar,1157.0,2.0,72.99999999999999,2
KR Puram,2283.0,2.0,121.00000000000003,4
Sahakara Nagar,1200.0,2.0,54.00000000000001,2
Pai Layout,1510.0,2.0,64.99999999999999,3
Bommanahalli,1050.0,2.0,54.00000000000001,2
other,1200.0,2.0,44.99999999999999,2
Channasandra,1050.0,2.0,44.40999999999999,2
Hegde Nagar,1000.0,2.0,65.99999999999997,2
9th Phase JP Nagar,1050.0,2.0,34.99999999999999,2
BEML Layout,1194.0,2.0,64.99999999999999,2
Hormavu,1210.0,2.0,69.00000000000001,2
Whitefield,1660.0,3.0,110.00000000000004,3
Malleshwaram,1410.0,2.0,125.00000000000004,2
Electronics City Phase 1,1305.0,2.0,66.99999999999997,2
other,1800.0,6.0,101.00000000000003,6
Bannerghatta Road,1206.0,2.0,53.00000000000001,2
Kambipura,883.0,2.0,48.99999999999999,2
Bannerghatta Road,1150.0,2.0,55.000000000000014,2
other,1100.0,2.0,64.99999999999999,2
Cooke Town,1850.0,3.0,110.00000000000004,3
Sompura,2150.0,3.0,85.00000000000001,4
other,1035.0,2.0,55.000000000000014,2
other,1200.0,3.0,74.99999999999997,3
Hennur Road,1155.0,2.0,69.17999999999999,2
Electronics City Phase 1,755.0,1.0,30.120000000000005,1
Ramamurthy Nagar,960.0,2.0,34.99999999999999,2
other,450.0,1.0,19.999999999999996,1
Raja Rajeshwari Nagar,1571.0,3.0,53.12,3
Sarjapur  Road,1691.0,3.0,119.00000000000003,3
Kanakapura,1489.0,2.0,70.00000000000003,3
Kengeri Satellite Town,800.0,2.0,32.0,2
Jalahalli,980.0,2.0,59.999999999999986,3
Bannerghatta Road,1215.0,2.0,64.99999999999999,2
Electronic City Phase II,911.0,2.0,26.5,2
Bellandur,1535.0,3.0,90.0,3
R.T. Nagar,1500.0,2.0,70.00000000000003,3
Brookefield,1588.0,2.0,57.999999999999986,2
Kannamangala,957.0,2.0,56.00000000000002,2
Electronic City Phase II,1200.0,2.0,34.650000000000006,2
other,1495.0,2.0,52.330000000000005,3
Bisuvanahalli,845.0,2.0,34.00000000000001,2
Kasavanhalli,1181.0,2.0,61.00000000000001,2
Sarjapur  Road,1309.0,2.0,69.49999999999997,2
Horamavu Agara,1400.0,3.0,62.99999999999999,3
Kanakpura Road,1622.0,3.0,95.0,3
CV Raman Nagar,1225.0,2.0,48.00000000000001,2
other,1719.0,3.0,95.0,3
Abbigere,995.0,2.0,40.8,2
Mahadevpura,1120.0,2.0,53.00000000000001,2
Bellandur,1047.0,2.0,74.99999999999997,2
Devanahalli,1466.0,3.0,59.95999999999999,3
Sarjapur  Road,1691.0,3.0,100.00000000000004,3
Chandapura,876.0,2.0,28.470000000000006,2
CV Raman Nagar,1659.0,3.0,135.00000000000003,3
Whitefield,1270.0,2.0,104.99999999999997,2
8th Phase JP Nagar,1269.0,2.0,50.75000000000001,3
Kammanahalli,1200.0,3.0,79.99999999999997,2
Budigere,1153.0,2.0,56.50000000000001,2
Whitefield,1315.0,2.0,69.49999999999997,2
Tumkur Road,1354.0,3.0,85.85999999999997,3
Yelahanka,1180.0,2.0,55.000000000000014,2
Jalahalli,1313.0,2.0,68.00000000000001,2
Nehru Nagar,1100.0,2.0,49.99999999999999,2
Vishwapriya Layout,890.0,2.0,36.99999999999999,2
Whitefield,1173.0,2.0,78.19999999999999,2
other,1190.0,2.0,55.000000000000014,2
Green Glen Layout,1250.0,2.0,74.99999999999997,2
Hoodi,1644.0,3.0,80.50999999999999,3
Yelahanka New Town,1740.0,3.0,149.99999999999997,3
Jakkur,1710.0,3.0,110.00000000000004,3
Hebbal,1662.0,3.0,155.00000000000003,3
other,1162.0,2.0,48.00000000000001,2
Whitefield,1362.0,2.0,85.00000000000001,2
other,540.0,1.0,22.499999999999996,1
Thanisandra,1533.0,3.0,75.88500000000003,3
Begur Road,1410.0,2.0,54.98999999999998,3
other,970.0,2.0,44.99999999999999,2
Haralur Road,1810.0,3.0,97.83000000000004,3
other,1084.0,2.0,51.0,2
other,1500.0,3.0,85.00000000000001,3
Uttarahalli,1328.0,2.0,56.00000000000002,3
Marathahalli,1485.0,2.0,90.0,3
Pai Layout,1500.0,2.0,57.999999999999986,3
R.T. Nagar,1100.0,2.0,85.00000000000001,2
other,1360.0,2.0,72.99999999999999,3
1st Phase JP Nagar,900.0,2.0,74.99999999999997,2
Electronic City Phase II,1031.0,2.0,54.48,2
Whitefield,955.0,2.0,38.18999999999999,2
Uttarahalli,1040.0,2.0,36.400000000000006,2
Kothannur,1404.0,2.0,56.15000000000002,3
Haralur Road,1200.0,2.0,46.0,2
Yelahanka,1267.0,3.0,78.0,2
Bannerghatta Road,1510.0,2.0,110.00000000000004,3
Kanakpura Road,900.0,2.0,42.00000000000001,2
Whitefield,1457.0,2.0,104.99999999999997,3
8th Phase JP Nagar,1408.0,3.0,79.99999999999997,3
Dodda Nekkundi,1005.0,2.0,44.99999999999999,2
other,1182.0,2.0,63.99999999999998,2
Talaghattapura,2038.5,3.0,122.00000000000003,3
Sarjapur  Road,1367.0,2.0,79.99999999999997,2
Sarjapur  Road,1565.0,3.0,78.0,3
Whitefield,1720.0,3.0,127.99999999999997,3
Doddathoguru,1107.0,2.0,43.99999999999999,2
Yelahanka,1360.0,2.0,78.19,2
Anekal,625.0,1.0,24.999999999999996,2
Jalahalli,1701.0,2.0,144.99999999999997,2
other,1350.0,1.0,119.99999999999997,3
Hosa Road,1016.0,2.0,39.95,2
other,1500.0,3.0,90.0,3
Akshaya Nagar,900.0,2.0,44.99999999999999,2
Kereguddadahalli,1280.0,3.0,42.00000000000001,3
Electronic City,1500.0,2.0,70.00000000000003,3
Electronic City,1500.0,2.0,64.49999999999999,3
Gottigere,1245.0,2.0,59.000000000000014,2
Yelahanka,1025.0,2.0,43.99999999999999,2
other,1945.0,3.0,135.00000000000003,3
Hegde Nagar,1348.0,2.0,80.5,3
Tindlu,1100.0,2.0,55.000000000000014,2
Kammasandra,1616.0,3.0,40.0,3
Yeshwanthpur,1855.0,3.0,135.00000000000003,3
Hennur,1255.0,2.0,56.50000000000001,2
Kothanur,1195.0,2.0,59.000000000000014,2
Bannerghatta Road,1022.0,2.0,34.99999999999999,2
Dodda Nekkundi,1264.0,2.0,52.00000000000001,2
Chamrajpet,1650.0,3.0,115.00000000000001,3
Abbigere,1020.0,2.0,40.8,2
Bommasandra,950.0,2.0,24.999999999999996,2
Hennur Road,1936.0,3.0,130.99999999999994,3
other,1075.0,2.0,57.999999999999986,2
Hosur Road,1223.0,2.0,93.00000000000003,2
Whitefield,1500.0,3.0,61.89999999999999,3
Hennur,1050.0,2.0,42.73,2
Uttarahalli,1650.0,2.0,129.99999999999997,3
Whitefield,1495.0,2.0,78.0,2
JP Nagar,1500.0,2.0,82.00000000000001,3
Whitefield,1270.0,2.0,52.00000000000001,2
Kumaraswami Layout,1081.0,2.0,59.999999999999986,2
Koramangala,1600.0,2.0,139.99999999999994,3
Kanakpura Road,1596.0,3.0,118.00000000000004,3
Horamavu Agara,1557.0,3.0,70.00000000000003,3
other,1410.0,3.0,68.00000000000001,3
Sarjapur  Road,1984.0,4.0,147.99999999999994,3
Kadugodi,1196.0,2.0,59.999999999999986,2
Thanisandra,2259.0,3.0,111.99999999999996,4
Kenchenahalli,1720.0,3.0,100.00000000000004,3
other,1256.0,2.0,62.799999999999976,2
Haralur Road,1243.0,2.0,46.0,2
Electronic City Phase II,1310.0,2.0,37.83,3
7th Phase JP Nagar,1140.0,2.0,57.00000000000001,2
Kothanur,1790.0,3.0,119.99999999999997,3
Harlur,1335.0,2.0,72.76000000000002,2
Nehru Nagar,1674.0,3.0,81.00000000000003,3
other,1786.0,3.0,79.99,3
Sarjapur  Road,1035.0,2.0,46.99999999999999,2
Whitefield,1564.0,3.0,103.00000000000001,3
Margondanahalli,1334.0,2.0,67.76000000000002,2
Bommasandra,1365.0,3.0,53.96,3
Choodasandra,1115.0,2.0,49.99999999999999,2
Jalahalli East,1020.0,2.0,42.47999999999999,2
other,1369.0,2.0,72.0,3
Whitefield,1240.0,2.0,41.00000000000001,2
other,1418.0,2.0,62.00000000000001,2
KR Puram,1020.0,2.0,38.99999999999999,2
Yelahanka New Town,1290.0,2.0,70.00000000000003,2
Attibele,1500.0,3.0,90.0,3
Billekahalli,1290.0,3.0,62.00000000000001,3
Jalahalli,1881.0,3.0,115.00000000000001,3
Jigani,943.0,2.0,49.500000000000014,2
Electronic City,1140.0,2.0,32.93000000000001,2
other,1035.0,2.0,59.999999999999986,2
Whitefield,1500.0,3.0,71.0,3
other,1232.0,2.0,94.28000000000002,2
Uttarahalli,1290.0,2.0,56.11999999999999,3
Anandapura,1576.0,3.0,58.7,3
other,980.0,2.0,41.00000000000001,2
Sarjapur  Road,1346.0,2.0,74.02999999999999,2
Hoodi,1181.0,2.0,55.000000000000014,2
other,1307.0,2.0,59.000000000000014,2
other,1215.0,2.0,49.85999999999999,3
Sanjay nagar,1180.0,2.0,79.99999999999997,2
Amruthahalli,600.0,1.0,55.000000000000014,1
Sarjapur  Road,1115.0,2.0,49.99999999999999,2
other,1025.0,2.0,43.03999999999999,2
Ramagondanahalli,1910.0,3.0,130.99999999999994,3
Gottigere,1200.0,2.0,49.99999999999999,2
Hebbal,1349.0,2.0,98.00000000000004,2
Electronics City Phase 1,1175.0,2.0,59.999999999999986,2
2nd Phase Judicial Layout,1150.0,2.0,40.25,2
Old Madras Road,935.0,2.0,32.71999999999999,2
Whitefield,1404.0,2.0,59.000000000000014,3
HSR Layout,1203.0,2.0,59.999999999999986,2
Somasundara Palya,1571.0,3.0,62.99999999999999,3
other,1125.0,2.0,46.0,2
Kammasandra,610.0,1.0,18.499999999999996,1
Ambalipura,1198.0,2.0,79.99999999999997,2
Chandapura,1200.0,3.0,64.99999999999999,3
other,1200.0,2.0,44.99999999999999,2
other,1830.0,3.0,95.0,3
Kudlu Gate,1432.0,2.0,61.11000000000002,3
Somasundara Palya,2300.0,2.0,70.00000000000003,3
9th Phase JP Nagar,1331.95,2.0,69.00000000000001,2
Yeshwanthpur,1876.0,3.0,159.99999999999994,3
Whitefield,1639.0,3.0,106.99999999999996,3
Kanakpura Road,1665.0,3.0,74.90000000000003,3
Kogilu,1140.0,2.0,50.65999999999999,2
Electronic City,2093.0,4.0,133.99999999999997,4
Kanakpura Road,1450.0,3.0,60.89999999999999,3
TC Palaya,1330.0,3.0,46.56000000000001,3
Talaghattapura,1800.0,3.0,83.99999999999999,3
other,1486.0,2.0,64.99999999999999,3
Chikkalasandra,1425.0,1.0,54.00000000000001,3
Raja Rajeshwari Nagar,1255.0,2.0,42.54,2
Electronic City,750.0,2.0,19.499999999999996,2
Nagarbhavi,1225.0,2.0,57.999999999999986,2
Badavala Nagar,1274.0,2.0,90.0,2
Kathriguppe,1350.0,3.0,80.99,3
other,1100.0,2.0,64.08000000000001,2
Whitefield,1760.0,3.0,138.99999999999997,3
Bommasandra,1200.0,3.0,110.00000000000004,3
Chandapura,1095.0,2.0,27.999999999999996,3
HSR Layout,1140.0,2.0,46.0,2
Raja Rajeshwari Nagar,1530.0,3.0,64.85999999999999,3
Kundalahalli,1724.0,3.0,139.99999999999994,3
Horamavu Agara,1058.0,2.0,46.99999999999999,2
other,1464.0,3.0,56.00000000000002,3
other,1975.0,3.0,90.0,3
Sarjapur  Road,1112.0,2.0,57.999999999999986,2
other,1600.0,2.0,90.0,2
Vittasandra,1648.0,3.0,85.00000000000001,3
other,1100.0,2.0,32.0,2
Hoskote,509.0,1.0,23.0,1
Talaghattapura,2265.0,3.0,159.0,3
Malleshpalya,1200.0,2.0,46.0,2
other,530.0,1.0,17.999999999999996,1
other,1010.0,2.0,41.00000000000001,2
Kaggadasapura,1150.0,2.0,44.99999999999999,2
Sarjapur  Road,1340.0,2.0,74.99999999999997,2
Raja Rajeshwari Nagar,1850.0,3.0,98.00000000000004,3
Doddathoguru,907.0,2.0,40.0,2
Pai Layout,1600.0,2.0,64.99999999999999,3
other,1800.0,5.0,139.99999999999994,6
Hosur Road,1464.0,3.0,56.00000000000002,3
Hennur,1295.0,2.0,62.00000000000001,2
other,1012.0,2.0,62.00000000000001,2
Yelahanka New Town,1000.0,2.0,48.00000000000001,3
Channasandra,1010.0,2.0,32.0,2
Bharathi Nagar,1379.0,2.0,85.00000000000001,2
Kasavanhalli,1121.0,2.0,74.99999999999997,2
LB Shastri Nagar,1200.0,2.0,74.99999999999997,2
Bannerghatta Road,1246.0,2.0,47.35000000000001,2
7th Phase JP Nagar,1420.0,3.0,90.0,3
other,1090.0,2.0,55.000000000000014,2
Electronic City,1355.0,2.0,72.99999999999999,2
Ambedkar Nagar,1425.0,2.0,94.0,2
Electronics City Phase 1,1700.0,3.0,110.99999999999997,3
Talaghattapura,2099.0,3.0,133.99999999999997,3
Devanahalli,1520.0,2.0,69.75999999999999,3
other,1490.0,3.0,139.99999999999994,3
Horamavu Banaswadi,1000.0,2.0,49.99999999999999,2
Sahakara Nagar,1291.0,2.0,72.3,2
Kanakpura Road,1339.0,2.0,66.99999999999997,2
other,1330.0,2.0,56.00000000000002,2
other,1650.0,1.0,129.99999999999997,2
Jakkur,1125.0,2.0,44.75000000000001,2
CV Raman Nagar,1310.0,2.0,62.00000000000001,2
Bellandur,1096.0,2.0,40.0,2
Dasanapura,814.0,2.0,43.7,2
Raja Rajeshwari Nagar,1140.0,2.0,43.99999999999999,2
other,1480.0,2.0,74.99999999999997,3
other,1500.0,2.0,78.0,3
Sarjapur  Road,1850.0,3.0,88.99999999999999,3
other,745.0,2.0,36.0,2
Whitefield,613.0,1.0,48.00000000000001,1
Bannerghatta Road,1470.0,2.0,85.00000000000001,3
Bannerghatta Road,1160.0,2.0,44.99999999999999,2
Attibele,520.0,1.0,15.0,1
Electronic City,1360.0,2.0,64.99000000000001,3
other,1155.0,2.0,63.99999999999998,2
Chandapura,520.0,1.0,14.039999999999997,1
Ambalipura,1615.0,2.0,149.99999999999997,3
Raja Rajeshwari Nagar,1140.0,2.0,38.99999999999999,2
other,1508.0,3.0,77.00000000000001,3
Ambedkar Nagar,2395.0,4.0,149.99999999999997,3
Uttarahalli,1590.0,3.0,57.00000000000001,3
Thigalarapalya,2215.0,4.0,152.0,3
R.T. Nagar,1667.0,3.0,129.99999999999997,3
7th Phase JP Nagar,1530.0,2.0,108.00000000000003,2
Whitefield,1730.0,3.0,125.00000000000004,3
JP Nagar,1048.0,2.0,43.99999999999999,2
Malleshpalya,1225.0,2.0,52.00000000000001,2
other,1200.0,2.0,70.00000000000003,2
Kundalahalli,1175.0,2.0,64.99999999999999,2
Devanahalli,1075.0,2.0,52.56999999999999,1
Electronic City Phase II,1651.0,3.0,49.52999999999999,3
8th Phase JP Nagar,1500.0,2.0,55.000000000000014,3
Doddathoguru,1783.0,3.0,85.00000000000001,3
Kereguddadahalli,1015.0,2.0,34.99999999999999,2
Sarjapur  Road,1132.0,2.0,70.00000000000003,2
KR Puram,1200.0,2.0,74.99999999999997,2
Hoodi,1490.0,3.0,85.00000000000001,3
Thanisandra,1917.0,4.0,129.99999999999997,4
Bhoganhalli,1703.0,3.0,119.99999999999997,3
Old Madras Road,1211.0,2.0,44.99999999999999,2
Kudlu Gate,1310.0,2.0,53.00000000000001,2
Marathahalli,1146.0,2.0,69.00000000000001,2
Kudlu,1041.0,2.0,53.00000000000001,2
Whitefield,1453.0,2.0,57.999999999999986,3
Whitefield,877.0,1.0,59.000000000000014,1
Kanakapura,1477.0,2.0,69.49999999999997,3
Frazer Town,1420.0,2.0,119.99999999999997,2
Sarjapur  Road,1380.0,2.0,55.000000000000014,3
other,1095.0,2.0,57.00000000000001,2
Hoodi,1258.5,2.0,59.135000000000005,2
Varthur,1665.0,3.0,71.57999999999998,3
KR Puram,1245.0,2.0,59.999999999999986,2
Shivaji Nagar,1226.0,2.0,59.999999999999986,3
Uttarahalli,1075.0,2.0,46.75999999999999,2
Thanisandra,1226.0,2.0,65.59000000000003,2
Raja Rajeshwari Nagar,510.0,1.0,22.000000000000004,1
Budigere,1153.0,2.0,59.999999999999986,2
Kothannur,1600.0,4.0,44.99999999999999,4
LB Shastri Nagar,1000.0,2.0,49.500000000000014,2
other,1256.0,2.0,64.99999999999999,2
Sarjapur,1425.0,3.0,57.00000000000001,3
Hosur Road,1919.0,3.0,117.00000000000003,3
Neeladri Nagar,2111.0,3.0,103.00000000000001,3
Bannerghatta Road,970.0,2.0,57.00000000000001,2
other,1353.0,2.0,110.00000000000004,2
Jalahalli,1405.0,2.0,85.00000000000001,3
Gubbalala,1285.0,2.0,90.0,2
Mahadevpura,1050.0,2.0,42.00000000000001,2
Hebbal,1349.0,2.0,96.80000000000003,2
other,812.0,1.0,26.000000000000004,1
other,1440.0,2.0,63.92999999999999,3
Sultan Palaya,2200.0,3.0,79.99999999999997,4
Haralur Road,1810.0,3.0,111.99999999999996,3
Electronic City,1060.0,2.0,52.00000000000001,2
Kenchenahalli,1015.0,2.0,59.999999999999986,2
Kothanur,1454.0,3.0,71.49999999999997,3
other,1075.0,2.0,48.00000000000001,2
Raja Rajeshwari Nagar,1187.0,2.0,40.13999999999999,2
Billekahalli,1805.0,3.0,133.99999999999997,3
Bannerghatta Road,1527.0,3.0,142.00000000000003,3
Yeshwanthpur,1675.0,3.0,92.12999999999997,3
Rachenahalli,1050.0,2.0,52.71,2
Bellandur,1262.0,2.0,46.99999999999999,2
Uttarahalli,1345.0,2.0,57.00000000000001,3
Green Glen Layout,1715.0,3.0,111.99999999999996,3
Raja Rajeshwari Nagar,1141.0,2.0,59.999999999999986,2
Doddathoguru,550.0,1.0,17.0,1
